stock_id,start_date,end_date,SD_close,ED_close,combination,return,RT_%_Rank,remark,RT_rank,start_date2,SD_close2,end_date2,ED_close2,return2,avg_monthly_return,annualized_return
1303,2010-01-04,2010-03-31,29.66,33.37,201001-201004,0.12508429,67.36448371223527,winner,7.0,2010-04-08,34.5,2010-10-07,35.29,0.022898550724637656,0.0037805137907589437,0.04632144507456393
1314,2010-01-04,2010-03-31,7.15,7.74,201001-201004,0.08251748,60.31095453249642,winner,11.0,2010-04-08,7.83,2010-10-07,12.31,0.5721583652618136,0.0783242743802397,1.4716819254627005
1326,2010-01-04,2010-03-31,35.16,37.92,201001-201004,0.07849829,59.64495503796267,winner,12.0,2010-04-08,38.63,2010-10-07,41.8,0.0820605746828888,0.013231296201596132,0.17085508728306342
1802,2010-01-04,2010-03-31,17.97,23.29,201001-201004,0.29604897,95.69416965968388,winner,1.0,2010-04-08,23.56,2010-10-07,25.75,0.09295415959252977,0.014924316532527682,0.1945487949706124
2014,2010-01-04,2010-03-31,14.37,12.03,201001-201004,-0.16283925,19.65414105504048,loser,138.0,2010-04-08,12.27,2010-10-07,11.94,-0.026894865525672378,-0.004533550753039628,-0.05306639725970108
2101,2010-01-04,2010-03-31,26.65,29.08,201001-201004,0.09118199,61.74670633332761,winner,10.0,2010-04-08,29.96,2010-10-07,28.9,-0.03538050734312424,-0.005985608362448103,-0.069509234386392
2315,2010-01-04,2010-03-31,15.79,13.77,201001-201004,-0.12792907,25.43892909294925,loser,130.0,2010-04-08,14.61,2010-10-07,13.88,-0.04996577686516076,-0.008506491750673528,-0.09743497487258201
2337,2010-01-04,2010-03-31,25.17,29.37,201001-201004,0.16686532,74.28780529223022,winner,4.0,2010-04-08,29.93,2010-10-07,28.06,-0.062479117941864386,-0.01069510415200503,-0.12105459570493537
2352,2010-01-04,2010-03-31,12.14,10.45,201001-201004,-0.13920923,23.56975125904244,loser,131.0,2010-04-08,10.33,2010-10-07,12.55,0.21490803484995166,0.03297679935966391,0.47600153314297033
2362,2010-01-04,2010-03-31,28.41,36.47,201001-201004,0.28370292,93.64836862527432,winner,2.0,2010-04-08,37.01,2010-10-07,40.56,0.09592002161577964,0.015382818172382295,0.20104069377833245
2374,2010-01-04,2010-03-31,41.68,35.5,201001-201004,-0.14827255,22.06791468530551,loser,134.0,2010-04-08,35.43,2010-10-07,36.9,0.041490262489415716,0.006798443907056528,0.08470196686027176
2385,2010-01-04,2010-03-31,25.27,27.73,201001-201004,0.09734863,62.76854882471808,winner,9.0,2010-04-08,29.04,2010-10-07,23.26,-0.19903581267217624,-0.03631407411200627,-0.3584563706182794
2392,2010-01-04,2010-03-31,36.03,30.52,201001-201004,-0.15292812,21.296463903738445,loser,135.0,2010-04-08,31.49,2010-10-07,29.42,-0.0657351540171482,-0.011268581822382884,-0.12714919756063836
2393,2010-01-04,2010-03-31,52.35,43.93,201001-201004,-0.1608405,19.98534373261963,loser,137.0,2010-04-08,46.11,2010-10-07,38.61,-0.16265452179570591,-0.02915302915931417,-0.2988525501308218
2475,2010-01-04,2010-03-31,4.37,3.63,201001-201004,-0.16933638,18.577534749809782,loser,139.0,2010-04-08,3.76,2010-10-07,4.47,0.18882978723404256,0.029247797616021698,0.41331626301493873
2618,2010-01-04,2010-03-31,8.13,8.68,201001-201004,0.06765068,57.84745286043452,winner,14.0,2010-04-08,8.59,2010-10-07,16.63,0.9359720605355063,0.11639148211046968,2.7479878191740923
2707,2010-01-04,2010-03-31,118.41,100.12,201001-201004,-0.15446331,21.042075391622003,loser,136.0,2010-04-08,101.27,2010-10-07,173.7,0.7152167473091735,0.09409030101046323,1.9419684902498577
2845,2010-01-04,2010-03-31,4.51,3.87,201001-201004,-0.14190687,23.12273908085876,loser,132.0,2010-04-08,4.11,2010-10-07,5.7,0.38686131386861305,0.05602007028524292,0.9233843039053748
2855,2010-01-04,2010-03-31,8.97,7.38,201001-201004,-0.17725753,17.264961346679783,loser,141.0,2010-04-08,7.62,2010-10-07,8.02,0.052493438320209904,0.008563467188916762,0.10774243770709635
2885,2010-01-04,2010-03-31,10.55,8.61,201001-201004,-0.18388626,16.166548276036004,loser,143.0,2010-04-08,8.93,2010-10-07,9.32,0.043673012318029183,0.00714981101760559,0.08925335664099032
2915,2010-01-04,2010-03-31,37.16,46.89,201001-201004,0.26184069,90.02568989414175,winner,3.0,2010-04-08,50.65,2010-10-07,60.79,0.2001974333662389,0.030881586287882623,0.4404738790589071
3008,2010-01-04,2010-03-31,290.98,334.0,201001-201004,0.14784521,71.13607978386247,winner,5.0,2010-04-08,334.7,2010-10-07,426.64,0.2746937556020317,0.04128027844250526,0.624844170570811
3035,2010-01-04,2010-03-31,60.17,51.45,201001-201004,-0.14492272,22.62299794506034,loser,133.0,2010-04-08,52.06,2010-10-07,53.0,0.01805608912792927,0.00298695441604524,0.03643820061045422
3514,2010-01-04,2010-03-31,75.03,85.02,201001-201004,0.13314674,68.70047121835061,winner,6.0,2010-04-08,80.98,2010-10-07,72.49,-0.1048407014077551,-0.018289608910536215,-0.19868983014384045
3532,2010-01-04,2010-03-31,128.6,142.41,201001-201004,0.10738725,64.43199739167224,winner,8.0,2010-04-08,150.73,2010-10-07,89.55,-0.40589132886618456,-0.08312320411615237,-0.6470348868836119
6005,2010-01-04,2010-03-31,7.83,6.46,201001-201004,-0.17496807,17.64433609700392,loser,140.0,2010-04-08,6.66,2010-10-07,6.3,-0.0540540540540541,-0.00921888495569545,-0.1051862673484294
6116,2010-01-04,2010-03-31,11.72,9.58,201001-201004,-0.18259386,16.380705294424143,loser,142.0,2010-04-08,9.58,2010-10-07,8.49,-0.1137787056367432,-0.019930147643871243,-0.21461181741711366
8008,2010-01-04,2010-03-31,25.88,27.79,201001-201004,0.07380216,58.866783265474965,winner,13.0,2010-04-08,26.82,2010-10-07,26.44,-0.0141685309470544,-0.002375484538740036,-0.02813631462491173
4938,2010-06-25,2010-08-31,16.06,18.51,201006-201009,0.1525529265255294,,winner,1.0,2010-09-08,19.29,2011-03-07,16.25,-0.15759460860549504,-0.02817770925676133,-0.2903531565494709
2723,2010-11-23,2011-01-28,172.25,158.69,201011-201102,-0.0787227866473149,,winner,1.0,2011-02-08,154.17,2011-08-04,124.53,-0.19225530258805207,-0.03495917530688453,-0.34754850380288016
1304,2011-01-03,2011-03-31,14.37,18.42,201101-201104,0.2818371607515659,84.67317591587567,winner,7.0,2011-04-08,18.98,2011-10-07,16.44,-0.13382507903055843,-0.02366033327246242,-0.24974100628358187
1314,2011-01-03,2011-03-31,16.67,21.09,201101-201104,0.2651469706058786,82.48737959288167,winner,9.0,2011-04-08,21.26,2011-10-07,19.89,-0.06444026340545629,-0.01104031673431316,-0.12472797926314783
1590,2011-01-03,2011-03-31,96.11,129.49,201101-201104,0.3473103735303299,93.24774016572678,winner,3.0,2011-04-08,138.16,2011-10-07,112.3,-0.1871742906774754,-0.033950073169519146,-0.3393143662643344
1704,2011-01-03,2011-03-31,44.05,59.44,201101-201104,0.3493757094211124,93.51822262017542,winner,2.0,2011-04-08,61.27,2011-10-07,34.99,-0.42892116859800883,-0.08914479650041074,-0.6738689683245362
1722,2011-01-03,2011-03-31,64.87,48.37,201101-201104,-0.2543548635733005,14.45189353636628,loser,140.0,2011-04-08,52.73,2011-10-07,39.93,-0.24274606485871417,-0.045285343428304814,-0.42656647771303735
1723,2011-01-03,2011-03-31,66.78,85.58,201101-201104,0.2815214135968852,84.63182474110342,winner,8.0,2011-04-08,89.4,2011-10-07,75.83,-0.1517897091722596,-0.027064784835668432,-0.28053930253391945
2049,2011-01-03,2011-03-31,82.75,108.79,201101-201104,0.3146827794561934,88.9747346137908,winner,5.0,2011-04-08,115.74,2011-10-07,129.73,0.12087437359599097,0.019200176053677298,0.2563593613842059
2106,2011-01-03,2011-03-31,12.15,14.53,201101-201104,0.1958847736625513,73.41659884804204,winner,14.0,2011-04-08,14.75,2011-10-07,15.0,0.01694915254237288,0.0028051133745343737,0.03418557885665008
2324,2011-01-03,2011-03-31,16.55,12.44,201101-201104,-0.2483383685800604,15.239831392001454,loser,139.0,2011-04-08,12.69,2011-10-07,12.63,-0.004728132387706755,-0.0007895790122934843,-0.009433909539538265
2353,2011-01-03,2011-03-31,52.22,34.81,201101-201104,-0.3333971658368441,4.100281473200009,loser,144.0,2011-04-08,33.71,2011-10-07,21.12,-0.3734796796202907,-0.07496990950565385,-0.6074722881513064
2379,2011-01-03,2011-03-31,33.71,25.95,201101-201104,-0.2301987540789083,17.615448585757186,loser,134.0,2011-04-08,26.78,2011-10-07,26.42,-0.01344286781179983,-0.002253131408365028,-0.0267050249285935
2450,2011-01-03,2011-03-31,27.07,35.68,201101-201104,0.3180642777983006,89.41758556862538,winner,4.0,2011-04-08,39.33,2011-10-07,43.99,0.11848461734045268,0.018837690214563052,0.2510078392272175
2474,2011-01-03,2011-03-31,58.37,79.37,201101-201104,0.3597738564330993,94.87999449373466,winner,1.0,2011-04-08,85.64,2011-10-07,94.92,0.10836057916861282,0.01729484822623828,0.22846317345498246
2498,2011-01-03,2011-03-31,733.93,916.41,201101-201104,0.2486340659190931,80.32480109429859,winner,11.0,2011-04-08,924.38,2011-10-07,599.68,-0.3512624678162661,-0.06958185643919379,-0.5791396143361586
2501,2011-01-03,2011-03-31,11.41,8.3,201101-201104,-0.2725679228746713,12.06665779585585,loser,142.0,2011-04-08,8.53,2011-10-07,7.07,-0.17116060961313004,-0.03080373809324588,-0.3130252649431219
2511,2011-01-03,2011-03-31,9.25,6.67,201101-201104,-0.2789189189189189,11.23491270010252,loser,143.0,2011-04-08,7.16,2011-10-07,9.06,0.26536312849162014,0.04000604244574535,0.6011438469461006
2545,2011-01-03,2011-03-31,29.8,21.82,201101-201104,-0.2677852348993289,12.693012660556564,loser,141.0,2011-04-08,22.94,2011-10-07,18.35,-0.20008718395815167,-0.03652501702246347,-0.360139486732
2547,2011-01-03,2011-03-31,21.54,16.31,201101-201104,-0.2428040854224698,15.964617369313702,loser,137.0,2011-04-08,17.24,2011-10-07,13.41,-0.22215777262180966,-0.04100740718346485,-0.39496146930733544
2607,2011-01-03,2011-03-31,20.84,16.06,201101-201104,-0.2293666026871401,17.724429576172763,loser,133.0,2011-04-08,16.98,2011-10-07,12.11,-0.28680800942285045,-0.05477671964239794,-0.49135718457660316
2609,2011-01-03,2011-03-31,32.01,24.5,201101-201104,-0.2346141830677912,17.037191036616246,loser,135.0,2011-04-08,25.67,2011-10-07,13.42,-0.47721075185040907,-0.10245870082984088,-0.7266914020191855
2610,2011-01-03,2011-03-31,20.83,13.71,201101-201104,-0.341814690350456,2.997897739404194,loser,145.0,2011-04-08,15.37,2011-10-07,12.25,-0.20299284320104094,-0.037109200809677945,-0.3647795920112392
2889,2011-01-03,2011-03-31,5.86,7.1,201101-201104,0.2116040955631398,75.47524741407675,winner,12.0,2011-04-08,6.88,2011-10-07,5.26,-0.2354651162790698,-0.04376151671037154,-0.4154864115738235
3231,2011-01-03,2011-03-31,19.5,15.2,201101-201104,-0.2205128205128205,18.883946894567032,loser,132.0,2011-04-08,15.4,2011-10-07,12.91,-0.1616883116883117,-0.0289664093596802,-0.2972335132400066
3406,2011-01-03,2011-03-31,292.32,219.91,201101-201104,-0.247707991242474,15.32238745964165,loser,138.0,2011-04-08,255.03,2011-10-07,161.52,-0.3666627455593459,-0.07329997976023028,-0.5988839221375739
3481,2011-01-03,2011-03-31,29.25,22.35,201101-201104,-0.2358974358974358,16.86913247694587,loser,136.0,2011-04-08,23.72,2011-10-07,9.34,-0.606239460370995,-0.1438720048563401,-0.8449526374310747
3532,2011-01-03,2011-03-31,85.83,111.37,201101-201104,0.2975649539787954,86.73293391172881,winner,6.0,2011-04-08,111.52,2011-10-07,46.38,-0.5841104734576756,-0.13603463909836677,-0.8270359017124014
3673,2011-01-03,2011-03-31,386.94,466.52,201101-201104,0.2056649609758618,74.69744090442512,winner,13.0,2011-04-08,470.55,2011-10-07,307.59,-0.3463181383487409,-0.06840373417494416,-0.5727000237481441
6176,2011-01-03,2011-03-31,18.88,23.79,201101-201104,0.2600635593220339,81.82164112043141,winner,10.0,2011-04-08,24.06,2011-10-07,31.37,0.303823773898587,0.04520902075426414,0.699956433383152
1789,2011-09-01,2011-11-30,41.87,27.6,201109-201112,-0.340816813947934,,winner,1.0,2011-12-08,27.67,2012-06-06,33.56,0.21286591976870256,0.03268721140273656,0.47104373933638155
1101,2012-01-02,2012-03-30,13.93,13.86,201201-201204,-0.0050251256281407,8.092375014460556,loser,136.0,2012-04-09,13.84,2012-10-08,15.39,0.11199421965317924,0.01784993900970977,0.23653114454208346
1216,2012-01-02,2012-03-30,22.83,21.54,201201-201204,-0.0565045992115637,3.0909482646453244,loser,141.0,2012-04-09,21.22,2012-10-08,29.49,0.38972667295004715,0.05638339369794099,0.9313402255088072
1234,2012-01-02,2012-03-30,16.78,25.01,201201-201204,0.4904648390941597,56.23111054001407,winner,12.0,2012-04-09,23.43,2012-10-08,28.48,0.21553563807084938,0.03306571693605864,0.4775268874203076
1402,2012-01-02,2012-03-30,18.19,17.91,201201-201204,-0.0153930731170973,7.085089463493986,loser,137.0,2012-04-09,17.3,2012-10-08,18.64,0.07745664739884392,0.012511506750284562,0.16091282702395615
1507,2012-01-02,2012-03-30,30.75,31.11,201201-201204,0.0117073170731707,9.717995493669134,loser,133.0,2012-04-09,30.68,2012-10-08,40.51,0.3204041720990873,0.04741264979432902,0.7434671776966764
2207,2012-01-02,2012-03-30,97.12,164.52,201201-201204,0.6939868204283361,76.00404547437442,winner,2.0,2012-04-09,138.94,2012-10-08,151.57,0.0909025478623866,0.014606544575998637,0.19006836893264767
2227,2012-01-02,2012-03-30,56.85,94.6,201201-201204,0.6640281442392258,73.09344608297899,winner,5.0,2012-04-09,88.83,2012-10-08,113.37,0.2762580209388721,0.041493140865810574,0.628834536010805
2337,2012-01-02,2012-03-30,18.01,16.72,201201-201204,-0.0716268739589118,1.6217617292220703,loser,144.0,2012-04-09,15.88,2012-10-08,14.81,-0.06738035264483629,-0.011558980274261721,-0.1302205933671302
2347,2012-01-02,2012-03-30,32.24,32.32,201201-201204,0.0024813895781637,8.821661530762364,loser,135.0,2012-04-09,32.02,2012-10-08,31.14,-0.027482823235477905,-0.004633820764398666,-0.05421034089796306
2450,2012-01-02,2012-03-30,42.46,65.84,201201-201204,0.5506358926048046,62.07695735321088,winner,7.0,2012-04-09,54.87,2012-10-08,52.81,-0.03754328412611619,-0.006357403046646226,-0.07367707006925805
2474,2012-01-02,2012-03-30,75.49,115.73,201201-201204,0.533050735196715,60.36849239546407,winner,8.0,2012-04-09,112.4,2012-10-08,78.07,-0.30542704626334527,-0.05893494970683988,-0.517568411937539
2511,2012-01-02,2012-03-30,6.6,9.4,201201-201204,0.4242424242424243,49.797350945714655,winner,14.0,2012-04-09,9.25,2012-10-08,10.29,0.11243243243243234,0.017916780128992338,0.23750591672753818
2610,2012-01-02,2012-03-30,10.64,9.99,201201-201204,-0.0610902255639098,2.64543721515653,loser,142.0,2012-04-09,9.61,2012-10-08,10.24,0.06555671175858489,0.010639096385713032,0.1354111059737686
2618,2012-01-02,2012-03-30,12.6,12.16,201201-201204,-0.0349206349206348,5.1879125274358815,loser,139.0,2012-04-09,11.79,2012-10-08,11.89,0.008481764206955168,0.001408657252439216,0.017035468737973236
2834,2012-01-02,2012-03-30,4.42,4.45,201201-201204,0.0067873303167421,9.24000005860582,loser,134.0,2012-04-09,4.26,2012-10-08,4.41,0.03521126760563389,0.005784252755747676,0.07166236857766206
2847,2012-01-02,2012-03-30,5.45,9.14,201201-201204,0.6770642201834863,74.3599504662181,winner,4.0,2012-04-09,9.14,2012-10-08,8.05,-0.11925601750547044,-0.02094231485792064,-0.22429003729967578
2891,2012-01-02,2012-03-30,7.39,7.52,201201-201204,0.0175913396481731,10.289650676883944,loser,131.0,2012-04-09,7.21,2012-10-08,7.88,0.0929264909847434,0.014920034279270578,0.19448831469622307
2912,2012-01-02,2012-03-30,111.21,109.21,201201-201204,-0.0179839942451218,6.833371616858197,loser,138.0,2012-04-09,105.89,2012-10-08,105.68,-0.001983190102936951,-0.00033080514329086874,-0.003962447162889293
3045,2012-01-02,2012-03-30,50.75,48.38,201201-201204,-0.0466995073891625,4.043550245811332,loser,140.0,2012-04-09,48.27,2012-10-08,62.99,0.30495131551688415,0.045359615267329456,0.7028979358692455
3149,2012-01-02,2012-03-30,134.96,227.86,201201-201204,0.6883521043272081,75.45661136376474,winner,3.0,2012-04-09,209.89,2012-10-08,193.53,-0.07794559054742954,-0.013434119926888477,-0.14981566600907148
3474,2012-01-02,2012-03-30,5.01,8.74,201201-201204,0.7445109780439123,80.91265964271732,winner,1.0,2012-04-09,7.8,2012-10-08,4.68,-0.4,-0.08161409783155471,-0.6400000000000001
5871,2012-01-02,2012-03-30,10.96,16.8,201201-201204,0.5328467153284671,60.34867108892147,winner,9.0,2012-04-09,15.88,2012-10-08,22.85,0.43891687657430734,0.06252531093256253,1.0704817776903615
6176,2012-01-02,2012-03-30,29.68,47.24,201201-201204,0.5916442048517521,66.06107093402075,winner,6.0,2012-04-09,44.9,2012-10-08,48.18,0.07305122494432074,0.011820348376861078,0.15143893135450837
6239,2012-01-02,2012-03-30,31.77,29.7,201201-201204,-0.0651558073654391,2.250450472668193,loser,143.0,2012-04-09,28.83,2012-10-08,28.13,-0.024280263614290646,-0.004088268375180504,-0.047970996027401513
6269,2012-01-02,2012-03-30,34.98,52.25,201201-201204,0.4937106918238995,56.546457483921216,winner,11.0,2012-04-09,49.41,2012-10-08,52.81,0.0688119813802875,0.01115302535667384,0.14235905154205541
6286,2012-01-02,2012-03-30,100.08,152.42,201201-201204,0.5229816147082333,59.39023902469881,winner,10.0,2012-04-09,151.16,2012-10-08,151.72,0.0037046837787774694,0.0006164963457064854,0.007423092239456253
6505,2012-01-02,2012-03-30,60.3,61.16,201201-201204,0.014262023217247,9.966194916808046,loser,132.0,2012-04-09,56.97,2012-10-08,58.88,0.033526417412673405,0.005511241476571893,0.06817685548987562
9914,2012-01-02,2012-03-30,37.63,55.91,201201-201204,0.4857826202498005,55.776215162369645,winner,13.0,2012-04-09,55.44,2012-10-08,79.79,0.4392135642135644,0.06256182115448006,1.071335683416311
1301,2013-01-02,2013-03-29,46.87,42.66,201301-201304,-0.0898229144442074,6.838083496522622,loser,137.0,2013-04-08,41.53,2013-10-07,48.65,0.1714423308451721,0.02672346020092431,0.3722771344959712
1314,2013-01-02,2013-03-29,14.46,12.94,201301-201304,-0.1051175656984786,5.825256248009175,loser,139.0,2013-04-08,12.65,2013-10-07,12.35,-0.0237154150197629,-0.0039922019060484315,-0.04686840912996648
1326,2013-01-02,2013-03-29,46.23,42.18,201301-201304,-0.0876054510058403,6.984926164303838,loser,136.0,2013-04-08,41.14,2013-10-07,52.21,0.26908118619348564,0.04051473394647109,0.6105670571502628
1476,2013-01-02,2013-03-29,70.37,86.38,201301-201304,0.2275117237459143,27.8523036387671,winner,14.0,2013-04-08,93.39,2013-10-07,201.75,1.1602955348538386,0.13697834896286287,3.6668767979094277
1590,2013-01-02,2013-03-29,120.48,107.48,201301-201304,-0.1079017264276228,5.640886313458963,loser,140.0,2013-04-08,103.27,2013-10-07,168.53,0.6319357025273555,0.0850518888069427,1.6632141371834566
1605,2013-01-02,2013-03-29,6.72,5.72,201301-201304,-0.1488095238095238,2.931930667707588,loser,146.0,2013-04-08,5.49,2013-10-07,6.1,0.11111111111111101,0.017715170689366344,0.23456790123456628
1710,2013-01-02,2013-03-29,24.3,21.62,201301-201304,-0.1102880658436213,5.482860507931035,loser,141.0,2013-04-08,21.55,2013-10-07,22.92,0.0635730858468678,0.0103252875508546,0.13118770893782972
2106,2013-01-02,2013-03-29,19.2,27.33,201301-201304,0.4234374999999999,40.82670636147517,winner,3.0,2013-04-08,28.63,2013-10-07,33.83,0.18162766329025495,0.028205939559601267,0.3962439346527893
2206,2013-01-02,2013-03-29,12.46,17.21,201301-201304,0.3812199036918138,38.03101450836864,winner,5.0,2013-04-08,16.79,2013-10-07,35.0,1.0845741512805243,0.13023709775082515,3.3454493921869126
2227,2013-01-02,2013-03-29,107.35,135.35,201301-201304,0.2608290638099674,30.05861153712066,winner,10.0,2013-04-08,131.41,2013-10-07,167.39,0.2737995586332851,0.041158499919020874,0.6225653155743509
2354,2013-01-02,2013-03-29,55.01,50.35,201301-201304,-0.0847118705689874,7.176541982375638,loser,135.0,2013-04-08,48.35,2013-10-07,48.97,0.012823164426059927,0.002125863753463797,0.025810762398016163
2362,2013-01-02,2013-03-29,21.84,27.3,201301-201304,0.25,29.341499997910976,winner,12.0,2013-04-08,25.9,2013-10-07,37.06,0.43088803088803107,0.06153489547264934,1.047440556938629
2392,2013-01-02,2013-03-29,35.37,32.48,201301-201304,-0.0817076618603336,7.375483716303453,loser,134.0,2013-04-08,32.09,2013-10-07,35.29,0.09971953879713293,0.015968688654109497,0.20938306401217766
2408,2013-01-02,2013-03-29,15.99,23.79,201301-201304,0.4878048780487804,45.08917912527652,winner,1.0,2013-04-08,24.04,2013-10-07,29.18,0.2138103161397671,0.032821184688264005,0.4733354835673229
2458,2013-01-02,2013-03-29,33.6,47.58,201301-201304,0.4160714285714285,40.338917674219545,winner,4.0,2013-04-08,46.08,2013-10-07,35.39,-0.23198784722222218,-0.04303802354300301,-0.41015733318564307
2707,2013-01-02,2013-03-29,161.6,140.99,201301-201304,-0.1275371287128712,4.340610148975054,loser,144.0,2013-04-08,135.21,2013-10-07,153.93,0.13845129798091854,0.021846690644821587,0.2960713578744367
2723,2013-01-02,2013-03-29,111.85,97.14,201301-201304,-0.1315154224407688,4.077163521574538,loser,145.0,2013-04-08,92.53,2013-10-07,125.32,0.3543715551712957,0.051856037327020044,0.8343223094571139
2809,2013-01-02,2013-03-29,12.76,16.04,201301-201304,0.2570532915360501,29.8085760848813,winner,11.0,2013-04-08,15.55,2013-10-07,16.17,0.03987138263665601,0.006537448934494261,0.08133249242667118
2882,2013-01-02,2013-03-29,16.89,21.82,201301-201304,0.2918886915334517,32.115411444751345,winner,8.0,2013-04-08,20.76,2013-10-07,24.07,0.15944123314065503,0.024962847490661133,0.34430397310672367
2903,2013-01-02,2013-03-29,15.58,13.96,201301-201304,-0.10397946084724,5.900622700361458,loser,138.0,2013-04-08,13.44,2013-10-07,17.74,0.3199404761904761,0.04735133623941312,0.7422428606859406
2915,2013-01-02,2013-03-29,50.69,46.56,201301-201304,-0.0814756362201616,7.390848688463532,loser,133.0,2013-04-08,43.65,2013-10-07,52.73,0.20801832760595643,0.0319981542525436,0.4593082798318908
3702,2013-01-02,2013-03-29,21.28,18.66,201301-201304,-0.1231203007518797,4.633096956063187,loser,143.0,2013-04-08,18.31,2013-10-07,20.04,0.09448388858547245,0.015160931291096968,0.19789498237317704
5871,2013-01-02,2013-03-29,27.86,34.63,201301-201304,0.2430007178750898,28.87800046867768,winner,13.0,2013-04-08,33.55,2013-10-07,33.91,0.010730253353204157,0.0017804318766989624,0.021575645043431235
6116,2013-01-02,2013-03-29,2.29,3.27,201301-201304,0.4279475982532751,41.12536962148995,winner,2.0,2013-04-08,4.11,2013-10-07,7.91,0.924574209245742,0.11529334375356126,2.703985886893872
6505,2013-01-02,2013-03-29,59.97,52.88,201301-201304,-0.1182257795564448,4.957217091445724,loser,142.0,2013-04-08,52.61,2013-10-07,53.89,0.02432997528986887,0.0040144892611846394,0.04925189827734422
8008,2013-01-02,2013-03-29,25.15,32.0,201301-201304,0.2723658051689862,30.82258619814493,winner,9.0,2013-04-08,32.0,,,,,
9910,2013-01-02,2013-03-29,15.03,19.79,201301-201304,0.3166999334664005,33.75843693656387,winner,7.0,2013-04-08,19.89,2013-10-07,35.0,0.7596782302664655,0.0987668382017517,2.0964674740737212
9914,2013-01-02,2013-03-29,91.24,121.77,201301-201304,0.3346120122753179,34.944592880467816,winner,6.0,2013-04-08,119.34,2013-10-07,169.13,0.4172113289760348,0.059837062107123584,1.0084879509780174
3682,2013-08-01,2013-10-31,22.19,26.84,201308-201311,0.209553853086976,,winner,1.0,2013-11-08,27.3,2014-05-07,25.12,-0.07985347985347985,-0.013774642736011478,-0.1533303814622492
4137,2013-11-28,2014-01-27,155.81,159.77,201311-201402,0.0254155702458122,,winner,1.0,2014-02-10,150.71,2014-08-04,136.91,-0.09156658483179624,-0.015878204948888253,-0.17474873020583415
1227,2014-01-02,2014-03-31,47.48,42.38,201401-201404,-0.1074136478517269,8.36172812731992,loser,137.0,2014-04-08,42.43,2014-10-07,39.88,-0.06009898656610882,-0.010276946590628278,-0.11658608494594458
1326,2014-01-02,2014-03-31,52.91,46.86,201401-201404,-0.1143451143451143,7.3160031699635795,loser,140.0,2014-04-08,46.55,2014-10-07,44.93,-0.03480128893662723,-0.0058861550822990605,-0.06839144816160447
1590,2014-01-02,2014-03-31,192.39,242.8,201401-201404,0.2620198555018453,64.09680740801356,winner,2.0,2014-04-08,244.72,2014-10-07,196.67,-0.19634684537430538,-0.035775618374257356,-0.35414160706016906
1802,2014-01-02,2014-03-31,27.97,24.95,201401-201404,-0.1079728280300321,8.277366662300857,loser,139.0,2014-04-08,24.57,2014-10-07,20.49,-0.16605616605616613,-0.02981147501405934,-0.304537681827059
2059,2014-01-02,2014-03-31,268.05,330.09,201401-201404,0.2314493564633462,59.484748209012274,winner,6.0,2014-04-08,346.0,2014-10-07,282.96,-0.18219653179190756,-0.032966562010361744,-0.33119748738681565
2201,2014-01-02,2014-03-31,70.28,64.27,201401-201404,-0.0855150825270347,11.665484455389205,loser,132.0,2014-04-08,63.44,2014-10-07,57.44,-0.09457755359394704,-0.016422596433405157,-0.18021019354407797
2227,2014-01-02,2014-03-31,210.46,187.83,201401-201404,-0.1075263708068041,8.344722028032901,loser,138.0,2014-04-08,194.64,2014-10-07,163.55,-0.15973078503904634,-0.028588869322226707,-0.2939476463889029
2311,2014-01-02,2014-03-31,23.23,28.35,201401-201404,0.2204046491605682,57.81847367905109,winner,8.0,2014-04-08,28.06,2014-10-07,33.43,0.1913756236635781,0.02961481981882219,0.4193758766597806
2327,2014-01-02,2014-03-31,26.06,32.45,201401-201404,0.2452033768227169,61.55976687461535,winner,4.0,2014-04-08,32.68,2014-10-09,49.62,0.5183598531211749,0.07208475073521825,1.3054166435701573
2362,2014-01-02,2014-03-31,41.26,37.18,201401-201404,-0.0988851187590886,9.64839606839988,loser,135.0,2014-04-08,37.98,2014-10-07,35.59,-0.06292785676671916,-0.010774040718980582,-0.12189579837618558
2376,2014-01-02,2014-03-31,18.89,23.3,201401-201404,0.2334568554790894,59.787612231313126,winner,5.0,2014-04-08,23.56,2014-10-07,18.84,-0.20033955857385397,-0.03657568683611678,-0.36054317841814154
2377,2014-01-02,2014-03-31,13.31,16.35,201401-201404,0.2283996994740797,59.02465763105239,winner,7.0,2014-04-08,16.62,2014-10-07,21.98,0.322503008423586,0.04768995038538071,0.7490142072894346
2382,2014-01-02,2014-03-31,36.66,43.75,201401-201404,0.1933987997817786,53.7442001155926,winner,11.0,2014-04-08,42.63,2014-10-07,42.3,-0.007741027445461069,-0.001294352389893838,-0.015422131385010918
2448,2014-01-02,2014-03-31,56.62,68.19,201401-201404,0.2043447545037089,55.39557620544818,winner,9.0,2014-04-08,69.59,2014-10-07,53.24,-0.23494754993533554,-0.04365365651057096,-0.41469474865005373
2449,2014-01-02,2014-03-31,11.99,14.18,201401-201404,0.1826522101751459,52.12290151033453,winner,13.0,2014-04-08,14.12,2014-10-07,15.33,0.08569405099150149,0.013797563247096134,0.17873157235833648
2610,2014-01-02,2014-03-31,9.15,8.43,201401-201404,-0.078688524590164,12.695382243142344,loser,130.0,2014-04-08,8.52,2014-10-07,8.43,-0.010563380281690125,-0.0017683627387875545,-0.021015175560404775
2723,2014-01-02,2014-03-31,118.79,140.17,201401-201404,0.1799814799225522,51.71997822098903,winner,14.0,2014-04-08,142.84,2014-10-07,149.31,0.045295435452254264,0.007410583268729676,0.0926425473773187
2727,2014-01-02,2014-03-31,304.66,272.59,201401-201404,-0.1052648854460711,8.685904039757348,loser,136.0,2014-04-08,271.97,2014-10-07,228.05,-0.16148839945582238,-0.028927819455303982,-0.2968982957528411
2823,2014-01-02,2014-03-31,16.26,14.93,201401-201404,-0.0817958179581796,12.226596275863754,loser,131.0,2014-04-08,14.79,2014-10-07,15.33,0.03651115618661264,0.005994632349703988,0.07435537689930882
2845,2014-01-02,2014-03-31,6.03,5.23,201401-201404,-0.132669983416252,4.551397303909512,loser,141.0,2014-04-08,5.28,2014-10-07,5.3,0.003787878787878707,0.000630319040928029,0.007590105601468444
2849,2014-01-02,2014-03-31,9.72,8.78,201401-201404,-0.0967078189300412,9.976877317361366,loser,134.0,2014-04-08,8.94,2014-10-07,8.91,-0.003355704697986506,-0.000560067720607127,-0.006700148641953119
2882,2014-01-02,2014-03-31,28.55,25.82,201401-201404,-0.0956217162872154,10.140733644292634,loser,133.0,2014-04-08,25.85,2014-10-07,31.54,0.22011605415860724,0.03371350521102823,0.4886831856155711
2885,2014-01-02,2014-03-31,9.66,8.37,201401-201404,-0.1335403726708075,4.420084865629416,loser,142.0,2014-04-08,8.43,2014-10-07,8.73,0.03558718861209973,0.0058451160540538005,0.07244082521751194
2923,2014-01-02,2014-03-31,18.29,15.71,201401-201404,-0.1410606889010387,3.285522305647754,loser,143.0,2014-04-08,15.71,2014-10-07,22.06,0.4042011457670272,0.05820925093602858,0.9717808577734333
3008,2014-01-02,2014-03-31,908.43,1085.59,201401-201404,0.1950177779245511,53.98844941708268,winner,10.0,2014-04-08,1202.44,2014-10-07,1758.23,0.4622184890722198,0.06537388070511851,1.1380829097846443
4938,2014-01-02,2014-03-31,19.31,22.86,201401-201404,0.1838425686172967,52.30248652778277,winner,12.0,2014-04-08,22.71,2014-10-07,30.0,0.321003963011889,0.04749193230125037,0.7450514702931172
6286,2014-01-02,2014-03-31,134.13,167.32,201401-201404,0.2474465071199582,61.89817972515213,winner,3.0,2014-04-08,167.78,2014-10-07,151.59,-0.09649541065681248,-0.016770137315045064,-0.18367945703579847
9910,2014-01-02,2014-03-31,31.82,41.14,201401-201404,0.2928975487115022,68.75521186625264,winner,1.0,2014-04-08,38.69,2014-10-07,42.19,0.09046265184802275,0.014538344719531748,0.189108795075422
8150,2014-04-01,2014-06-30,23.44,27.14,201404-201407,0.1578498293515358,,winner,1.0,2014-07-08,27.24,2015-01-06,26.53,-0.02606461086637288,-0.004392045489187368,-0.05144985779313016
2634,2014-08-26,2014-10-31,28.51,24.7,201408-201411,-0.1336373202385128,,winner,1.0,2014-11-10,25.74,2015-05-07,30.22,0.17404817404817408,0.027103761168151053,0.3783891149858516
8454,2014-12-01,2015-02-26,121.13,127.8,201412-201503,0.0550648064063403,,winner,1.0,2015-03-09,126.98,2015-09-02,82.28,-0.3520239407780753,-0.0697639627035389,-0.5801270266752248
1227,2015-01-05,2015-03-31,38.92,45.72,201501-201504,0.1747173689619732,32.362933790426595,winner,11.0,2015-04-08,43.85,2015-10-07,47.36,0.08004561003420747,0.012916586287856191,0.16649851975416263
1314,2015-01-05,2015-03-31,10.07,9.16,201501-201504,-0.0903674280039722,9.92386749100598,loser,136.0,2015-04-08,9.37,2015-10-07,7.3,-0.22091782283884734,-0.040752789649308285,-0.39303096122983816
1440,2015-01-05,2015-03-31,14.01,12.51,201501-201504,-0.1070663811563169,8.51032389588038,loser,139.0,2015-04-08,12.28,2015-10-07,12.32,0.0032573289902280886,0.0005421528094673445,0.006525268172607346
1476,2015-01-05,2015-03-31,233.26,302.8,201501-201504,0.2981222669981995,42.80898999735368,winner,6.0,2015-04-08,302.07,2015-10-07,378.65,0.2535173966299202,0.03837700231802743,0.5713058636538526
1477,2015-01-05,2015-03-31,90.3,117.44,201501-201504,0.3005537098560354,43.01480831705627,winner,5.0,2015-04-08,121.62,2015-10-07,152.94,0.2575234336457819,0.038929347843156714,0.5813651861682778
1590,2015-01-05,2015-03-31,220.61,197.06,201501-201504,-0.1067494673858846,8.537150214052234,loser,138.0,2015-04-08,174.68,2015-10-07,148.49,-0.14993130295397297,-0.026709829535993657,-0.27738321030246993
1789,2015-01-05,2015-03-31,43.82,38.84,201501-201504,-0.1136467366499314,7.953305783619716,loser,140.0,2015-04-08,38.76,2015-10-07,31.38,-0.19040247678018574,-0.03459058813810012,-0.3445518503963426
2049,2015-01-05,2015-03-31,184.57,161.85,201501-201504,-0.1230969279947987,7.153359983042816,loser,141.0,2015-04-08,152.76,2015-10-07,134.96,-0.11652264990835287,-0.020436554838054843,-0.2194677718750414
2059,2015-01-05,2015-03-31,330.39,382.69,201501-201504,0.158297769302945,30.973037087273863,winner,14.0,2015-04-08,377.01,2015-10-07,356.89,-0.05336728468740883,-0.009099034489830182,-0.10388650229991103
2231,2015-01-05,2015-03-31,122.7,149.74,201501-201504,0.2203748981255094,36.22778132485512,winner,9.0,2015-04-08,162.43,2015-10-07,181.98,0.12035953949393574,0.01912213884312508,0.25520549773506307
2327,2015-01-05,2015-03-31,51.07,66.48,201501-201504,0.3017427060896809,43.11545522559989,winner,4.0,2015-04-08,64.0,2015-10-07,56.78,-0.11281249999999998,-0.01975214110164525,-0.2128983398437504
2344,2015-01-05,2015-03-31,8.49,7.77,201501-201504,-0.0848056537102474,10.394664094763442,loser,132.0,2015-04-08,7.58,2015-10-07,5.73,-0.24406332453825852,-0.045562335409658705,-0.42855974269185004
2357,2015-01-05,2015-03-31,168.34,153.92,201501-201504,-0.0856599738624213,10.32234705978077,loser,133.0,2015-04-08,154.9,2015-10-07,154.32,-0.003744351194318996,-0.0006250343887994614,-0.007474682222771256
2408,2015-01-05,2015-03-31,53.7,48.99,201501-201504,-0.0877094972067039,10.14885770569127,loser,134.0,2015-04-08,44.46,2015-10-07,26.05,-0.41408007197480884,-0.08524165894212343,-0.6566978379429547
2409,2015-01-05,2015-03-31,12.15,11.06,201501-201504,-0.0897119341563785,9.979354150646088,loser,135.0,2015-04-08,10.61,2015-10-07,7.27,-0.31479736098020733,-0.06106288936532844,-0.5304973434803117
2474,2015-01-05,2015-03-31,152.04,199.87,201501-201504,0.3145882662457249,44.20281436235074,winner,3.0,2015-04-08,213.28,2015-10-07,219.28,0.028132033008252063,0.004634639466597035,0.057055477297680124
2542,2015-01-05,2015-03-31,17.23,20.05,201501-201504,0.1636680208937899,31.4276215556054,winner,13.0,2015-04-08,22.22,2015-10-07,17.61,-0.20747074707470745,-0.03801296956527278,-0.3718973832576773
2615,2015-01-05,2015-03-31,13.54,18.53,201501-201504,0.3685376661742985,48.76955744104469,winner,2.0,2015-04-08,17.81,2015-10-07,11.8,-0.3374508702975855,-0.06630933957953955,-0.5610286507305731
2723,2015-01-05,2015-03-31,96.45,83.31,201501-201504,-0.1362363919129082,6.041122293926375,loser,142.0,2015-04-08,83.61,2015-10-07,120.72,0.4438464298528884,0.06313112703554791,1.08469251299893
2809,2015-01-05,2015-03-31,21.35,19.4,201501-201504,-0.0913348946135832,9.841972762813302,loser,137.0,2015-04-08,18.85,2015-10-07,16.79,-0.10928381962864733,-0.01910341259966375,-0.20662468602466766
2833,2015-01-05,2015-03-31,19.0,26.15,201501-201504,0.3763157894736841,49.42796496345874,winner,1.0,2015-04-08,27.1,,,,,
3037,2015-01-05,2015-03-31,19.18,15.99,201501-201504,-0.1663190823774765,3.494663600234805,loser,143.0,2015-04-08,16.27,2015-10-07,11.27,-0.3073140749846343,-0.05936155004960886,-0.5201862092856071
3474,2015-01-05,2015-03-31,51.5,41.75,201501-201504,-0.1893203883495145,1.5476344398030757,loser,145.0,2015-04-08,36.7,2015-10-07,24.85,-0.3228882833787466,-0.06291988651969393,-0.5415197232142195
3682,2015-01-05,2015-03-31,26.54,21.81,201501-201504,-0.1782215523737754,2.4871357584622467,loser,144.0,2015-04-08,21.51,2015-10-07,15.4,-0.2840539284053929,-0.05416934631850334,-0.48742122256824993
4958,2015-01-05,2015-03-31,52.8,63.07,201501-201504,0.1945075757575758,34.03814778779069,winner,10.0,2015-04-08,64.3,2015-10-07,63.85,-0.00699844479004659,-0.0011698233500712085,-0.013947911350614128
6269,2015-01-05,2015-03-31,40.41,50.85,201501-201504,0.2583518930957685,39.44248212152088,winner,7.0,2015-04-08,53.17,2015-10-07,58.23,0.09516644724468676,0.01526641889572633,0.19938954717054758
8046,2015-01-05,2015-03-31,31.03,38.55,201501-201504,0.2423461166612953,38.08761498957824,winner,8.0,2015-04-08,41.1,2015-10-07,26.03,-0.36666666666666664,-0.07330093599104881,-0.5988888888888886
9914,2015-01-05,2015-03-31,162.11,189.0,201501-201504,0.1658750231324408,31.614441283190224,winner,12.0,2015-04-08,190.92,2015-10-07,144.83,-0.2414100146658285,-0.045004810054927846,-0.42454123415070144
6456,2015-06-15,2015-08-31,92.39,87.64,201506-201509,-0.051412490529278,,winner,1.0,2015-09-08,90.56,2016-03-07,84.72,-0.06448763250883396,-0.011048662383797092,-0.12481661027107305
8464,2015-12-01,2016-02-26,146.09,170.2,201512-201603,0.1650352522417686,,winner,1.0,2016-03-08,168.76,2016-09-02,262.26,0.5540412420004741,0.07624320714190436,1.415044181838379
1101,2016-01-04,2016-03-31,13.11,15.79,201601-201604,0.2044241037376048,73.70861249110361,winner,11.0,2016-04-08,15.14,2016-10-07,19.1,0.2615587846763541,0.039484254665087315,0.5915305671940776
1319,2016-01-04,2016-03-31,27.41,33.68,201601-201604,0.2287486318861729,77.66231990751466,winner,10.0,2016-04-08,37.06,2016-10-07,51.42,0.38747976254722066,0.056098541590058115,0.9251000914780914
1477,2016-01-04,2016-03-31,124.3,107.61,201601-201604,-0.1342719227674979,18.656979681485957,loser,142.0,2016-04-08,105.67,2016-10-07,90.88,-0.1399640389893064,-0.024817044817545098,-0.2603381457684125
1590,2016-01-04,2016-03-31,126.98,160.3,201601-201604,0.2624035281146638,83.13258481890048,winner,7.0,2016-04-08,163.68,2016-10-07,234.7,0.4338954056695991,0.061906417804545644,1.0560560344003855
1605,2016-01-04,2016-03-31,4.77,5.66,201601-201604,0.1865828092243188,70.80868949959822,winner,14.0,2016-04-08,5.56,2016-10-07,6.85,0.23201438848920866,0.03538681445437741,0.5178594534444398
2002,2016-01-04,2016-03-31,12.91,16.52,201601-201604,0.2796281951975212,85.93228122307157,winner,6.0,2016-04-08,15.63,2016-10-07,16.59,0.06142034548944331,0.009984172523425539,0.12661314981893002
2059,2016-01-04,2016-03-31,350.26,307.98,201601-201604,-0.1207103294695368,20.86128028181047,loser,140.0,2016-04-08,283.94,2016-10-07,337.51,0.18866661970838908,0.029224252134136153,0.4129283328089697
2105,2016-01-04,2016-03-31,35.5,44.42,201601-201604,0.2512676056338028,81.32255261468893,winner,8.0,2016-04-08,43.26,2016-10-07,47.88,0.10679611650485447,0.01705538694955422,0.22499764351022655
2301,2016-01-04,2016-03-31,17.08,21.98,201601-201604,0.2868852459016395,87.11184183016326,winner,5.0,2016-04-08,21.95,2016-10-07,26.87,0.22414578587699324,0.034281739025235014,0.49853290508040304
2344,2016-01-04,2016-03-31,5.79,7.13,201601-201604,0.2314335060449049,78.09871919997674,winner,9.0,2016-04-08,7.18,2016-10-07,7.66,0.06685236768802234,0.01084380590472711,0.13817397444154023
2408,2016-01-04,2016-03-31,30.14,26.85,201601-201604,-0.1091572660915726,22.73911454361969,loser,137.0,2016-04-08,25.94,2016-10-07,28.87,0.11295296838858904,0.017996149594758037,0.238664309844971
2449,2016-01-04,2016-03-31,13.4,18.03,201601-201604,0.3455223880597015,96.64271956853064,winner,1.0,2016-04-08,17.43,2016-10-07,18.76,0.07630522088353424,0.012331089275116058,0.15843292850115476
2451,2016-01-04,2016-03-31,46.21,55.0,201601-201604,0.1902185674096515,71.39964542745136,winner,13.0,2016-04-08,52.96,2016-10-07,54.34,0.02605740181268887,0.004296485603338729,0.05279379181460708
2542,2016-01-04,2016-03-31,13.59,17.72,201601-201604,0.3038999264164826,89.8774070295589,winner,3.0,2016-04-08,17.94,2016-10-07,20.45,0.13991081382385717,0.02206491186513726,0.2993966634725689
2603,2016-01-04,2016-03-31,11.86,11.07,201601-201604,-0.0666104553119729,29.65467073844124,loser,134.0,2016-04-08,10.93,2016-10-07,11.21,0.02561756633119864,0.004224721563459655,0.05189139236713047
2707,2016-01-04,2016-03-31,133.39,114.25,201601-201604,-0.1434890171677036,17.158833683944817,loser,143.0,2016-04-08,112.18,2016-10-07,110.56,-0.014441076840791624,-0.002421457540512817,-0.0286736089812617
2849,2016-01-04,2016-03-31,12.03,9.82,201601-201604,-0.1837073981712385,10.621740331978527,loser,145.0,2016-04-08,9.55,2016-10-07,8.99,-0.05863874345549743,-0.01002083777723417,-0.11383898467695519
2867,2016-01-04,2016-03-31,12.22,10.79,201601-201604,-0.1170212765957448,21.460898725282828,loser,138.0,2016-04-08,10.79,2016-10-07,10.65,-0.012974976830398405,-0.0021742806723153985,-0.02578160363704718
2882,2016-01-04,2016-03-31,27.52,25.26,201601-201604,-0.0821220930232557,27.13341003051707,loser,135.0,2016-04-08,23.78,2016-10-07,27.83,0.17031118587047928,0.02655815961563479,0.36962827177356883
2903,2016-01-04,2016-03-31,11.14,10.46,201601-201604,-0.0610412926391382,30.559882121301392,loser,132.0,2016-04-08,10.77,2016-10-07,11.16,0.03621169916434546,0.005946186428349209,0.07373468548506135
2915,2016-01-04,2016-03-31,47.05,41.42,201601-201604,-0.1196599362380445,21.032011137682943,loser,139.0,2016-04-08,37.12,2016-10-07,39.25,0.05738146551724145,0.009342628472793768,0.11805556361939007
4958,2016-01-04,2016-03-31,49.27,46.25,201601-201604,-0.0612949056220824,30.518659881534177,loser,133.0,2016-04-08,44.39,2016-10-07,48.07,0.08290155440414507,0.01336250129654637,0.17267577653091437
5264,2016-01-04,2016-03-31,110.0,142.59,201601-201604,0.2962727272727273,88.63768251622298,winner,4.0,2016-04-08,137.7,2016-10-07,101.15,-0.265432098765432,-0.05011289695882204,-0.4604099984758421
6176,2016-01-04,2016-03-31,34.53,30.26,201601-201604,-0.1236605849985519,20.38174591657505,loser,141.0,2016-04-08,29.29,2016-10-07,25.89,-0.11608057357459879,-0.02035487918104928,-0.2186864475877901
6505,2016-01-04,2016-03-31,54.92,66.06,201601-201604,0.2028404952658412,73.4512128605224,winner,12.0,2016-04-08,64.2,2016-10-07,73.17,0.13971962616822428,0.022036339476081412,0.29896082627303855
9914,2016-01-04,2016-03-31,134.49,113.4,201601-201604,-0.1568146330582199,14.992888837952774,loser,144.0,2016-04-08,103.45,2016-10-07,119.43,0.15447075882068637,0.024229207393151375,0.3328027329720107
9921,2016-01-04,2016-03-31,160.78,143.43,201601-201604,-0.1079114317701206,22.94161238309512,loser,136.0,2016-04-08,143.43,2016-10-07,177.46,0.23725859304190197,0.036120054677621916,0.5308088260560258
9938,2016-01-04,2016-03-31,54.6,73.1,201601-201604,0.3388278388278387,95.55458791862225,winner,2.0,2016-04-08,72.12,2016-10-07,89.13,0.23585690515806973,0.035924325861921735,0.5273422900268803
6446,2016-07-01,2016-09-30,195.86,188.15,201607-201610,-0.0393648524456244,,winner,1.0,2016-10-11,171.75,2017-04-06,149.07,-0.13205240174672492,-0.023327594257970374,-0.24666696668637178
2633,2016-10-03,2016-12-30,16.14,14.6,201610-201701,-0.0954151177199504,,winner,1.0,2017-01-09,15.27,2017-07-07,20.03,0.3117223313686969,0.04626167857236285,0.7206154746113287
1326,2017-01-03,2017-03-31,68.05,66.02,201701-201704,-0.0298310066127847,6.788404509486122,loser,138.0,2017-04-10,66.3,2017-10-11,70.11,0.05746606334841633,0.009356087089462228,0.11823447513359642
1476,2017-01-03,2017-03-31,264.1,237.88,201701-201704,-0.0992805755395684,3.2579522122314937,loser,147.0,2017-04-10,241.01,2017-10-11,293.17,0.21642255508070216,0.033191308361836036,0.47968383250906466
1723,2017-01-03,2017-03-31,89.3,87.09,201701-201704,-0.0247480403135497,7.04679589081954,loser,136.0,2017-04-10,87.45,2017-10-11,95.89,0.0965122927387078,0.015474255280837124,0.2023392081270965
1802,2017-01-03,2017-03-31,11.34,14.9,201701-201704,0.3139329805996473,24.263564933404783,winner,14.0,2017-04-10,14.6,2017-10-11,13.18,-0.09726027397260274,-0.0169089120862449,-0.1850609870519796
1909,2017-01-03,2017-03-31,12.79,19.5,201701-201704,0.5246286161063332,34.974227388060164,winner,6.0,2017-04-10,19.98,2017-10-11,34.6,0.7317317317317318,0.09583904187801462,1.9988947906865806
2207,2017-01-03,2017-03-31,294.33,287.06,201701-201704,-0.0247001664798015,7.049229545757167,loser,135.0,2017-04-10,287.87,2017-10-11,298.48,0.03685691457949774,0.006050554364247063,0.07507226131131528
2313,2017-01-03,2017-03-31,11.4,16.04,201701-201704,0.407017543859649,28.995496539008712,winner,7.0,2017-04-10,16.12,2017-10-11,27.56,0.7096774193548385,0.09350060912684732,1.9229968782518192
2327,2017-01-03,2017-03-31,53.43,74.77,201701-201704,0.3994010855324723,28.60831569377592,winner,8.0,2017-04-10,76.58,2017-10-11,148.75,0.9424131627056673,0.11700967658577244,2.772968894652231
2337,2017-01-03,2017-03-31,7.27,20.07,201701-201704,1.7606602475928474,97.80760101866368,winner,1.0,2017-04-10,22.13,2017-10-11,42.46,0.9186624491640308,0.11472163277136072,2.681265593832118
2344,2017-01-03,2017-03-31,7.66,12.96,201701-201704,0.6919060052219322,43.47773362730722,winner,4.0,2017-04-10,13.34,2017-10-11,21.99,0.6484257871064467,0.08687158129816308,1.717307575597511
2371,2017-01-03,2017-03-31,10.23,13.84,201701-201704,0.3528836754643205,26.24361423089749,winner,10.0,2017-04-10,12.83,2017-10-11,13.42,0.04598597038191737,0.00752147070592879,0.09408665023580265
2377,2017-01-03,2017-03-31,49.83,47.22,201701-201704,-0.0523780854906682,5.642229124226009,loser,142.0,2017-04-10,44.28,2017-10-11,45.83,0.03500451671183372,0.005750771007245303,0.07123434961389585
2383,2017-01-03,2017-03-31,67.41,89.17,201701-201704,0.3228007713989023,24.714356966855824,winner,13.0,2017-04-10,90.69,2017-10-11,103.91,0.14577130885433895,0.022938812890195948,0.3127918921937838
2439,2017-01-03,2017-03-31,78.58,104.56,201701-201704,0.3306184779842199,25.111768219364738,winner,11.0,2017-04-10,101.68,2017-10-11,140.66,0.3833595594020455,0.055575202508427735,0.9136836705890201
2448,2017-01-03,2017-03-31,22.29,30.89,201701-201704,0.385823239120682,27.91808910494265,winner,9.0,2017-04-10,29.78,2017-10-11,38.1,0.2793821356615178,0.04191761490288726,0.6368186490498264
2474,2017-01-03,2017-03-31,145.91,194.11,201701-201704,0.3303406209307108,25.097643422220155,winner,12.0,2017-04-10,193.79,2017-10-11,214.43,0.10650704370710572,0.017011109742314456,0.22435783777343943
2823,2017-01-03,2017-03-31,22.5,21.16,201701-201704,-0.0595555555555555,5.277364142763392,loser,143.0,2017-04-10,21.02,2017-10-11,22.62,0.07611798287345392,0.012301735674829839,0.1580299130636298
2867,2017-01-03,2017-03-31,12.23,11.91,201701-201704,-0.026165167620605,6.974756561648612,loser,137.0,2017-04-10,11.66,2017-10-11,12.16,0.04288164665523156,0.007022492132769731,0.0876021289303266
2881,2017-01-03,2017-03-31,28.86,27.79,201701-201704,-0.037075537075537,6.420130528668204,loser,140.0,2017-04-10,27.14,2017-10-11,27.76,0.022844509948415657,0.0037716751377281366,0.04621089153161395
2915,2017-01-03,2017-03-31,42.8,38.9,201701-201704,-0.0911214953271027,3.6727171117797086,loser,145.0,2017-04-10,39.37,2017-10-11,37.0,-0.06019812039624073,-0.010294345470542976,-0.1167724270932412
3532,2017-01-03,2017-03-31,101.42,183.26,201701-201704,0.8069414316702819,49.32553213558012,winner,3.0,2017-04-10,187.14,2017-10-11,164.49,-0.12103238217377353,-0.021271700555645534,-0.22741592681288858
3673,2017-01-03,2017-03-31,50.75,93.5,201701-201704,0.8423645320197044,51.126257005972654,winner,2.0,2017-04-10,89.55,2017-10-11,88.23,-0.014740368509212655,-0.0024719542222532143,-0.02926345855463741
3682,2017-01-03,2017-03-31,15.86,15.21,201701-201704,-0.0409836065573769,6.221464747250066,loser,141.0,2017-04-10,15.13,2017-10-11,15.33,0.013218770654329099,0.0021910911200879735,0.026612277206270463
6409,2017-01-03,2017-03-31,328.49,298.3,201701-201704,-0.0919053852476483,3.6328682543490394,loser,146.0,2017-04-10,310.82,2017-10-11,452.8,0.45679171224502935,0.06471386680892888,1.1222420928658026
6414,2017-01-03,2017-03-31,301.67,280.45,201701-201704,-0.0703417641794014,4.729049796062839,loser,144.0,2017-04-10,253.22,2017-10-11,324.57,0.28177079219650897,0.04224157980098653,0.6429363637280681
6456,2017-01-03,2017-03-31,68.95,110.24,201701-201704,0.5988397389412616,38.74673214429022,winner,5.0,2017-04-10,104.94,2017-10-11,237.81,1.266152086906804,0.14607975816847052,4.135445280992063
6505,2017-01-03,2017-03-31,81.84,79.22,201701-201704,-0.0320136852394917,6.6774485612937005,loser,139.0,2017-04-10,82.58,2017-10-11,84.27,0.020465003632840855,0.0033821080187455,0.04134882363937464
8464,2017-01-03,2017-03-31,237.47,209.36,201701-201704,-0.1183728470964752,2.287401134384617,loser,148.0,2017-04-10,201.59,2017-10-11,252.84,0.25422888040081354,0.03847520780596736,0.573090084431477
1314,2018-01-02,2018-03-31,12.77,10.4,201801-201804,-0.1855912294440093,8.763650566662795,loser,142.0,2018-04-09,10.44,2018-10-08,11.23,0.07567049808429128,0.01223156552891358,0.15706702044890664
1504,2018-01-02,2018-03-31,21.03,18.08,201801-201804,-0.1402757964812174,15.026774394199286,loser,135.0,2018-04-09,18.38,2018-10-08,16.15,-0.12132752992383028,-0.021326482604167474,-0.22793469033024316
1536,2018-01-02,2018-03-31,120.63,102.8,201801-201804,-0.1478073447732736,13.985826167908463,loser,137.0,2018-04-09,105.29,2018-10-08,108.55,0.030962104663310768,0.0050950103884730424,0.06288286125180398
1723,2018-01-02,2018-03-31,97.81,117.76,201801-201804,0.2039668745527042,62.60514525910222,winner,9.0,2018-04-09,118.91,2018-10-08,112.8,-0.05138339920948616,-0.008753226379193735,-0.10012654470465154
1802,2018-01-02,2018-03-31,18.96,16.05,201801-201804,-0.1534810126582278,13.201658783941005,loser,138.0,2018-04-09,15.79,2018-10-08,13.89,-0.12032932235592139,-0.0211412681204578,-0.22617949889320765
1909,2018-01-02,2018-03-31,32.3,25.41,201801-201804,-0.2133126934984519,4.932219402888281,loser,144.0,2018-04-09,25.13,2018-10-08,15.62,-0.37843215280541187,-0.07619262823599238,-0.613653411333885
2027,2018-01-02,2018-03-31,11.85,16.0,201801-201804,0.3502109704641351,82.81779295666453,winner,2.0,2018-04-09,17.5,2018-10-08,28.45,0.6257142857142857,0.0843613685384661,1.6429469387755118
2049,2018-01-02,2018-03-31,248.64,329.44,201801-201804,0.324967824967825,79.32889445778612,winner,3.0,2018-04-09,344.98,2018-10-08,182.89,-0.469853324830425,-0.10036569635925341,-0.7189445028066451
2207,2018-01-02,2018-03-31,299.31,245.95,201801-201804,-0.1782767030837593,9.77460381898284,loser,140.0,2018-04-09,246.37,2018-10-08,219.76,-0.10800828022892403,-0.018869438641041403,-0.20435077185983808
2231,2018-01-02,2018-03-31,175.33,244.48,201801-201804,0.394399133063366,88.92511481095514,winner,1.0,2018-04-09,258.37,2018-10-08,133.58,-0.482989511166157,-0.10411989481062112,-0.732700154435791
2337,2018-01-02,2018-03-31,33.9,41.37,201801-201804,0.2203539823008849,64.87003556890708,winner,8.0,2018-04-09,40.51,2018-10-08,19.21,-0.5257960997284621,-0.11693191957155058,-0.7751306609672612
2344,2018-01-02,2018-03-31,19.1,15.66,201801-201804,-0.1801047120418848,9.52195156093233,loser,141.0,2018-04-09,15.02,2018-10-08,11.17,-0.2563249001331558,-0.048160171331125934,-0.4469473458380393
2345,2018-01-02,2018-03-31,92.94,80.52,201801-201804,-0.1336346029696578,15.94466515692647,loser,134.0,2018-04-09,71.68,2018-10-08,73.39,0.023856026785714197,0.0039370495459289945,0.048281163585428555
2376,2018-01-02,2018-03-31,36.72,46.46,201801-201804,0.2652505446623094,71.07526657113982,winner,5.0,2018-04-09,48.69,2018-10-08,35.37,-0.2735674676524954,-0.05187438272320399,-0.47229577594719174
2377,2018-01-02,2018-03-31,56.86,67.74,201801-201804,0.1913471684839957,60.860954006635694,winner,12.0,2018-04-09,70.66,2018-10-08,59.76,-0.1542598358335692,-0.02753758318452393,-0.2847235747157383
2379,2018-01-02,2018-03-31,80.48,95.98,201801-201804,0.1925944333996024,61.03334063303295,winner,11.0,2018-04-09,95.24,2018-10-08,85.08,-0.10667786644267112,-0.018625695877116266,-0.2019755656965817
2439,2018-01-02,2018-03-31,132.59,113.41,201801-201804,-0.1446564597631797,14.421315397389076,loser,136.0,2018-04-09,108.69,2018-10-08,99.6,-0.08363234888214191,-0.014450841154961425,-0.16027032798473917
2492,2018-01-02,2018-03-31,77.33,91.42,201801-201804,0.1822061295745506,59.59755531751377,winner,13.0,2018-04-09,92.94,2018-10-08,132.7,0.42780288358080476,0.061153088567213576,1.0386210743616617
2603,2018-01-02,2018-03-31,16.74,14.13,201801-201804,-0.1559139784946235,12.865394396617951,loser,139.0,2018-04-09,14.13,2018-10-08,11.93,-0.15569709837225768,-0.027813214435301603,-0.2871526103029747
2723,2018-01-02,2018-03-31,298.57,266.58,201801-201804,-0.1071440533208293,19.605969526374874,loser,132.0,2018-04-09,266.22,2018-10-08,194.28,-0.2702276312823981,-0.05114925566617079,-0.4674322898563005
3008,2018-01-02,2018-03-31,3397.85,2675.16,201801-201804,-0.2126903777388643,5.018230732964833,loser,143.0,2018-04-09,2395.66,2018-10-08,2849.29,0.18935491680789432,0.02932355685046062,0.4145651181351129
3443,2018-01-02,2018-03-31,233.61,280.86,201801-201804,0.2022601772184409,62.36925968896115,winner,10.0,2018-04-09,272.91,2018-10-08,217.11,-0.20446300978344512,-0.03740545476234469,-0.3671208971971852
3532,2018-01-02,2018-03-31,144.53,183.2,201801-201804,0.2675569086002905,71.3940330926205,winner,4.0,2018-04-09,183.2,2018-10-08,98.93,-0.45998908296943225,-0.09759722263034232,-0.7083882094878051
5871,2018-01-02,2018-03-31,55.75,65.87,201801-201804,0.1815246636771301,59.50336874528589,winner,14.0,2018-04-09,63.58,2018-10-08,68.65,0.07974205725070789,0.012869133097036967,0.16584291019599173
6269,2018-01-02,2018-03-31,79.72,71.25,201801-201804,-0.1062468640240842,19.72997160016878,loser,131.0,2018-04-09,68.66,2018-10-08,64.6,-0.059131954558695056,-0.010107303934157374,-0.11476732106745902
6446,2018-01-02,2018-03-31,137.49,169.33,201801-201804,0.2315804785802604,66.42166890329096,winner,7.0,2018-04-09,161.13,2018-10-08,171.26,0.06286849128033263,0.010213703574084132,0.12968942975653008
8454,2018-01-02,2018-03-31,99.36,122.4,201801-201804,0.2318840579710145,66.46362713234159,winner,6.0,2018-04-09,124.88,2018-10-08,82.23,-0.34152786675208197,-0.06726938171233743,-0.566414449735936
8464,2018-01-02,2018-03-31,245.62,213.3,201801-201804,-0.1315853757837309,16.227892366225184,loser,133.0,2018-04-09,213.68,2018-10-08,176.91,-0.17207974541370277,-0.030982951518059854,-0.3145480520457603
2881B,2018-04-24,2018-06-29,49.0,48.84,201804-201807,-0.0032653061224489,,winner,1.0,2018-07-09,48.76,2019-01-07,49.97,0.024815422477440542,0.004093776828976381,0.05024665014761642
2882B,2018-08-09,2018-10-31,49.21,49.78,201808-201811,0.0115830115830115,,winner,1.0,2018-11-08,49.78,2019-05-07,51.07,0.025914021695460008,0.004273094362847063,0.0524995799113519
5876,2018-10-01,2018-12-28,27.23,30.41,201810-201901,0.1167829599706206,,winner,1.0,2019-01-08,30.22,2019-07-05,43.42,0.4367968232958307,0.06226423557830718,1.0643851114329932
1590,2019-01-02,2019-03-29,272.08,361.87,201901-201904,0.3300132314025287,38.37566292644404,winner,9.0,2019-04-08,387.26,2019-10-07,345.63,-0.10749883798998089,-0.01877606885674854,-0.203441675810766
1723,2019-01-02,2019-03-29,107.26,106.47,201901-201904,-0.007365280626515,8.224330883657359,loser,136.0,2019-04-08,107.26,2019-10-07,103.4,-0.03598732052955435,-0.006089853128914191,-0.07067955382021163
2207,2019-01-02,2019-03-29,215.4,329.21,201901-201904,0.5283658310120705,56.10232564840887,winner,3.0,2019-04-08,343.6,2019-10-07,425.04,0.23701979045401628,0.03608672183832762,0.5302179619748992
2352,2019-01-02,2019-03-29,15.28,15.32,201901-201904,0.0026178010471204,9.116513401571028,loser,133.0,2019-04-08,15.43,2019-10-07,17.93,0.16202203499675957,0.025342739680279447,0.3502952098180121
2371,2019-01-02,2019-03-29,27.02,25.26,201901-201904,-0.0651369356032567,3.0613098560612224,loser,145.0,2019-04-08,26.76,2019-10-07,16.99,-0.36509715994020936,-0.07291857787202094,-0.5968983836840118
2379,2019-01-02,2019-03-29,105.39,139.5,201901-201904,0.3236549957301451,37.80743090179208,winner,10.0,2019-04-08,146.79,2019-10-07,188.03,0.28094556849921665,0.0421297146026447,0.6408215494577831
2383,2019-01-02,2019-03-29,54.74,87.67,201901-201904,0.6015710632078918,62.64463698273444,winner,2.0,2019-04-08,81.82,2019-10-07,111.37,0.36115864091909083,0.05273272636431048,0.8527528457487064
2409,2019-01-02,2019-03-29,10.37,9.85,201901-201904,-0.0501446480231436,4.401162350490455,loser,143.0,2019-04-08,9.99,2019-10-07,7.32,-0.26726726726726724,-0.050508825926794065,-0.463102742382022
2439,2019-01-02,2019-03-29,93.91,125.46,201901-201904,0.3359599616654243,38.907118939001286,winner,8.0,2019-04-08,130.28,2019-10-07,121.46,-0.0677003377341112,-0.01161551128962246,-0.1308173397389092
2492,2019-01-02,2019-03-29,118.81,154.3,201901-201904,0.2987122296103022,35.57830961359275,winner,11.0,2019-04-08,150.44,2019-10-07,156.64,0.04121244349906932,0.006753678114738815,0.0841233524973033
2618,2019-01-02,2019-03-29,13.16,12.66,201901-201904,-0.0379939209726443,5.487066143406987,loser,141.0,2019-04-08,12.95,2019-10-07,12.39,-0.04324324324324315,-0.007340607248169206,-0.08461650840029211
2723,2019-01-02,2019-03-29,166.69,163.9,201901-201904,-0.016737656728058,7.386726786799008,loser,139.0,2019-04-08,162.3,2019-10-07,119.32,-0.2648182378311769,-0.04998064332301222,-0.4595077765743444
2823,2019-01-02,2019-03-29,23.84,22.39,201901-201904,-0.0608221476510066,3.446920081976585,loser,144.0,2019-04-08,21.74,2019-10-07,21.18,-0.025758969641214293,-0.00433997854232715,-0.05085441476545183
2881,2019-01-02,2019-03-29,28.22,28.15,201901-201904,-0.0024805102763997,8.660880122947402,loser,135.0,2019-04-08,27.76,2019-10-07,28.15,0.014048991354466751,0.002327908539159207,0.02829535686701079
2882,2019-01-02,2019-03-29,34.7,33.98,201901-201904,-0.020749279538905,7.028210262812879,loser,140.0,2019-04-08,33.49,2019-10-07,31.65,-0.05494177366378033,-0.009373911420903047,-0.10686494883423892
3008,2019-01-02,2019-03-29,2484.0,3734.12,201901-201904,0.503268921095008,53.85942861383983,winner,5.0,2019-04-08,3734.12,2019-10-07,3701.66,-0.008692811157648934,-0.0014540774759896902,-0.017310057349475882
3034,2019-01-02,2019-03-29,88.28,126.2,201901-201904,0.4295423652016312,47.27052686742124,winner,6.0,2019-04-08,123.02,2019-10-07,126.22,0.026012030564135938,0.0042890839665898906,0.05270068686234297
3037,2019-01-02,2019-03-29,20.12,25.78,201901-201904,0.2813121272365805,34.02327203549294,winner,14.0,2019-04-08,34.18,2019-10-07,41.21,0.20567583382094795,0.03166435622640629,0.4536542162598389
3532,2019-01-02,2019-03-29,97.67,98.09,201901-201904,0.0043001945326098,9.266867981957716,loser,132.0,2019-04-08,99.77,2019-10-07,96.04,-0.03738598777187521,-0.006330339367983218,-0.0733742634620711
5871,2019-01-02,2019-03-29,66.02,84.8,201901-201904,0.2844592547712815,34.30452909217116,winner,13.0,2019-04-08,90.18,2019-10-07,89.7,-0.00532268795741854,-0.0008890885144132721,-0.01061704490774451
6213,2019-01-02,2019-03-29,39.84,68.43,201901-201904,0.7176204819277109,73.0159096999857,winner,1.0,2019-04-08,67.97,2019-10-07,123.04,0.8102103869354128,0.1039638238502909,2.27686164496886
6285,2019-01-02,2019-03-29,63.0,63.08,201901-201904,0.0012698412698412,8.996046977729645,loser,134.0,2019-04-08,63.46,2019-10-07,66.91,0.054364954301922404,0.008862146117374126,0.11168545686009446
6415,2019-01-02,2019-03-29,444.2,440.85,201901-201904,-0.0075416479063484,8.20856903687062,loser,137.0,2019-04-08,471.03,2019-10-07,741.54,0.5742946309152284,0.07856834266442214,1.4784035849285178
6446,2019-01-02,2019-03-29,162.58,155.34,201901-201904,-0.0445319227457252,4.902768521217225,loser,142.0,2019-04-08,152.45,2019-10-07,107.1,-0.2974745818301082,-0.05714768076298349,-0.5064580368252185
6456,2019-01-02,2019-03-29,72.1,92.85,201901-201904,0.2877947295423024,34.602618637757665,winner,12.0,2019-04-08,100.52,2019-10-07,91.16,-0.0931157978511739,-0.01615811883644236,-0.17756104389288752
8454,2019-01-02,2019-03-29,87.61,118.91,201901-201904,0.3572651523798653,40.8111521140919,winner,7.0,2019-04-08,118.21,2019-10-07,125.8,0.06420776584045346,0.010425746697404481,0.13253816887512948
9917,2019-01-02,2019-03-29,63.49,62.91,201901-201904,-0.0091352968971492,8.066145503159763,loser,138.0,2019-04-08,63.2,2019-10-07,66.06,0.04525316455696202,0.007403793343861986,0.0925541780163448
9921,2019-01-02,2019-03-29,121.46,185.56,201901-201904,0.5277457599209617,56.04691023607062,winner,4.0,2019-04-08,172.91,2019-10-07,181.98,0.052455034410965204,0.008557333600598627,0.10766159945698672
6669,2019-03-04,2019-05-31,315.61,260.43,201903-201906,-0.1748360318114128,,winner,1.0,2019-06-10,282.73,2019-12-09,482.8,0.7076362607434654,0.09328291510577258,1.9160215990059277
6592,2019-12-02,2020-02-27,99.06,52.29,201912-202003,-0.4721380981223501,,winner,1.0,2020-03-09,49.75,2020-09-03,56.05,0.12663316582914566,0.020071049237595062,0.2693022903462021
1229,2020-01-02,2020-03-31,21.0,21.08,202001-202004,0.0038095238095237,60.990595796001735,winner,9.0,2020-04-08,21.76,2020-10-07,27.32,0.25551470588235287,0.038652571479611764,0.5763171766868502
1476,2020-01-02,2020-03-31,350.15,208.7,202001-202004,-0.4039697272597458,10.78073356124146,loser,146.0,2020-04-08,227.36,2020-10-07,318.19,0.3994985925404644,0.0576177825642874,0.9585963105227404
1590,2020-01-02,2020-03-31,428.12,415.68,202001-202004,-0.0290572736615902,56.9437067775066,winner,14.0,2020-04-08,433.65,2020-10-07,601.35,0.38671739882393646,0.05600180557177037,0.922985144201026
1802,2020-01-02,2020-03-31,10.3,6.68,202001-202004,-0.3514563106796117,17.246710937606828,loser,136.0,2020-04-08,7.47,2020-10-07,11.25,0.5060240963855422,0.07062813852897953,1.2681085788938917
1904,2020-01-02,2020-03-31,15.32,16.18,202001-202004,0.0561357702349869,67.43352690982226,winner,5.0,2020-04-08,16.42,2020-10-07,26.73,0.6278928136419,0.08460341533442262,1.650035012706943
2327,2020-01-02,2020-03-31,388.22,244.42,202001-202004,-0.3704085312451703,14.91312387758782,loser,143.0,2020-04-08,292.95,2020-10-07,325.41,0.11080389144905287,0.01766826596868465,0.23388528525835972
2344,2020-01-02,2020-03-31,17.68,10.21,202001-202004,-0.4225113122171945,8.497708066720994,loser,148.0,2020-04-08,11.47,2020-10-07,13.15,0.1464690496948561,0.02304260980334072,0.31439128190822685
2347,2020-01-02,2020-03-31,26.62,26.44,202001-202004,-0.0067618332081141,59.688944527335565,winner,12.0,2020-04-08,26.51,2020-10-07,30.55,0.1523953225198038,0.023922094588233023,0.32801497936552426
2356,2020-01-02,2020-03-31,18.1,18.37,202001-202004,0.0149171270718231,62.35827506878478,winner,7.0,2020-04-08,18.29,2020-10-07,18.2,-0.004920721705850184,-0.0008218068516323562,-0.009817229909593772
2376,2020-01-02,2020-03-31,39.36,40.14,202001-202004,0.0198170731707317,62.961605468599934,winner,6.0,2020-04-08,40.3,2020-10-07,62.39,0.5481389578163773,0.07556086046972199,1.3967342327087766
2377,2020-01-02,2020-03-31,70.2,70.04,202001-202004,-0.0022792022792022,60.24089090714709,winner,10.0,2020-04-08,69.33,2020-10-07,105.63,0.5235828645607962,0.07269851630553115,1.3213047451832836
2408,2020-01-02,2020-03-31,74.78,46.69,202001-202004,-0.3756351965766248,14.269564536225085,loser,145.0,2020-04-08,55.13,2020-10-07,53.13,-0.036277888626881916,-0.006139789342279545,-0.0712396920505396
2409,2020-01-02,2020-03-31,9.27,5.79,202001-202004,-0.3754045307443365,14.29796642188036,loser,144.0,2020-04-08,6.76,2020-10-07,10.55,0.5606508875739646,0.0770047712680626,1.4356311928854004
2412,2020-01-02,2020-03-31,90.63,88.98,202001-202004,-0.0182058920887122,58.279837471754384,winner,13.0,2020-04-08,89.39,2020-10-07,91.47,0.023268822015885426,0.0038410631419849572,0.04707908210977663
2618,2020-01-02,2020-03-31,12.3,7.95,202001-202004,-0.3536585365853659,16.975550845356434,loser,137.0,2020-04-08,8.52,2020-10-07,9.83,0.153755868544601,0.02412347344703547,0.33115260420110615
3023,2020-01-02,2020-03-31,107.84,108.7,202001-202004,0.0079747774480712,61.5034635076764,winner,8.0,2020-04-08,110.0,2020-10-07,158.86,0.4441818181818183,0.06317228183558043,1.0856611239669416
3481,2020-01-02,2020-03-31,7.3,4.61,202001-202004,-0.3684931506849314,15.148964700299022,loser,142.0,2020-04-08,5.4,2020-10-07,8.36,0.5481481481481479,0.07556192462233446,1.3967626886145408
3532,2020-01-02,2020-03-31,107.82,117.33,202001-202004,0.0882025598219254,71.381910951554,winner,4.0,2020-04-08,123.22,2020-10-07,100.44,-0.18487258561921768,-0.033494677678373,-0.33556729832489995
4958,2020-01-02,2020-03-31,114.14,72.45,202001-202004,-0.3652531978272297,15.547900119905952,loser,141.0,2020-04-08,77.83,2020-10-07,105.53,0.355903893100347,0.05205428912762433,0.8384753673246781
5269,2020-01-02,2020-03-31,590.82,711.94,202001-202004,0.2050032158694695,85.7635766044751,winner,1.0,2020-04-08,727.66,2020-10-07,1396.37,0.9189868894813511,0.11475304659660801,2.682510682001313
6176,2020-01-02,2020-03-31,79.44,51.65,202001-202004,-0.3498237663645518,17.44772613133323,loser,135.0,2020-04-08,58.32,2020-10-07,75.38,0.2925240054869684,0.04369379854008515,0.670618304760078
6213,2020-01-02,2020-03-31,108.7,108.4,202001-202004,-0.0027598896044157,60.18170387319752,winner,11.0,2020-04-08,115.31,2020-10-07,105.83,-0.0822131645130518,-0.01419661745352685,-0.15766732460685384
6278,2020-01-02,2020-03-31,92.9,54.4,202001-202004,-0.4144241119483315,9.493485096326532,loser,147.0,2020-04-08,61.17,2020-10-07,83.17,0.35965342488147783,0.052538612228527626,0.8486574357919321
6669,2020-01-02,2020-03-31,525.33,585.37,202001-202004,0.1142900652922923,74.5940656952812,winner,3.0,2020-04-08,593.7,2020-10-07,612.91,0.03235640896075446,0.005321436304426497,0.06575975512234566
8046,2020-01-02,2020-03-31,41.45,47.59,202001-202004,0.148130277442702,78.76081127052015,winner,2.0,2020-04-08,46.21,2020-10-07,105.98,1.2934429777104524,0.1483686408002236,4.259880692009381
9904,2020-01-02,2020-03-31,32.89,21.25,202001-202004,-0.3539069626026148,16.944962147994104,loser,138.0,2020-04-08,22.61,2020-10-07,23.34,0.032286598850066364,0.005310105660337738,0.06561562216543737
9914,2020-01-02,2020-03-31,152.66,97.39,202001-202004,-0.3620463775710729,15.9427559220368,loser,140.0,2020-04-08,103.53,2020-10-07,215.92,1.0855790592098906,0.13032788816895802,3.3496400122148113
9921,2020-01-02,2020-03-31,180.26,115.29,202001-202004,-0.3604238322423166,16.14253994050484,loser,139.0,2020-04-08,117.88,2020-10-07,242.92,1.0607397353240584,0.12807296416420444,3.2466482567434696
1227,2021-01-04,2021-03-31,50.04,48.08,202101-202104,-0.0391686650679456,8.854671021968144,loser,139.0,2021-04-08,46.84,2021-10-07,44.1,-0.05849701110162258,-0.009995997282600033,-0.1135721218954222
1717,2021-01-04,2021-03-31,31.82,30.75,202101-202104,-0.0336266499057196,9.288176054797765,loser,134.0,2021-04-08,31.64,2021-10-07,32.2,0.01769911504424786,0.0029283308172487477,0.03571148876184571
1802,2021-01-04,2021-03-31,19.39,17.99,202101-202104,-0.072202166064982,6.270739272411968,loser,142.0,2021-04-08,19.79,2021-10-07,25.36,0.28145528044466905,0.04219881692939609,0.6421276357795245
2023,2021-01-04,2021-03-31,12.27,11.83,202101-202104,-0.0358598207008964,9.11349396704822,loser,136.0,2021-04-08,13.43,2021-10-07,24.37,0.8145941921072227,0.10440895500090108,2.292752082029267
2108,2021-01-04,2021-03-31,46.27,86.12,202101-202104,0.8612491895396585,79.28675397304794,winner,2.0,2021-04-08,114.95,2021-10-07,72.77,-0.36694214876033066,-0.07336812948546356,-0.5992377569838128
2201,2021-01-04,2021-03-31,45.26,39.17,202101-202104,-0.1345558992487847,1.3933334264062132,loser,146.0,2021-04-08,39.17,2021-10-07,39.25,0.0020423793719682995,0.0003401072484727763,0.0040889300574360465
2207,2021-01-04,2021-03-31,568.31,517.28,202101-202104,-0.0897925428023437,4.894792685872412,loser,145.0,2021-04-08,518.16,2021-10-07,535.03,0.03255751119345377,0.005354072962339362,0.06617501392201985
2313,2021-01-04,2021-03-31,36.71,35.31,202101-202104,-0.0381367474802505,8.935389218262566,loser,138.0,2021-04-08,37.25,2021-10-07,31.62,-0.15114093959731542,-0.026940796381612286,-0.2794382955722716
2345,2021-01-04,2021-03-31,277.1,254.08,202101-202104,-0.0830747022735474,5.420272604951208,loser,143.0,2021-04-08,255.0,2021-10-07,235.21,-0.07760784313725487,-0.01337389947010037,-0.14919270895809245
2353,2021-01-04,2021-03-31,18.08,23.95,202101-202104,0.3246681415929204,37.31455108349984,winner,12.0,2021-04-08,24.74,2021-10-07,19.69,-0.20412287793047687,-0.03733687409313924,-0.3665796065663338
2357,2021-01-04,2021-03-31,176.45,261.86,202101-202104,0.4840464720884105,49.78137161201423,winner,6.0,2021-04-08,263.27,2021-10-07,255.86,-0.028146009799825157,-0.004746980910916521,-0.055499821731998855
2409,2021-01-04,2021-03-31,12.97,19.23,202101-202104,0.4826522744795682,49.67231530983888,winner,7.0,2021-04-08,21.33,2021-10-07,16.07,-0.2466010314111579,-0.046097097555785616,-0.43238999412926893
2458,2021-01-04,2021-03-31,102.56,143.21,202101-202104,0.3963533541341654,42.92187973678498,winner,11.0,2021-04-08,146.14,2021-10-07,117.94,-0.19296564937730937,-0.03510067318732468,-0.34869555691501186
2542,2021-01-04,2021-03-31,29.11,28.04,202101-202104,-0.0367571281346616,9.043305186045966,loser,137.0,2021-04-08,28.04,2021-10-07,30.07,0.07239657631954355,0.011717440080390329,0.15003441690187902
2615,2021-01-04,2021-03-31,35.8,34.55,202101-202104,-0.0349162011173184,9.187305356332356,loser,135.0,2021-04-08,36.93,2021-10-07,118.85,2.2182507446520443,0.21507563695200083,9.357137855453438
2637,2021-01-04,2021-03-31,18.37,26.41,202101-202104,0.4376701143168208,46.15374088387743,winner,10.0,2021-04-08,29.14,2021-10-07,56.66,0.9444063143445435,0.11720062620976868,2.7807159152629346
3008,2021-01-04,2021-03-31,2823.76,2705.75,202101-202104,-0.0417917953367142,8.6494856985808,loser,140.0,2021-04-08,2613.03,2021-10-07,1855.61,-0.28986272641339755,-0.05545268445132723,-0.4957050526629867
3034,2021-01-04,2021-03-31,239.44,378.76,202101-202104,0.5818576678917474,57.43231525014004,winner,4.0,2021-04-08,414.33,2021-10-07,269.15,-0.35039702652475085,-0.06937510228929988,-0.5780159768521148
3189,2021-01-04,2021-03-31,75.55,99.55,202101-202104,0.3176704169424222,36.7671781937569,winner,14.0,2021-04-08,99.55,2021-10-07,188.64,0.8949271722752384,0.11241137360892028,2.5907489882270287
3481,2021-01-04,2021-03-31,12.77,18.78,202101-202104,0.4706342991386062,48.73225061455632,winner,8.0,2021-04-08,21.36,2021-10-07,14.93,-0.30102996254681647,-0.05794463642182068,-0.5114408867426954
3661,2021-01-04,2021-03-31,658.98,868.35,202101-202104,0.3177182919056724,36.770923047732936,winner,13.0,2021-04-08,870.28,2021-10-07,904.08,0.038838075102266015,0.006370682538714201,0.07918454628218119
5269,2021-01-04,2021-03-31,1512.74,1387.06,202101-202104,-0.0830810317701654,5.419777501895935,loser,144.0,2021-04-08,1387.06,2021-10-07,1474.99,0.06339307600248012,0.010296785932572883,0.13080483409001675
6415,2021-01-04,2021-03-31,2343.12,2241.04,202101-202104,-0.0435658438321553,8.510716870141035,loser,141.0,2021-04-08,2474.38,2021-10-07,3928.47,0.5876583224888657,0.08008891118503958,1.520658948968161
6505,2021-01-04,2021-03-31,89.37,86.51,202101-202104,-0.0320017903099474,9.415275095812625,loser,133.0,2021-04-08,87.76,2021-10-07,91.69,0.04478122151321778,0.007327970137089634,0.09156780082665184
6531,2021-01-04,2021-03-31,392.34,790.13,202101-202104,1.0138910128969771,91.22663445130868,winner,1.0,2021-04-08,799.21,2021-10-18,345.57,-0.5676105153839417,-0.13041403713095845,-0.8130393335934594
8046,2021-01-04,2021-03-31,172.93,306.08,202101-202104,0.769964725611519,72.14634143832156,winner,3.0,2021-04-08,287.49,2021-10-07,375.81,0.30721068558906395,0.045661050799571834,0.7087997765182288
8454,2021-01-04,2021-03-31,316.69,486.07,202101-202104,0.5348448009094067,53.75489578302906,winner,5.0,2021-04-08,485.09,2021-10-07,981.46,1.023253416891711,0.12462667525666293,3.0935543889639794
9914,2021-01-04,2021-03-31,211.9,311.39,202101-202104,0.4695139216611608,48.64461294830597,winner,9.0,2021-04-08,302.91,2021-10-07,252.36,-0.16688125185698724,-0.02997152155783489,-0.3059131514926188
6781,2021-03-23,2021-05-31,434.37,742.79,202103-202106,0.7100398277965788,,winner,1.0,2021-06-08,719.63,2021-12-07,1394.08,0.9372177368925697,0.11651117131935229,2.7528125601311655
6770,2021-12-01,2022-02-25,73.2,51.74,202112-202203,-0.2931693989071038,,winner,1.0,2022-03-08,48.24,2022-09-01,33.36,-0.3084577114427861,-0.05962056335010446,-0.5217692631370512
1476,2022-01-03,2022-03-31,548.02,418.69,202201-202204,-0.2359950366774935,25.0234154602388,loser,141.0,2022-04-08,416.5,2022-10-07,364.92,-0.12384153661464582,-0.021793727250923323,-0.23234634703821466
2015,2022-01-03,2022-03-31,67.24,78.27,202201-202204,0.1640392623438429,75.80158202975318,winner,14.0,2022-04-08,75.73,2022-10-07,51.94,-0.3141423478146046,-0.060913354198438685,-0.5295992809387374
2049,2022-01-03,2022-03-31,277.87,221.93,202201-202204,-0.2013171627019829,29.42523516748142,loser,135.0,2022-04-08,219.61,2022-10-07,167.78,-0.23600928919448116,-0.04387498732822215,-0.41631819380287804
2377,2022-01-03,2022-03-31,136.82,111.16,202201-202204,-0.1875456804560736,31.173311822664925,loser,134.0,2022-04-08,104.75,2022-10-07,99.24,-0.05260143198090697,-0.008965468344575123,-0.10243595331537181
2379,2022-01-03,2022-03-31,479.4,360.18,202201-202204,-0.248685857321652,23.412512079830066,loser,143.0,2022-04-08,340.52,2022-10-07,236.36,-0.3058851168800657,-0.05903841682020605,-0.5182045290313997
2454,2022-01-03,2022-03-31,864.91,680.65,202201-202204,-0.2130395070007284,27.93726487882588,loser,137.0,2022-04-08,631.76,2022-10-07,468.02,-0.25918070153222744,-0.04877034484864451,-0.45118676701771754
2498,2022-01-03,2022-03-31,86.0,59.2,202201-202204,-0.3116279069767441,15.422992457557765,loser,144.0,2022-04-08,56.7,2022-10-07,55.9,-0.01410934744268085,-0.0023655028735383166,-0.028019621200103928
2618,2022-01-03,2022-03-31,23.09,27.74,202201-202204,0.2013858813339107,80.5421576367081,winner,9.0,2022-04-08,29.03,2022-10-07,25.56,-0.11953151911815371,-0.020993363959389,-0.2247752541736141
2812,2022-01-03,2022-03-31,9.93,12.33,202201-202204,0.2416918429003021,85.65837600890698,winner,7.0,2022-04-08,12.82,2022-10-07,11.45,-0.10686427457098291,-0.01865982915106401,-0.2023085759623836
2834,2022-01-03,2022-03-31,8.12,10.57,202201-202204,0.3017241379310346,93.27854728941554,winner,2.0,2022-04-08,11.4,2022-10-07,11.01,-0.034210526315789525,-0.005784770849794674,-0.0672506925207762
2838,2022-01-03,2022-03-31,11.55,14.82,202201-202204,0.283116883116883,90.9166441059488,winner,4.0,2022-04-08,15.08,2022-10-07,13.77,-0.08687002652519897,-0.015032048584324387,-0.16619365154190946
2884,2022-01-03,2022-03-31,24.24,28.61,202201-202204,0.1802805280528053,77.86315949320326,winner,12.0,2022-04-08,30.17,2022-10-07,23.93,-0.20682797480941337,-0.037882978626566643,-0.37087813845506334
2886,2022-01-03,2022-03-31,29.73,36.08,202201-202204,0.2135889673730238,82.09115065323729,winner,8.0,2022-04-08,37.3,2022-10-07,27.77,-0.2554959785522788,-0.047983428738689216,-0.44571376204817104
2892,2022-01-03,2022-03-31,20.48,23.88,202201-202204,0.1660156249999999,76.05245069876887,winner,13.0,2022-04-08,24.76,2022-10-07,22.67,-0.0844103392568659,-0.014590344685428303,-0.16169557314027216
2915,2022-01-03,2022-03-31,77.76,92.6,202201-202204,0.1908436213991768,79.20398080463478,winner,10.0,2022-04-08,92.6,2022-10-07,45.57,-0.5078833693304535,-0.11145790602689765,-0.7578212218184532
3008,2022-01-03,2022-03-31,2177.95,1695.98,202201-202204,-0.2212952547119997,26.889325405974677,loser,138.0,2022-04-08,1493.54,2022-10-07,1692.2,0.13301284197276275,0.02103149516599445,0.28371810007519627
3034,2022-01-03,2022-03-31,365.66,289.88,202201-202204,-0.2072416999398348,28.673206805296186,loser,136.0,2022-04-08,273.9,2022-10-07,195.63,-0.2857612267250821,-0.05454563674863888,-0.4898629747507405
3035,2022-01-03,2022-03-31,207.09,279.94,202201-202204,0.3517794195760297,99.63229104406784,winner,1.0,2022-04-08,276.27,2022-10-07,127.96,-0.5368299127664966,-0.12039015011234555,-0.7854734702921088
6415,2022-01-03,2022-03-31,4956.89,3361.57,202201-202204,-0.3218388949522786,14.126865476622704,loser,145.0,2022-04-08,2778.44,2022-10-07,450.82,-0.8377434819539021,-0.2614718982212978,-0.9736728223515563
6446,2022-01-03,2022-03-31,259.66,308.84,202201-202204,0.1894015250712468,79.02092898200843,winner,11.0,2022-04-08,319.66,2022-10-07,487.5,0.5250578739911155,0.07287152982001888,1.3258015190222983
6592,2022-01-03,2022-03-31,67.6,85.76,202201-202204,0.268639053254438,89.07890754656165,winner,5.0,2022-04-08,82.14,2022-10-07,76.99,-0.0626978329681033,-0.010733573851916534,-0.12146464767730991
6770,2022-01-03,2022-03-31,66.54,51.44,202201-202204,-0.2269311692215209,26.17393323476301,loser,140.0,2022-04-08,52.71,2022-10-07,29.69,-0.4367292733826598,-0.09123233998136315,-0.6827260885359736
6781,2022-01-03,2022-03-31,1809.04,1184.27,202201-202204,-0.345359969928802,11.141228830030451,loser,146.0,2022-04-08,1077.03,2022-10-07,637.74,-0.40787164702933065,-0.08363327765706874,-0.6493840136082424
8464,2022-01-03,2022-03-31,355.15,292.55,202201-202204,-0.1762635506124172,32.60540369544085,loser,133.0,2022-04-08,282.12,2022-10-07,227.53,-0.19349922018999008,-0.03520702636448236,-0.34955649216584594
9914,2022-01-03,2022-03-31,296.09,230.49,202201-202204,-0.2215542571515416,26.85644905249912,loser,139.0,2022-04-08,240.06,2022-10-07,167.46,-0.3024243939015246,-0.05825812740256964,-0.5133882737763444
9921,2022-01-03,2022-03-31,310.01,233.74,202201-202204,-0.246024321796071,23.750352846432488,loser,142.0,2022-04-08,237.33,2022-10-07,190.22,-0.19849997893228843,-0.036206655335962346,-0.35759771622845815
9941,2022-01-03,2022-03-31,122.17,158.47,202201-202204,0.2971269542440861,92.69500592914316,winner,3.0,2022-04-08,164.05,2022-10-07,123.99,-0.24419384334044508,-0.045589802662664436,-0.4287570535555125
9945,2022-01-03,2022-03-31,43.02,53.64,202201-202204,0.2468619246861924,86.31463792130852,winner,6.0,2022-04-08,53.5,2022-10-07,37.33,-0.3022429906542056,-0.05821731545217157,-0.5131351559088133
6550,2022-06-01,2022-08-31,105.4,183.32,202206-202209,0.739278937381404,,winner,1.0,2022-09-08,194.31,2023-03-07,99.4,-0.4884462971540322,-0.10570279772678404,-0.7383128091045794
6789,2022-07-01,2022-09-30,292.84,238.27,202207-202210,-0.1863474935118152,,winner,1.0,2022-10-11,198.72,2023-04-06,219.71,0.10562600644122389,0.01687610200094447,0.22240886611916877
1326,2023-01-03,2023-03-31,66.25,64.94,202301-202304,-0.0197735849056604,16.04104196493612,loser,135.0,2023-04-10,65.31,2023-10-11,58.99,-0.09676925432552443,-0.016819811529097728,-0.18417422006833073
1504,2023-01-03,2023-03-31,24.5,38.07,202301-202304,0.5538775510204081,70.66276635608983,winner,5.0,2023-04-10,39.37,2023-10-11,44.7,0.13538227076454168,0.021387059842025824,0.2890929007664471
1802,2023-01-03,2023-03-31,21.35,20.55,202301-202304,-0.0374707259953161,14.355961429795132,loser,137.0,2023-04-10,20.15,2023-10-11,18.85,-0.06451612903225792,-0.011053683167705941,-0.12486992715920942
2049,2023-01-03,2023-03-31,172.55,238.8,202301-202304,0.3839466821211242,54.48234500717752,winner,9.0,2023-04-10,242.14,2023-10-11,200.71,-0.17109936400429496,-0.03079180228913292,-0.3129237356459156
2344,2023-01-03,2023-03-31,18.71,25.1,202301-202304,0.3415285943345804,50.44339353445705,winner,11.0,2023-04-10,25.0,2023-10-11,27.46,0.09840000000000003,0.015765412456913985,0.2064825600000002
2360,2023-01-03,2023-03-31,168.25,164.09,202301-202304,-0.0247251114413075,15.56956914668922,loser,136.0,2023-04-10,163.63,2023-10-11,241.2,0.47405732445150645,0.06680668591576455,1.1728449957691343
2371,2023-01-03,2023-03-31,33.26,31.62,202301-202304,-0.0493084786530365,13.228798207086925,loser,140.0,2023-04-10,31.82,2023-10-11,41.88,0.31615336266499067,0.04684990093273256,0.7322596740543628
2379,2023-01-03,2023-03-31,263.23,352.95,202301-202304,0.3408426091250995,50.37807562135264,winner,12.0,2023-04-10,344.75,2023-10-11,402.87,0.1685859318346628,0.026305781945986872,0.36559308008188673
2449,2023-01-03,2023-03-31,32.41,42.95,202301-202304,0.3252082690527617,48.88941019216247,winner,14.0,2023-04-10,42.68,2023-10-11,75.25,0.7631208997188379,0.09912482137264811,2.108595307025363
2615,2023-01-03,2023-03-31,68.62,59.35,202301-202304,-0.1350918099679394,5.060709299054971,loser,146.0,2023-04-10,59.61,2023-10-11,42.83,-0.28149639322261366,-0.053607059438911975,-0.48375256704788694
2618,2023-01-03,2023-03-31,24.68,23.54,202301-202304,-0.046191247974068,13.525613648296495,loser,139.0,2023-04-10,23.28,2023-10-11,25.37,0.08977663230240548,0.014431941007466476,0.1876131083123731
2880,2023-01-03,2023-03-31,20.91,20.58,202301-202304,-0.0157819225251076,16.421118755093808,loser,134.0,2023-04-10,20.72,2023-10-11,19.88,-0.040540540540540536,-0.006873802624204006,-0.07943754565376149
2888,2023-01-03,2023-03-31,8.55,8.18,202301-202304,-0.0432748538011697,13.80330590540474,loser,138.0,2023-04-10,8.28,2023-10-11,8.9,0.07487922705314022,0.012107426659264009,0.15536535275035668
2915,2023-01-03,2023-03-31,58.17,50.49,202301-202304,-0.1320268179473955,5.352550696940412,loser,145.0,2023-04-10,50.84,2023-10-11,54.02,0.06254917387883556,0.010163114185561817,0.129010746910597
3035,2023-01-03,2023-03-31,137.8,184.21,202301-202304,0.3367924528301886,49.99242917697737,winner,13.0,2023-04-10,187.02,2023-10-11,318.86,0.7049513421024489,0.09299623221789788,1.9068590789369444
3231,2023-01-03,2023-03-31,26.89,38.53,202301-202304,0.4328746746002231,59.141154434777455,winner,7.0,2023-04-10,39.96,2023-10-11,92.71,1.3200700700700698,0.15058007852224975,4.3827251300349355
3443,2023-01-03,2023-03-31,661.43,1049.2,202301-202304,0.586260072872413,73.7461546262713,winner,4.0,2023-04-10,1063.71,2023-10-11,1537.05,0.4449897058408776,0.06327138334986326,1.0879952499861067
3661,2023-01-03,2023-03-31,842.19,1221.42,202301-202304,0.4502903145370997,60.79943108612926,winner,6.0,2023-04-10,1295.3,2023-10-11,2742.82,1.117517177487841,0.13319458441626675,3.4838789969560686
4763,2023-01-03,2023-03-31,135.79,241.71,202301-202304,0.7800279843876575,92.19628362592728,winner,1.0,2023-04-10,303.53,2023-10-11,874.52,1.8811649589826378,0.19287431478794348,7.301111520869419
5269,2023-01-03,2023-03-31,691.67,1109.19,202301-202304,0.6036404643833043,75.40107500463975,winner,3.0,2023-04-10,1172.15,2023-10-11,1265.72,0.07982766710745205,0.012882517268485438,0.16602779065072215
6446,2023-01-03,2023-03-31,478.5,428.0,202301-202304,-0.1055381400208986,7.874740882882306,loser,143.0,2023-04-10,430.5,2023-10-11,316.0,-0.2659698025551684,-0.05022881856506467,-0.46119966923910194
6472,2023-01-03,2023-03-31,320.53,545.9,202301-202304,0.7031167129441863,84.87297158440816,winner,2.0,2023-04-10,593.11,2023-10-11,599.76,0.01121208544789327,0.0018600103320711714,0.02254988175587691
6669,2023-01-03,2023-03-31,740.86,1028.97,202301-202304,0.3888858893718111,54.952644811817976,winner,8.0,2023-04-10,1134.16,2023-10-11,1552.65,0.3689867390844325,0.05373937082202329,0.8741246917890264
8454,2023-01-03,2023-03-31,516.07,707.15,202301-202304,0.3702598484701686,53.17911660118266,winner,10.0,2023-04-10,686.79,2023-10-11,475.21,-0.30807088047292475,-0.05953291309834785,-0.5212340935504864
9904,2023-01-03,2023-03-31,29.63,27.59,202301-202304,-0.0688491393857576,11.368182027462922,loser,142.0,2023-04-10,27.64,2023-10-11,27.0,-0.023154848046309715,-0.0038969094138375793,-0.04577354910457232
9910,2023-01-03,2023-03-31,190.34,180.08,202301-202304,-0.0539035410318377,12.791267075191136,loser,141.0,2023-04-10,178.68,2023-10-11,177.75,-0.005204835460040334,-0.0008693598543233483,-0.010382580607913972
9914,2023-01-03,2023-03-31,161.33,158.97,202301-202304,-0.0146284014132524,16.530954347329526,loser,133.0,2023-04-10,156.61,2023-10-11,175.57,0.12106506608773372,0.019229073143610664,0.25678688240229564
9921,2023-01-03,2023-03-31,188.29,165.7,202301-202304,-0.1199745074087843,6.500143621085621,loser,144.0,2023-04-10,165.23,2023-10-11,173.3,0.04884100950190657,0.007979291888198903,0.10006746321297788
6526,2023-10-02,2023-12-29,555.2,560.05,202310-202401,0.0087355907780978,,winner,1.0,2024-01-08,524.14,2024-07-08,716.32,0.36665776319304016,0.05344038143759189,0.8677534416958055
2258,2023-11-20,2024-01-31,48.65,41.6,202311-202402,-0.1449126413155189,,winner,1.0,2024-02-15,39.7,2024-08-07,41.25,0.0390428211586901,0.006403737659682607,0.07960998420140908
1301,2024-01-02,2024-03-29,76.79,66.81,202401-202404,-0.1299648391717672,9.400405700192332,loser,135.0,2024-04-08,68.26,2024-10-07,51.47,-0.24597128625842374,-0.04596425368342705,-0.4314406988532241
1303,2024-01-02,2024-03-29,65.75,55.2,202401-202404,-0.1604562737642585,7.656116533811892,loser,138.0,2024-04-08,56.87,2024-10-07,45.45,-0.20080886231756628,-0.03666994543554436,-0.3612935254498574
1319,2024-01-02,2024-03-29,69.58,115.04,202401-202404,0.6533486634090258,54.21053925709817,winner,3.0,2024-04-08,112.28,2024-10-07,101.8,-0.09333808336302106,-0.01619831436414143,-0.17796416892015932
1513,2024-01-02,2024-03-29,116.72,176.06,202401-202404,0.5083961617546265,45.91840470670301,winner,4.0,2024-04-08,178.51,2024-10-07,168.5,-0.056075289899725454,-0.009572038955413698,-0.10900614166211264
1519,2024-01-02,2024-03-29,342.0,683.0,202401-202404,0.9970760233918128,73.87376331393446,winner,1.0,2024-04-08,776.0,2024-10-07,654.0,-0.15721649484536082,-0.028105022424397164,-0.2897159634392604
2059,2024-01-02,2024-03-29,879.98,1235.92,202401-202404,0.404486465601491,39.97415971776991,winner,8.0,2024-04-08,1324.91,2024-10-07,1070.0,-0.19239797420202132,-0.03498758652528078,-0.347778967927001
2317,2024-01-02,2024-03-29,98.79,141.12,202401-202404,0.4284846644397205,41.34699765752614,winner,7.0,2024-04-08,148.65,2024-10-07,190.58,0.28207198116380766,0.042282393251801054,0.6437085648852916
2371,2024-01-02,2024-03-29,40.48,54.14,202401-202404,0.3374505928853756,36.13931402748636,winner,12.0,2024-04-08,53.18,2024-10-07,46.48,-0.12598721323805948,-0.022193399867760255,-0.23610164857662708
2377,2024-01-02,2024-03-29,191.89,164.27,202401-202404,-0.1439366303611443,8.601137173398858,loser,137.0,2024-04-08,166.21,2024-10-07,172.0,0.03483544913061784,0.0057233876445192955,0.07088440677736707
2382,2024-01-02,2024-03-29,197.79,271.27,202401-202404,0.371505131705344,38.08743368546995,winner,10.0,2024-04-08,269.43,2024-10-07,255.32,-0.05236981776342654,-0.008925092112027966,-0.10199703771427815
2388,2024-01-02,2024-03-29,156.37,125.0,202401-202404,-0.2006139285029098,5.358862795375952,loser,142.0,2024-04-08,126.49,2024-10-07,128.59,0.01660210293303825,0.002748068139600379,0.03347983568787605
2404,2024-01-02,2024-03-29,240.88,356.55,202401-202404,0.4801976087678513,44.30528183663152,winner,5.0,2024-04-08,357.91,2024-10-07,315.33,-0.11896845575703399,-0.020889045263872585,-0.2237834180488545
2408,2024-01-02,2024-03-29,76.5,67.7,202401-202404,-0.115032679738562,10.254612931767436,loser,132.0,2024-04-08,68.1,2024-10-07,45.15,-0.33700440528634357,-0.06620450629325703,-0.5604368413902848
2609,2024-01-02,2024-03-29,46.08,38.6,202401-202404,-0.1623263888888888,7.549134963565271,loser,139.0,2024-04-08,39.21,2024-10-07,57.43,0.46467737821984184,0.06567226322779152,1.1452798222689484
2610,2024-01-02,2024-03-29,20.9,18.23,202401-202404,-0.1277511961722487,9.527039082776597,loser,134.0,2024-04-08,17.95,2024-10-07,20.04,0.11643454038997214,0.018526213331615526,0.2464260829757685
2615,2024-01-02,2024-03-29,51.78,41.75,202401-202404,-0.1937041328698339,5.754143693954768,loser,140.0,2024-04-08,41.75,2024-10-07,82.62,0.9789221556886228,0.12048174442462933,2.916132898275305
3017,2024-01-02,2024-03-29,325.66,539.63,202401-202404,0.6570349444205612,54.42141618429394,winner,2.0,2024-04-08,563.35,2024-10-07,611.0,0.08458329635217889,0.013624623077855391,0.17632092672615673
3036,2024-01-02,2024-03-29,104.75,138.57,202401-202404,0.3228639618138424,35.304873047843856,winner,14.0,2024-04-08,130.11,2024-10-07,101.24,-0.22188917070171404,-0.04095222242825736,-0.3945435373287338
3231,2024-01-02,2024-03-29,88.46,118.01,202401-202404,0.3340492878137012,35.94473939800869,winner,13.0,2024-04-08,124.62,2024-10-07,98.63,-0.20855400417268502,-0.038232240810002205,-0.3736132356889095
3443,2024-01-02,2024-03-29,1629.76,1215.0,202401-202404,-0.254491458865109,2.2767515802722875,loser,145.0,2024-04-08,1268.68,2024-10-07,1093.78,-0.13785982280795794,-0.024419792632988768,-0.25671431487127394
3533,2024-01-02,2024-03-29,1012.44,1376.13,202401-202404,0.3592212871873889,37.38472562333609,winner,11.0,2024-04-08,1523.57,2024-10-07,1550.0,0.017347414296684804,0.0028705564646089865,0.03499576137615046
5269,2024-01-02,2024-03-29,1725.53,2368.27,202401-202404,0.3724884528231905,38.14368542947136,winner,9.0,2024-04-08,2486.93,2024-10-07,1580.0,-0.3646785394040041,-0.07281672797203931,-0.5963666417061706
6239,2024-01-02,2024-03-29,130.66,191.92,202401-202404,0.4688504515536506,43.65615779040444,winner,6.0,2024-04-08,181.87,2024-10-07,135.0,-0.2577115522076208,-0.04845620053110722,-0.4490078602739802
6505,2024-01-02,2024-03-29,76.73,65.92,202401-202404,-0.140883617880881,8.775787420765669,loser,136.0,2024-04-08,68.95,2024-10-07,53.8,-0.21972443799854974,-0.040508052708330466,-0.39117004734332084
6531,2024-01-02,2024-03-29,440.94,385.28,202401-202404,-0.1262303261214678,9.614041783321976,loser,133.0,2024-04-08,385.76,2024-10-07,299.11,-0.2246215263376192,-0.04151433214253908,-0.39878822258099644
8046,2024-01-02,2024-03-29,240.54,192.91,202401-202404,-0.1980128045231562,5.50766236610569,loser,141.0,2024-04-08,198.68,2024-10-07,140.26,-0.29404066841151605,-0.05638113700191938,-0.501621422143141
8454,2024-01-02,2024-03-29,447.05,340.57,202401-202404,-0.2381836483614808,3.209654133695232,loser,144.0,2024-04-08,344.53,2024-10-07,379.53,0.10158767015934753,0.016256128755390842,0.21349539504709925
9941,2024-01-02,2024-03-29,180.86,140.56,202401-202404,-0.2228242839765565,4.088299997924608,loser,143.0,2024-04-08,140.56,2024-10-07,149.0,0.060045532157085926,0.009766023058622508,0.12369653024620009
