combination,remark,count,mean_return2
201001-201010,loser,14,-0.10954490350024142
201001-201010,winner,14,0.09426227339278882
201002-201011,loser,14,-0.05737851528804109
201002-201011,winner,14,0.10923283714257596
201003-201012,loser,14,-0.02573719181527387
201003-201012,winner,14,0.06281503169995006
201004-201101,loser,14,-0.17202449912974407
201004-201101,winner,14,-0.029189369740703623
201005-201102,loser,14,-0.2748484833999186
201005-201102,winner,14,-0.02045592139651201
201006-201103,loser,14,-0.24993096255163322
201006-201103,winner,14,0.004308839145886645
201007-201104,loser,14,-0.18235412120601763
201007-201104,winner,14,-0.1579395922353676
201008-201105,loser,14,-0.25118439588501273
201008-201105,winner,14,-0.1333530607413939
201009-201106,loser,14,-0.37309228354166135
201009-201106,winner,14,-0.2733364167483761
201010-201107,loser,14,-0.30273305273134854
201010-201107,winner,14,-0.23372950407440926
201011-201108,loser,14,-0.1288846615662175
201011-201108,winner,14,-0.23414006533670628
201012-201109,loser,14,0.11458382527756283
201012-201109,winner,14,-0.023562660080872124
201101-201110,loser,14,0.12120583834775932
201101-201110,winner,14,0.24888311770379407
201102-201111,loser,14,0.0006159937808273604
201102-201111,winner,14,0.027499631771819164
201103-201112,loser,14,0.15319704376254428
201103-201112,winner,14,0.10326196712177982
201104-201201,loser,14,0.018645104917160264
201104-201201,winner,14,0.2276283796930791
201105-201202,loser,14,-0.18361487115556432
201105-201202,winner,14,0.15753014260686496
201106-201203,loser,14,-0.29781685615652853
201106-201203,winner,14,0.06388789309754331
201107-201204,loser,14,-0.13087806372082436
201107-201204,winner,14,0.11582789215964476
201108-201205,loser,14,-0.1573698616106563
201108-201205,winner,14,0.025578076152258575
201109-201206,loser,14,0.06468795856751346
201109-201206,winner,14,0.04877157295620144
201110-201207,loser,14,0.049646486437938966
201110-201207,winner,14,0.09569832527396437
201111-201208,loser,14,0.1470880121113935
201111-201208,winner,14,0.09294064936179701
201112-201209,loser,14,0.06796618711623002
201112-201209,winner,14,0.1269830839545282
201201-201210,loser,14,0.03331861833659209
201201-201210,winner,14,0.09468439427728734
201202-201211,loser,14,0.1660257695234346
201202-201211,winner,14,0.17443239476800687
201203-201212,loser,14,0.08948080265842037
201203-201212,winner,14,0.18522551320418743
201204-201301,loser,14,-0.06284590086867621
201204-201301,winner,14,0.11259224330940061
201205-201302,loser,14,0.07477572989848451
201205-201302,winner,14,0.1071495838465472
201206-201303,loser,14,0.030486450425303502
201206-201303,winner,14,0.08992730369493518
201207-201304,loser,14,-0.03465133381896997
201207-201304,winner,14,-0.051513126347033956
201208-201305,loser,14,0.045262487527737594
201208-201305,winner,14,-0.062317839586734994
201209-201306,loser,14,0.021761108227596172
201209-201306,winner,14,-0.016902599373197803
201210-201307,loser,14,0.006662669792241944
201210-201307,winner,14,0.13659091117601924
201211-201308,loser,14,0.017615489342491093
201211-201308,winner,14,0.08489476733741823
201212-201309,loser,14,-0.00709389128641802
201212-201309,winner,14,0.10727668468038294
201301-201310,loser,14,-0.051995547640158526
201301-201310,winner,14,0.09099505054460506
201302-201311,loser,14,0.054198913332453524
201302-201311,winner,14,0.03481425330181919
201303-201312,loser,14,0.11948992019459738
201303-201312,winner,13,-0.027545979634753755
201304-201401,loser,14,0.12783939366534974
201304-201401,winner,14,0.19193519313564475
201305-201402,loser,14,0.20866043975147214
201305-201402,winner,12,0.25889017825312965
201306-201403,loser,14,0.2503430249183876
201306-201403,winner,14,0.10517845901705909
201307-201404,loser,14,-0.044622077819241344
201307-201404,winner,14,0.025679178372940613
201308-201405,loser,14,-0.1374609983944088
201308-201405,winner,14,-0.04887664029115712
201309-201406,loser,14,-0.12218006074914982
201309-201406,winner,14,-0.015550186755540466
201310-201407,loser,14,-0.06298559707893095
201310-201407,winner,14,-0.05904628602447208
201311-201408,loser,14,-0.12114531587766901
201311-201408,winner,14,0.06739924288677593
201312-201409,loser,14,-0.01830661670355709
201312-201409,winner,14,-0.04279407232377191
201401-201410,loser,14,-0.007159675383202472
201401-201410,winner,14,0.1992798199547829
201402-201411,loser,14,0.040885936956320125
201402-201411,winner,14,0.18094079320496842
201403-201412,loser,14,0.0011632496323781807
201403-201412,winner,14,0.10326312254254345
201404-201501,loser,14,-0.14680408587782617
201404-201501,winner,14,-0.06078164452149259
201405-201502,loser,14,-0.21782527019296474
201405-201502,winner,14,-0.10173201388976916
201406-201503,loser,14,-0.27099923179159563
201406-201503,winner,14,-0.08325036681585164
201407-201504,loser,14,-0.31239545429467847
201407-201504,winner,14,-0.16625936881247702
201408-201505,loser,14,-0.1675194095835917
201408-201505,winner,14,-0.15324547516730316
201409-201506,loser,14,-0.16823670352421563
201409-201506,winner,14,-0.19312910405633515
201410-201507,loser,14,-0.015561957305491812
201410-201507,winner,14,-0.16084921022220575
201411-201508,loser,14,0.09309466287567762
201411-201508,winner,14,-0.09550647769708923
201412-201509,loser,14,0.227389397149551
201412-201509,winner,14,-0.10505868636052738
201501-201510,loser,14,0.10361501145242778
201501-201510,winner,14,-0.04232014639533955
201502-201511,loser,14,0.008815267497929935
201502-201511,winner,13,-0.051773948714643296
201503-201512,loser,14,-0.03802097523809839
201503-201512,winner,12,-0.11792615695127508
201504-201601,loser,14,0.0029144585045849758
201504-201601,winner,12,-0.03072949600449222
201505-201602,loser,14,0.15413277520617544
201505-201602,winner,12,0.0764637120042331
201506-201603,loser,14,0.148318519098971
201506-201603,winner,12,0.12118333758118978
201507-201604,loser,14,0.1315128131908454
201507-201604,winner,13,0.04853021018041529
201508-201605,loser,14,0.05148332621794798
201508-201605,winner,14,0.043360403469590955
201509-201606,loser,14,0.039078552236561856
201509-201606,winner,14,0.05548709076249058
201510-201607,loser,14,0.08047732026822374
201510-201607,winner,14,0.008795151449216674
201511-201608,loser,14,0.10716403838959503
201511-201608,winner,14,-0.0138776438706005
201512-201609,loser,14,0.17298281268782614
201512-201609,winner,14,0.0729324068613346
201601-201610,loser,14,0.16112959774703453
201601-201610,winner,14,0.009577058198145454
201602-201611,loser,14,0.08387191521653907
201602-201611,winner,14,0.0210459215755546
201603-201612,loser,14,0.25479720022030494
201603-201612,winner,14,0.06824445368801597
201604-201701,loser,14,0.3417018104109408
201604-201701,winner,14,0.10900791369338343
201605-201702,loser,14,0.1798522358448426
201605-201702,winner,14,0.1738550586409627
201606-201703,loser,14,0.1060459751481468
201606-201703,winner,14,0.3851115581150661
201607-201704,loser,14,0.0778157269505834
201607-201704,winner,14,0.29435103525067197
201608-201705,loser,14,0.12073121760621361
201608-201705,winner,14,0.2676717656650654
201609-201706,loser,14,0.03264371845000035
201609-201706,winner,14,0.3559321050116711
201610-201707,loser,14,0.0015439063256086187
201610-201707,winner,14,0.1621081296013569
201611-201708,loser,14,0.08597598095280663
201611-201708,winner,14,0.21299725387119572
201612-201709,loser,14,0.022799871729152155
201612-201709,winner,14,0.055028198850148355
201701-201710,loser,14,0.11619773366091975
201701-201710,winner,14,0.0648961619508306
201702-201711,loser,14,0.03050116245105675
201702-201711,winner,14,-0.014763447648632966
201703-201712,loser,14,-0.03724029615703297
201703-201712,winner,14,-0.05359501631100936
201704-201801,loser,14,0.02914826571660356
201704-201801,winner,14,0.16529515387175492
201705-201802,loser,14,0.027913371739092214
201705-201802,winner,14,0.08090352424905854
201706-201803,loser,14,0.012556703595074091
201706-201803,winner,14,0.20003546891350404
201707-201804,loser,14,-0.0713751358108244
201707-201804,winner,14,-0.031204029939462943
201708-201805,loser,14,-0.14755064164843126
201708-201805,winner,14,-0.2618042953682838
201709-201806,loser,14,-0.17417039357077194
201709-201806,winner,14,-0.2086183987093049
201710-201807,loser,14,-0.16219041715554752
201710-201807,winner,14,-0.16917910616928614
201711-201808,loser,14,-0.2357428379180754
201711-201808,winner,14,-0.18748108074484682
201712-201809,loser,14,-0.03755993361847305
201712-201809,winner,14,-0.07927832537366293
201801-201810,loser,14,-0.00334611009434187
201801-201810,winner,14,-0.005517229661661698
201802-201811,loser,14,0.19737849338725658
201802-201811,winner,13,0.18913668042155807
201803-201812,loser,14,-0.07272423817691358
201803-201812,winner,13,0.09218648995552041
201804-201901,loser,14,0.192590077500828
201804-201901,winner,13,0.2469342679075347
201805-201902,loser,14,0.18134509966488466
201805-201902,winner,13,0.15482784768665317
201806-201903,loser,14,-0.03420781794766631
201806-201903,winner,14,0.17908750904924647
201807-201904,loser,14,0.03470581850082805
201807-201904,winner,14,0.08234918598488696
201808-201905,loser,14,0.10536793680862182
201808-201905,winner,14,0.09298568271391272
201809-201906,loser,14,0.20307904997874804
201809-201906,winner,14,0.14203174387049908
201810-201907,loser,14,0.0851462722006533
201810-201907,winner,14,0.07471260759156487
201811-201908,loser,14,0.11411196242451485
201811-201908,winner,14,0.08728188635058545
201812-201909,loser,14,0.0838183360092641
201812-201909,winner,14,-0.029621541689903264
201901-201910,loser,14,-0.25140485284454
201901-201910,winner,14,-0.14953511899682867
201902-201911,loser,14,-0.07354824243688023
201902-201911,winner,14,0.024862206449217942
201903-201912,loser,14,-0.13767952494553753
201903-201912,winner,14,0.10749147844869476
201904-202001,loser,14,-0.10626243517165859
201904-202001,winner,14,-0.005312479321159108
201905-202002,loser,14,0.015168589362684707
201905-202002,winner,14,0.2235171552682689
201906-202003,loser,14,0.10174943538702774
201906-202003,winner,14,0.19790414116714175
201907-202004,loser,14,0.513213344176484
201907-202004,winner,14,0.3408913083213078
201908-202005,loser,14,0.3004498542898161
201908-202005,winner,14,0.21430769787433104
201909-202006,loser,14,0.3044934491031369
201909-202006,winner,14,0.29719487691487984
201910-202007,loser,14,0.5548636127656067
201910-202007,winner,14,0.25217038515145057
201911-202008,loser,14,0.2004843857715716
201911-202008,winner,13,0.33541928567583645
201912-202009,loser,14,0.3580625826534118
201912-202009,winner,14,0.35611787755667823
202001-202010,loser,14,0.3664872732011461
202001-202010,winner,14,0.32635726713599184
202002-202011,loser,14,0.3107363283122386
202002-202011,winner,14,0.8163026971582273
202003-202012,loser,14,0.046405270632143725
202003-202012,winner,14,0.7107376696864913
202004-202101,loser,14,0.05697724135118092
202004-202101,winner,14,0.6737014415815007
202005-202102,loser,14,0.07319428417972894
202005-202102,winner,14,0.7617809886471409
202006-202103,loser,14,0.02623393535749378
202006-202103,winner,14,0.6253865952966722
202007-202104,loser,14,-0.030309887670284228
202007-202104,winner,14,0.28945757034718955
202008-202105,loser,14,0.07168340387606262
202008-202105,winner,14,0.016139974313658982
202009-202106,loser,14,0.06598186626042998
202009-202106,winner,14,0.14397728321300104
202010-202107,loser,14,0.026346366048534454
202010-202107,winner,14,0.13752497913600045
202011-202108,loser,14,-0.005789116603356921
202011-202108,winner,14,-0.058633322342912804
202012-202109,loser,14,-0.025016491124471952
202012-202109,winner,14,0.0835539197969178
202101-202110,loser,14,0.030660198797547725
202101-202110,winner,14,0.03835702414573415
202102-202111,loser,14,-0.12604720434752606
202102-202111,winner,14,0.022503389765881728
202103-202112,loser,14,-0.06832221208429261
202103-202112,winner,14,-0.10279755106709944
202104-202201,loser,14,-0.2201600318017674
202104-202201,winner,14,-0.2651787400703828
202105-202202,loser,14,-0.2286222177679264
202105-202202,winner,14,-0.23988980910824412
202106-202203,loser,14,-0.21431776464487268
202106-202203,winner,14,-0.22095682324631458
202107-202204,loser,14,-0.31688424983306496
202107-202204,winner,14,-0.31513114170734424
202108-202205,loser,14,-0.2427869443085593
202108-202205,winner,14,-0.18975911573702361
202109-202206,loser,14,-0.15375137088621765
202109-202206,winner,14,-0.08692273946871841
202110-202207,loser,14,-0.009917924043556908
202110-202207,winner,14,0.026327702979591704
202111-202208,loser,14,0.07109079407332429
202111-202208,winner,14,0.03449407320402053
202112-202209,loser,14,0.12366209619515353
202112-202209,winner,14,0.030027357840628908
202201-202210,loser,14,0.39851931715717814
202201-202210,winner,14,0.07057042372362202
202202-202211,loser,14,0.3418138524645151
202202-202211,winner,14,0.15049978034536368
202203-202212,loser,14,0.07778638396431438
202203-202212,winner,14,0.13152680617823398
202204-202301,loser,14,0.22875606521778855
202204-202301,winner,14,0.3668494415069984
202205-202302,loser,14,0.20353443422566406
202205-202302,winner,14,0.46901345279871265
202206-202303,loser,14,0.06550018614740981
202206-202303,winner,14,0.4196752003797011
202207-202304,loser,14,-0.040947593847354614
202207-202304,winner,14,0.4087671330166846
202208-202305,loser,14,-0.049701324736627375
202208-202305,winner,14,0.34358470874252134
202209-202306,loser,14,0.17165004184739346
202209-202306,winner,14,0.3178244891680378
202210-202307,loser,14,0.03617707556296651
202210-202307,winner,14,0.187919837283728
202211-202308,loser,14,-0.001973088698584463
202211-202308,winner,14,0.18842831411142383
202212-202309,loser,14,0.0107836536916486
202212-202309,winner,14,0.23442404963815097
202301-202310,loser,14,0.008982595967702822
202301-202310,winner,14,0.1156596732718784
202302-202311,loser,14,0.035693210926910676
202302-202311,winner,14,0.27098923686288895
202303-202312,loser,14,0.04756305488890867
202303-202312,winner,14,0.17245535095747605
202304-202401,loser,14,0.04857872168619826
202304-202401,winner,14,0.22535857658383276
202305-202402,loser,14,0.12850440785667955
202305-202402,winner,14,-0.02131037548380877
202306-202403,loser,14,-0.06960581356926426
202306-202403,winner,14,-0.08050072428439765
202307-202404,loser,14,0.06379650108450106
202307-202404,winner,14,-0.1307319470779566
202308-202405,loser,14,-0.10088127370592397
202308-202405,winner,14,-0.05545658149541186
202309-202406,loser,14,-0.2140717015785469
202309-202406,winner,14,-0.07650320428876518
