,date,stock_id,Trading_Volume,Trading_money,open,max,min,close,spread,Trading_turnover
0,2016-05-03,6452,642282,227239379,352.0,357.5,348.5,352.5,2.5,585
1,2016-05-04,6452,483100,170744950,352.5,356.0,351.0,355.5,3.0,411
2,2016-05-05,6452,395000,138969500,355.5,356.0,349.5,350.0,-5.5,332
3,2016-05-06,6452,1016012,349888741,350.0,350.5,336.0,348.0,-2.0,779
4,2016-05-09,6452,1152650,384998050,346.0,347.0,324.5,324.5,-23.5,983
5,2016-05-10,6452,1060222,354140978,324.5,341.0,321.5,335.0,10.5,939
6,2016-05-11,6452,734060,243495189,339.5,339.5,326.0,329.0,-6.0,628
7,2016-05-12,6452,982200,313580800,327.0,334.0,308.0,311.5,-17.5,866
8,2016-05-13,6452,1187329,373624886,314.0,321.5,306.5,318.0,6.5,1062
9,2016-05-16,6452,1495440,496592360,317.5,348.0,311.0,334.0,16.0,1327
10,2016-05-17,6452,975578,331482754,335.0,343.0,335.0,341.0,7.0,713
11,2016-05-18,6452,693037,238499617,341.0,348.0,338.5,343.0,2.0,615
12,2016-05-19,6452,751540,260631849,347.0,352.0,342.5,342.5,-0.5,621
13,2016-05-20,6452,590200,201688100,343.0,346.0,336.0,342.5,0.0,533
14,2016-05-23,6452,1403654,498914728,347.0,367.5,344.0,361.0,18.5,1114
15,2016-05-24,6452,569240,205413740,362.5,365.5,358.0,358.0,-3.0,496
16,2016-05-25,6452,767100,280514600,365.0,370.5,362.0,362.0,4.0,662
17,2016-05-26,6452,698172,256476296,366.0,372.0,361.0,370.0,8.0,593
18,2016-05-27,6452,1231065,466020135,372.0,384.0,372.0,379.0,9.0,1078
19,2016-05-30,6452,1107237,420496534,379.0,385.5,375.0,375.0,-4.0,915
20,2016-05-31,6452,781250,294753000,380.0,381.5,374.0,376.0,1.0,594
21,2016-06-01,6452,740010,273588200,373.5,375.5,366.0,367.0,-9.0,597
22,2016-06-02,6452,489010,178986690,366.0,370.5,362.5,363.5,-3.5,436
23,2016-06-03,6452,307050,112399450,366.5,370.0,363.0,365.0,1.5,286
24,2016-06-04,6452,695020,259082540,367.0,377.0,364.0,373.0,8.0,600
25,2016-06-06,6452,443111,164792625,374.0,376.5,366.5,373.0,0.0,387
26,2016-06-07,6452,766180,290397760,375.0,382.0,375.0,381.0,8.0,635
27,2016-06-08,6452,678300,255109300,382.0,382.0,374.0,374.0,-7.0,392
28,2016-06-13,6452,451300,169516400,374.0,379.5,372.0,378.0,4.0,394
29,2016-06-14,6452,532110,197586920,376.0,378.0,369.0,369.5,-8.5,478
30,2016-06-15,6452,502100,183658500,371.5,371.5,362.0,362.0,-7.5,405
31,2016-06-16,6452,374150,135386250,362.5,365.5,357.5,361.0,-1.0,324
32,2016-06-17,6452,426302,155913381,363.5,370.0,362.5,365.5,4.5,346
33,2016-06-20,6452,173300,63453900,368.0,368.0,364.5,365.0,-0.5,161
34,2016-06-21,6452,608067,226504424,367.0,376.0,366.5,373.0,8.0,522
35,2016-06-22,6452,304140,112839800,373.0,374.5,369.0,370.5,-2.5,273
36,2016-06-23,6452,387101,144457173,372.5,375.0,370.0,373.0,2.5,316
37,2016-06-24,6452,974180,350523110,374.5,375.5,344.0,356.5,-16.5,849
38,2016-06-27,6452,995134,367870482,361.5,376.5,359.0,375.5,19.0,752
39,2016-06-28,6452,680661,256640847,370.5,380.5,370.0,380.0,4.5,624
40,2016-06-29,6452,1404886,547766040,381.0,395.5,381.0,392.0,12.0,1150
41,2016-06-30,6452,1322685,528447000,395.0,402.5,394.0,401.0,9.0,1113
42,2016-07-01,6452,2143442,881091778,405.0,418.0,403.0,409.0,8.0,1749
43,2016-07-04,6452,1000701,411830060,409.0,415.5,405.5,414.5,5.5,875
44,2016-07-05,6452,2978220,1320356708,418.5,455.5,418.5,455.5,41.0,2351
45,2016-07-06,6452,3204115,1492498050,450.5,478.5,450.0,473.0,17.5,2562
46,2016-07-07,6452,2204125,1042384625,473.0,481.0,464.0,473.0,0.0,1881
47,2016-07-11,6452,1512274,721685452,473.0,491.0,464.5,491.0,18.0,1353
48,2016-07-12,6452,1639121,821284710,492.0,508.0,491.0,506.0,15.0,1415
49,2016-07-13,6452,1663704,837719092,513.0,516.0,494.5,498.0,-8.0,1477
50,2016-07-14,6452,1412240,694941840,498.0,498.0,488.5,491.0,-7.0,1229
51,2016-07-15,6452,1516250,767277250,497.0,513.0,497.0,512.0,21.0,1359
52,2016-07-18,6452,956608,485422216,509.0,516.0,502.0,502.0,-10.0,861
53,2016-07-19,6452,1319197,652605020,504.0,506.0,488.5,492.5,-9.5,1132
54,2016-07-20,6452,1099700,539744500,492.5,497.0,485.0,489.5,-3.0,964
55,2016-07-21,6452,944366,467479454,492.5,502.0,489.0,490.5,1.0,850
56,2016-07-22,6452,809060,399006560,492.0,500.0,486.0,493.5,3.0,732
57,2016-07-25,6452,597665,292059022,496.0,497.0,485.0,485.5,-8.0,558
58,2016-07-26,6452,1143975,552315236,481.0,494.0,472.5,493.5,8.0,1028
59,2016-07-27,6452,1092444,544070380,501.0,507.0,488.0,488.0,-5.5,977
60,2016-07-28,6452,837197,407875546,486.0,494.5,481.0,484.0,-4.0,759
61,2016-07-29,6452,417920,203328980,486.0,490.0,483.0,488.0,4.0,384
62,2016-08-01,6452,739717,360218670,488.5,494.0,483.0,485.0,-3.0,584
63,2016-08-02,6452,488180,236726940,487.0,490.5,481.0,483.0,-2.0,443
64,2016-08-03,6452,750100,365469700,483.0,492.5,479.0,486.0,3.0,627
65,2016-08-04,6452,476170,230587694,488.0,490.0,481.5,481.5,-4.5,444
66,2016-08-05,6452,483200,232063500,482.5,484.0,478.0,478.5,-3.0,417
67,2016-08-08,6452,1437240,704791919,482.0,501.0,474.5,493.5,15.0,1259
68,2016-08-09,6452,713111,348289057,493.5,496.0,482.0,482.0,-11.5,639
69,2016-08-10,6452,1140533,563160901,482.0,500.0,482.0,495.5,13.5,1000
70,2016-08-11,6452,785410,387573925,494.0,498.5,489.0,491.0,-4.5,687
71,2016-08-12,6452,454035,223302755,489.5,495.5,488.5,491.0,0.0,390
72,2016-08-15,6452,214010,105095930,494.0,494.5,489.5,490.0,-1.0,204
73,2016-08-16,6452,2637462,1359657088,492.0,525.0,491.5,515.0,25.0,2174
74,2016-08-17,6452,1386537,709821703,522.0,524.0,504.0,504.0,-11.0,1193
75,2016-08-18,6452,654380,332364460,506.0,513.0,503.0,510.0,6.0,561
76,2016-08-19,6452,1553030,807617510,515.0,529.0,512.0,513.0,3.0,1385
77,2016-08-22,6452,771512,390773560,515.0,517.0,502.0,505.0,-8.0,650
78,2016-08-23,6452,700394,354837728,508.0,513.0,501.0,502.0,-3.0,598
79,2016-08-24,6452,820197,405880500,505.0,505.0,491.0,492.0,-10.0,729
80,2016-08-25,6452,943130,459598350,494.0,494.0,482.0,490.5,-1.5,845
81,2016-08-26,6452,408340,199473160,494.0,494.0,485.5,488.0,-2.5,355
82,2016-08-29,6452,414080,202992600,494.5,495.0,486.0,486.0,-2.0,384
83,2016-08-30,6452,531065,260476577,491.0,494.5,485.5,488.0,2.0,460
84,2016-08-31,6452,341150,167261650,488.5,494.0,487.5,491.0,3.0,304
85,2016-09-01,6452,752250,373569125,495.0,501.0,492.0,492.5,1.5,667
86,2016-09-02,6452,535252,260493724,495.0,495.5,482.0,485.0,-7.5,498
87,2016-09-05,6452,1466158,692539550,481.5,484.0,463.0,470.0,-15.0,1301
88,2016-09-06,6452,577307,273746399,471.5,479.0,469.0,473.0,3.0,505
89,2016-09-07,6452,657430,312712550,475.0,480.5,472.0,477.0,4.0,495
90,2016-09-08,6452,539054,257267296,480.0,482.0,473.0,473.0,-4.0,449
91,2016-09-09,6452,1016183,469600095,472.5,472.5,452.0,455.0,-18.0,869
92,2016-09-10,6452,1663737,730689020,442.5,453.5,424.0,453.5,-1.5,1389
93,2016-09-12,6452,824250,372823000,461.5,461.5,444.0,447.0,-6.5,683
94,2016-09-13,6452,684340,301511280,453.0,453.0,436.0,436.5,-10.5,630
95,2016-09-14,6452,731100,318441300,433.0,439.5,430.0,436.5,0.0,631
96,2016-09-19,6452,1367354,628513464,445.0,469.0,440.0,466.5,30.0,788
97,2016-09-20,6452,749823,350552835,464.5,472.0,462.0,467.0,0.5,668
98,2016-09-21,6452,334340,156368850,466.5,471.0,463.0,468.0,1.0,292
99,2016-09-22,6452,794150,377348775,473.0,479.0,471.0,471.5,3.5,695
100,2016-09-23,6452,359000,170158000,475.0,478.0,470.5,472.0,0.5,326
101,2016-09-26,6452,266630,124110120,472.0,472.0,463.0,464.0,-8.0,224
102,2016-09-29,6452,435420,205347290,469.5,475.5,467.5,468.0,4.0,396
103,2016-09-30,6452,252344,118573244,468.0,472.5,466.5,469.0,1.0,229
104,2016-10-03,6452,594229,284040420,472.0,483.0,472.0,475.0,6.0,475
105,2016-10-04,6452,690480,321837700,478.5,478.5,458.0,460.0,-15.0,533
106,2016-10-05,6452,553470,251226820,462.5,462.5,450.0,452.5,-7.5,529
107,2016-10-06,6452,371115,170203245,458.0,463.0,453.5,461.0,8.5,288
108,2016-10-07,6452,149040,68511600,461.5,462.0,457.5,460.0,-1.0,138
109,2016-10-11,6452,470340,213369400,468.0,468.0,446.0,449.0,-11.0,414
110,2016-10-12,6452,773593,347202408,445.0,459.0,435.0,456.5,7.5,650
111,2016-10-13,6452,476300,218211100,460.0,461.5,453.0,456.0,-0.5,344
112,2016-10-14,6452,443448,203169644,451.0,464.0,451.0,464.0,8.0,384
113,2016-10-17,6452,818272,386982500,467.0,477.5,467.0,477.0,13.0,747
114,2016-10-18,6452,924814,449606000,478.5,491.5,477.0,490.5,13.5,831
115,2016-10-19,6452,874610,431206150,493.5,498.5,490.0,490.0,-0.5,760
116,2016-10-20,6452,521620,256335500,492.0,493.0,488.5,492.0,2.0,420
117,2016-10-21,6452,1226540,618756280,495.0,512.0,494.0,503.0,11.0,1045
118,2016-10-24,6452,827785,413298360,508.0,510.0,490.5,490.5,-12.5,717
119,2016-10-25,6452,533455,263014225,497.0,497.0,489.0,492.5,2.0,445
120,2016-10-26,6452,663020,326817970,497.0,497.5,491.0,491.0,-1.5,500
121,2016-10-27,6452,939297,456951936,493.5,495.0,480.0,485.0,-6.0,781
122,2016-10-28,6452,1100174,528492020,492.0,492.5,466.0,471.5,-13.5,897
123,2016-10-31,6452,520640,244555577,466.0,483.0,454.0,476.5,5.0,450
124,2016-11-01,6452,346200,165571000,471.0,480.0,471.0,479.5,3.0,241
125,2016-11-02,6452,706362,332380088,479.5,481.0,465.5,466.0,-13.5,450
126,2016-11-03,6452,1761329,783097199,450.0,453.0,436.0,447.5,0.0,1381
127,2016-11-04,6452,685050,304378550,443.5,450.0,438.0,446.5,-1.0,590
128,2016-11-07,6452,1584120,686112560,447.0,450.0,421.5,435.0,-11.5,1395
129,2016-11-08,6452,1617150,682876550,430.5,433.0,406.0,431.5,-3.5,1418
130,2016-11-09,6452,1425205,600237190,430.0,438.0,409.0,412.5,-19.0,1291
131,2016-11-10,6452,1095113,469140033,430.5,433.5,423.0,424.5,12.0,930
132,2016-11-11,6452,1821300,741239500,420.0,423.0,398.0,398.0,-26.5,1630
133,2016-11-14,6452,1852150,729608450,389.0,407.0,379.0,403.0,5.0,1601
134,2016-11-15,6452,1083025,428179350,397.0,402.5,391.0,393.5,-9.5,1003
135,2016-11-16,6452,969126,379032206,393.5,397.5,386.0,389.5,-4.0,853
136,2016-11-17,6452,816250,316596375,389.5,393.5,381.5,390.0,0.5,704
137,2016-11-18,6452,1679505,678011565,393.0,411.5,393.0,404.5,14.5,1433
138,2016-11-21,6452,783500,320223500,405.5,412.5,405.5,407.0,2.5,646
139,2016-11-22,6452,597300,242956050,410.0,410.0,402.0,407.0,0.0,493
140,2016-11-23,6452,576420,238239950,409.0,415.5,409.0,413.0,6.0,498
141,2016-11-24,6452,419050,172763225,415.5,416.5,410.0,410.5,-2.5,353
142,2016-11-25,6452,542401,221380322,407.0,416.0,402.5,416.0,5.5,497
143,2016-11-28,6452,322200,134202800,417.0,418.5,413.5,416.5,0.5,289
144,2016-11-29,6452,535035,224857875,419.0,424.5,417.5,418.5,2.0,412
145,2016-11-30,6452,454150,190990675,420.5,423.0,418.0,420.5,2.0,373
146,2016-12-01,6452,307250,128052500,420.5,420.5,413.5,417.5,-3.0,280
147,2016-12-02,6452,334120,139847400,417.0,421.5,417.0,417.0,-0.5,299
148,2016-12-05,6452,423150,174363400,419.5,420.0,408.0,411.0,-6.0,386
149,2016-12-06,6452,268010,110875180,411.5,416.0,409.5,414.0,3.0,239
150,2016-12-07,6452,1405100,598774750,415.0,428.0,415.0,428.0,14.0,673
151,2016-12-08,6452,591125,257409375,434.0,438.5,433.5,433.5,5.5,516
152,2016-12-09,6452,1215300,535912100,438.0,443.5,434.5,442.0,8.5,505
153,2016-12-12,6452,429340,190206280,443.0,447.0,441.5,441.5,-0.5,369
154,2016-12-13,6452,1102201,488653446,436.5,446.5,433.5,446.5,5.0,543
155,2016-12-14,6452,880330,402155960,450.5,461.5,450.5,461.5,15.0,781
156,2016-12-15,6452,440215,202465550,461.5,464.0,452.0,464.0,2.5,404
157,2016-12-16,6452,535222,246970454,463.5,467.5,455.5,456.0,-8.0,457
158,2016-12-19,6452,707100,320605750,456.5,457.5,447.0,457.0,1.0,528
159,2016-12-20,6452,353200,160710700,453.0,457.5,451.5,455.5,-1.5,263
160,2016-12-21,6452,519450,235460000,455.5,456.5,447.5,454.0,-1.5,385
161,2016-12-22,6452,821015,378103460,455.0,464.5,453.0,461.5,7.5,675
162,2016-12-23,6452,628130,287781890,461.0,464.0,451.5,451.5,-10.0,470
163,2016-12-26,6452,627600,279226800,450.0,451.0,440.5,440.5,-11.0,521
164,2016-12-27,6452,760250,329205500,440.0,440.0,428.5,431.5,-9.0,646
165,2016-12-28,6452,994163,421206775,425.0,430.0,418.5,418.5,-13.0,849
166,2016-12-29,6452,798120,336645620,412.0,429.0,412.0,422.0,3.5,691
167,2016-12-30,6452,375252,159936860,427.0,428.5,423.0,426.0,4.0,333
168,2017-01-03,6452,358102,151129646,428.0,428.5,418.0,419.5,-6.5,320
169,2017-01-04,6452,364100,153401049,420.0,426.0,418.0,419.5,0.0,344
170,2017-01-05,6452,849020,364596260,419.5,434.0,419.5,433.0,13.5,717
171,2017-01-06,6452,480090,206830200,434.0,435.5,425.0,428.0,-5.0,418
172,2017-01-09,6452,319040,135066640,429.5,429.5,421.0,421.0,-7.0,271
173,2017-01-10,6452,241535,102005852,422.5,426.0,418.0,426.0,5.0,224
174,2017-01-11,6452,204230,86442480,426.0,428.5,420.5,420.5,-5.5,182
175,2017-01-12,6452,421080,176578199,420.0,424.0,413.0,424.0,3.5,383
176,2017-01-13,6452,1760000,748212000,420.5,426.5,417.5,425.5,1.5,1633
177,2017-01-16,6452,490050,211232700,426.5,434.5,426.5,430.0,4.5,413
178,2017-01-17,6452,184160,78905120,430.5,432.5,426.0,426.0,-4.0,178
179,2017-01-18,6452,285090,122275150,429.0,432.0,425.0,430.5,4.5,257
180,2017-01-19,6452,163564,69931790,429.0,430.5,426.0,426.0,-4.5,167
181,2017-01-20,6452,315160,135478940,428.0,434.5,426.0,426.0,0.0,287
182,2017-01-23,6452,233142,99635691,427.5,430.5,426.0,426.0,0.0,210
183,2017-01-24,6452,355150,152601750,429.0,433.5,424.0,433.0,7.0,303
184,2017-02-02,6452,353300,151466950,434.0,434.0,426.5,427.5,-5.5,285
185,2017-02-03,6452,149110,63995850,427.0,432.0,427.0,427.5,0.0,146
186,2017-02-06,6452,502610,219504010,430.5,441.5,429.5,433.5,6.0,454
187,2017-02-07,6452,267120,116191300,437.5,439.5,431.5,431.5,-2.0,246
188,2017-02-08,6452,320300,139703850,432.0,438.5,431.0,438.5,7.0,298
189,2017-02-09,6452,2043466,955195714,445.0,482.0,442.5,477.5,39.0,1638
190,2017-02-10,6452,1346200,644009100,478.0,490.5,462.0,465.5,-12.0,1131
191,2017-02-13,6452,879210,418801540,465.0,485.5,462.0,472.0,6.5,808
192,2017-02-14,6452,638300,305869800,479.0,483.0,475.5,482.0,10.0,573
193,2017-02-15,6452,784550,379515075,484.0,490.5,477.0,478.0,-4.0,655
194,2017-02-16,6452,537148,257666280,478.0,484.0,477.0,477.5,-0.5,483
195,2017-02-17,6452,341070,163958950,484.0,484.5,477.5,479.5,2.0,302
196,2017-02-18,6452,1132523,558989362,485.0,501.0,481.0,491.0,11.5,1016
197,2017-02-20,6452,952140,470834680,500.0,506.0,483.0,483.0,-8.0,825
198,2017-02-21,6452,796510,377659290,487.0,487.0,462.0,476.0,-7.0,692
199,2017-02-22,6452,236241,112487198,478.0,479.5,472.5,475.0,-1.0,232
200,2017-02-23,6452,348081,163679070,475.0,477.5,465.0,465.0,-10.0,310
201,2017-02-24,6452,831179,390965471,465.0,476.0,463.5,475.5,10.5,617
202,2017-03-01,6452,354055,168801015,485.0,485.0,471.0,471.5,-4.0,295
203,2017-03-02,6452,258100,121401500,475.0,475.0,466.5,468.5,-3.0,208
204,2017-03-03,6452,219200,103110700,471.0,475.0,467.0,468.0,-0.5,203
205,2017-03-06,6452,146300,68798100,468.0,474.0,468.0,470.0,2.0,139
206,2017-03-07,6452,547303,261357440,475.0,481.5,473.0,475.0,5.0,487
207,2017-03-08,6452,249050,117207750,473.0,473.0,469.0,470.0,-5.0,222
208,2017-03-09,6452,183100,85634000,472.0,472.0,465.0,466.0,-4.0,161
209,2017-03-10,6452,507351,232646268,466.5,467.5,451.0,459.5,-6.5,420
210,2017-03-13,6452,736212,346752396,464.5,473.0,461.0,473.0,13.5,456
211,2017-03-14,6452,462050,220655000,477.0,482.5,473.0,474.0,1.0,400
212,2017-03-15,6452,319300,151357500,474.0,478.5,471.0,471.0,-3.0,270
213,2017-03-16,6452,221070,104563100,471.0,476.0,470.0,473.0,2.0,203
214,2017-03-17,6452,519301,249290485,477.0,485.0,474.5,480.0,7.0,440
215,2017-03-20,6452,439313,213553931,484.0,489.0,482.0,484.5,4.5,393
216,2017-03-21,6452,407230,195860825,485.5,488.5,476.0,476.0,-8.5,366
217,2017-03-22,6452,183074,86645224,470.0,476.0,469.5,474.5,-1.5,180
218,2017-03-23,6452,180004,85709408,474.0,478.5,473.5,478.5,4.0,168
219,2017-03-24,6452,161514,76552538,478.5,479.0,472.0,472.0,-6.5,152
220,2017-03-27,6452,332189,155192196,472.0,473.0,462.0,462.5,-9.5,287
221,2017-03-28,6452,570459,266338517,464.0,472.0,462.5,466.0,3.5,411
222,2017-03-29,6452,197200,92613700,470.0,472.5,468.0,469.0,3.0,186
223,2017-03-30,6452,202101,95061475,470.0,472.5,466.0,469.0,0.0,178
224,2017-03-31,6452,271002,127915958,470.0,476.0,466.0,472.0,3.0,246
225,2017-04-05,6452,225052,106561960,473.5,476.0,470.0,473.0,1.0,202
226,2017-04-06,6452,441172,211257388,473.0,482.5,473.0,479.5,6.5,388
227,2017-04-07,6452,522781,252658099,482.0,487.0,480.0,482.0,2.5,430
228,2017-04-10,6452,434792,210071744,483.0,485.5,480.0,482.0,0.0,371
229,2017-04-11,6452,319113,151728223,481.0,481.0,471.0,471.0,-11.0,266
230,2017-04-12,6452,305060,142192840,470.0,470.0,463.0,463.0,-8.0,268
231,2017-04-13,6452,255140,118211760,460.0,471.0,457.0,463.0,0.0,239
232,2017-04-14,6452,440035,204061915,459.0,470.0,459.0,461.0,-2.0,342
233,2017-04-17,6452,494038,227691860,467.0,467.0,458.0,460.0,-1.0,463
234,2017-04-18,6452,196025,90750700,465.5,466.0,459.0,460.0,0.0,153
235,2017-04-19,6452,102100,46923700,459.0,462.5,457.5,457.5,-2.5,99
236,2017-04-20,6452,279100,127725500,455.5,462.0,455.0,455.0,-2.5,235
237,2017-04-21,6452,943050,446492550,460.0,481.0,457.0,476.0,21.0,771
238,2017-04-24,6452,338400,159397300,476.0,476.0,470.0,470.5,-5.5,316
239,2017-04-25,6452,239036,112596600,474.0,474.0,469.0,469.0,-1.5,200
240,2017-04-26,6452,558140,266943900,471.5,485.0,471.0,475.5,6.5,517
241,2017-04-27,6452,242000,115030500,477.0,479.5,472.0,473.0,-2.5,210
242,2017-04-28,6452,203028,96437884,474.0,476.5,473.5,475.5,2.5,187
243,2017-05-02,6452,432010,207556300,478.5,484.0,477.0,478.0,2.5,368
244,2017-05-03,6452,253500,120523250,479.0,479.5,473.5,473.5,-4.5,213
245,2017-05-04,6452,420150,201191750,475.0,483.0,475.0,479.0,5.5,384
246,2017-05-05,6452,796212,386148456,481.0,491.5,478.0,478.0,-1.0,724
247,2017-05-08,6452,464337,222135972,481.0,482.5,477.0,477.0,-1.0,423
248,2017-05-09,6452,434132,205633520,478.0,478.5,470.0,476.0,-1.0,361
249,2017-05-10,6452,174003,82479440,474.0,477.0,472.0,472.0,-4.0,165
250,2017-05-11,6452,128250,60547000,471.0,475.5,470.0,470.0,-2.0,128
251,2017-05-12,6452,622181,288594251,468.0,470.5,461.0,462.0,-8.0,504
252,2017-05-15,6452,156080,72443420,462.0,466.0,462.0,465.5,3.5,149
253,2017-05-16,6452,435285,201277240,466.0,467.5,458.0,458.5,-7.0,388
254,2017-05-17,6452,334020,155398000,460.0,470.0,457.0,468.0,9.5,275
255,2017-05-18,6452,235100,110127700,468.0,472.0,463.0,466.5,-1.5,226
256,2017-05-19,6452,144110,66995810,469.0,470.0,461.0,462.0,-4.5,133
257,2017-05-22,6452,75112,34706252,464.0,466.0,460.0,460.5,-1.5,78
258,2017-05-23,6452,140002,64968942,465.0,467.5,461.5,463.0,2.5,138
259,2017-05-24,6452,365063,171138988,465.5,472.0,465.0,472.0,9.0,340
260,2017-05-25,6452,516217,246578594,473.0,480.0,472.5,479.0,7.0,464
261,2017-05-26,6452,290000,138470500,478.5,479.5,476.0,478.0,-1.0,261
262,2017-05-31,6452,314010,148055300,478.0,478.0,469.0,470.0,-8.0,236
263,2017-06-01,6452,151001,71125480,472.0,474.0,468.0,468.0,-2.0,142
264,2017-06-02,6452,218100,103018500,469.0,474.5,469.0,473.5,5.5,183
265,2017-06-03,6452,132540,62450000,473.5,474.0,461.5,473.5,0.0,128
266,2017-06-05,6452,125100,59167500,467.5,474.5,467.5,472.5,-1.0,121
267,2017-06-06,6452,426005,204328435,473.0,485.0,473.0,475.0,2.5,371
268,2017-06-07,6452,157005,74682440,475.5,477.0,474.0,476.5,1.5,150
269,2017-06-08,6452,202000,96471000,476.5,480.5,474.0,474.0,-2.5,184
270,2017-06-09,6452,147111,69848500,475.0,476.0,473.0,473.0,-1.0,131
271,2017-06-12,6452,326005,152447900,468.0,472.0,465.0,467.0,-6.0,280
272,2017-06-13,6452,117008,54504800,467.0,469.0,463.5,463.5,-3.5,113
273,2017-06-14,6452,665077,301411690,464.5,465.5,442.0,458.0,-5.5,534
274,2017-06-15,6452,189000,86971500,461.5,462.5,456.5,456.5,-1.5,165
275,2017-06-16,6452,130260,59343020,456.5,458.5,453.0,453.0,-3.5,125
276,2017-06-19,6452,173000,79890000,455.0,468.0,454.0,460.5,7.5,167
277,2017-06-20,6452,114053,52429281,461.5,464.5,457.0,457.5,-3.0,104
278,2017-06-21,6452,100100,45944200,459.0,460.5,456.0,460.0,2.5,95
279,2017-06-22,6452,190110,87786700,461.5,465.0,459.0,460.0,0.0,172
280,2017-06-23,6452,228000,105263000,466.0,467.0,457.0,457.5,-2.5,189
281,2017-06-26,6452,309200,140606500,456.0,459.5,447.0,456.5,-1.0,274
282,2017-06-27,6452,328802,148104004,456.5,457.0,447.0,449.0,-7.5,287
283,2017-06-28,6452,388343,176569751,451.0,457.0,451.0,455.0,6.0,336
284,2017-06-29,6452,191010,87205650,456.5,458.0,455.5,457.0,2.0,162
285,2017-06-30,6452,218500,100407000,457.5,461.0,457.5,459.5,2.5,203
286,2017-07-03,6452,259004,118323364,459.5,460.0,455.0,455.0,-4.5,169
287,2017-07-04,6452,125015,57110550,456.5,458.0,456.0,456.5,1.5,112
288,2017-07-05,6452,189404,86653956,457.0,458.0,457.0,457.0,0.5,155
289,2017-07-06,6452,171193,77642473,458.0,458.0,450.5,454.0,-3.0,150
290,2017-07-07,6452,75000,34007500,454.0,457.0,450.0,452.0,-2.0,65
291,2017-07-10,6452,702186,308116166,450.0,450.0,426.5,426.5,-25.5,566
292,2017-07-11,6452,921372,385365740,429.0,431.0,410.0,412.0,-14.5,767
293,2017-07-12,6452,435188,180933840,406.5,421.0,406.5,420.0,8.0,383
294,2017-07-13,6452,508094,210200762,415.5,418.5,409.5,412.0,-8.0,379
295,2017-07-14,6452,352020,146290900,413.0,419.5,411.0,413.0,1.0,289
296,2017-07-17,6452,191160,79883200,414.0,421.0,414.0,418.0,5.0,176
297,2017-07-18,6452,499110,214190120,418.0,436.5,418.0,436.5,18.5,437
298,2017-07-19,6452,287208,123973100,429.0,435.0,429.0,433.5,-3.0,260
299,2017-07-20,6452,297500,128855000,440.0,441.0,425.0,431.0,-2.5,277
300,2017-07-21,6452,222000,96003500,432.0,436.0,427.0,431.5,0.5,192
301,2017-07-24,6452,256250,110868250,432.5,436.5,426.0,432.5,1.0,237
302,2017-07-25,6452,482195,212921885,435.0,448.0,435.0,442.5,10.0,437
303,2017-07-26,6452,284100,126128100,445.5,447.5,439.5,439.5,-3.0,242
304,2017-07-27,6452,204002,89760384,442.5,444.5,436.0,436.5,-3.0,188
305,2017-07-28,6452,141120,61345900,436.5,440.0,432.0,432.0,-4.5,128
306,2017-07-31,6452,227190,97576750,436.0,436.0,420.0,425.0,-7.0,195
307,2017-08-01,6452,226050,96063550,424.5,429.5,421.0,429.5,4.5,206
308,2017-08-02,6452,184231,78373368,429.5,430.0,422.5,424.5,-5.0,163
309,2017-08-03,6452,169011,71480686,424.5,424.5,420.5,423.0,-1.5,128
310,2017-08-04,6452,308237,127799592,425.0,425.0,408.0,408.0,-15.0,281
311,2017-08-07,6452,432020,180149100,408.0,424.0,408.0,420.5,12.5,350
312,2017-08-08,6452,239144,100490200,424.5,424.5,415.5,419.0,-1.5,207
313,2017-08-09,6452,159000,66067000,419.5,419.5,412.5,417.0,-2.0,135
314,2017-08-10,6452,290150,118992000,418.0,418.0,405.5,410.0,-7.0,238
315,2017-08-11,6452,206000,84101500,406.0,412.0,402.0,410.0,0.0,177
316,2017-08-14,6452,375000,151283000,410.5,412.5,396.0,404.5,-5.5,299
317,2017-08-15,6452,226050,92194500,406.0,410.0,406.0,410.0,5.5,187
318,2017-08-16,6452,194100,80019500,413.5,415.0,410.0,415.0,5.0,152
319,2017-08-17,6452,371020,156782080,416.5,426.5,416.5,420.5,5.5,278
320,2017-08-18,6452,140000,58460000,420.0,420.0,416.5,417.5,-3.0,117
321,2017-08-21,6452,148100,62254300,421.0,422.0,419.0,419.5,2.0,106
322,2017-08-22,6452,163017,68454174,421.0,423.0,412.5,420.0,0.5,133
323,2017-08-23,6452,685165,292793445,421.5,432.5,420.5,430.0,10.0,461
324,2017-08-24,6452,473310,206037970,432.0,438.0,430.5,437.0,7.0,325
325,2017-08-25,6452,1061219,469952393,437.0,449.0,437.0,447.0,10.0,568
326,2017-08-28,6452,431000,190942500,447.0,447.5,438.0,441.0,-6.0,308
327,2017-08-29,6452,302004,131261764,441.0,441.5,428.0,433.5,-7.5,263
328,2017-08-30,6452,160187,69985780,433.5,440.0,431.0,436.0,2.5,153
329,2017-08-31,6452,591035,261830970,436.5,448.5,436.5,440.5,4.5,393
330,2017-09-01,6452,343010,148899460,440.0,440.0,430.0,430.5,-10.0,284
331,2017-09-04,6452,405160,171752800,425.0,427.0,420.5,426.0,-4.5,317
332,2017-09-05,6452,226212,95948600,426.0,428.0,420.5,421.0,-5.0,182
333,2017-09-06,6452,161000,67529000,420.0,424.0,416.0,416.0,-5.0,132
334,2017-09-07,6452,510040,215506160,420.5,426.0,416.5,424.5,8.5,302
335,2017-09-08,6452,523001,224952433,425.0,433.5,424.5,431.0,6.5,353
336,2017-09-11,6452,396021,166275341,433.5,433.5,416.0,416.0,-15.0,335
337,2017-09-12,6452,689050,290474350,417.0,423.0,417.0,422.5,6.5,367
338,2017-09-13,6452,330199,138726376,424.0,424.0,417.5,420.0,-2.5,218
339,2017-09-14,6452,219316,92046113,421.0,422.0,416.5,416.5,-3.5,167
340,2017-09-15,6452,226225,93229000,416.5,419.0,407.0,413.0,-3.5,210
341,2017-09-18,6452,198000,81960000,414.0,415.5,413.0,413.0,0.0,150
342,2017-09-19,6452,296101,123281425,415.5,419.0,414.5,415.0,2.0,167
343,2017-09-20,6452,214050,89357700,415.0,419.5,415.0,415.5,0.5,157
344,2017-09-21,6452,157269,65961515,417.0,421.5,415.5,421.0,5.5,145
345,2017-09-22,6452,206110,85826090,422.0,423.0,412.0,416.0,-5.0,153
346,2017-09-25,6452,242010,101044840,417.0,420.0,412.5,419.5,3.5,208
347,2017-09-26,6452,298000,125382500,417.0,424.0,417.0,422.0,2.5,242
348,2017-09-27,6452,160000,67085000,422.0,423.0,417.0,417.0,-5.0,135
349,2017-09-28,6452,189002,78282350,417.0,417.0,411.0,416.5,-0.5,158
350,2017-09-29,6452,382500,156733000,417.0,417.5,400.0,413.5,-3.0,314
351,2017-09-30,6452,192011,79850785,414.0,419.0,413.5,419.0,5.5,138
352,2017-10-02,6452,270070,114205600,419.5,425.0,419.5,424.0,5.0,217
353,2017-10-03,6452,266181,113412511,424.5,428.0,424.5,426.0,2.0,225
354,2017-10-05,6452,396189,171182160,428.0,435.5,427.0,435.5,9.5,275
355,2017-10-06,6452,334939,146194477,437.0,438.0,435.5,436.0,0.5,236
356,2017-10-11,6452,202100,87713000,438.0,440.0,430.5,436.0,0.0,178
357,2017-10-12,6452,436130,192195544,437.0,443.5,436.0,443.5,7.5,326
358,2017-10-13,6452,824232,370638596,444.5,452.0,444.5,451.5,8.0,507
359,2017-10-16,6452,1024559,474915543,454.0,474.5,452.5,474.5,23.0,669
360,2017-10-17,6452,1178153,561038907,476.5,483.0,459.0,459.0,-15.5,891
361,2017-10-18,6452,510784,237645500,461.0,470.0,456.5,470.0,11.0,464
362,2017-10-19,6452,559538,267318120,473.0,486.0,470.5,473.0,3.0,475
363,2017-10-20,6452,243000,114320500,467.0,477.0,464.0,473.5,0.5,241
364,2017-10-23,6452,422339,199128635,475.5,478.5,462.5,462.5,-11.0,325
365,2017-10-24,6452,251421,117158291,458.0,472.0,457.0,471.5,9.0,248
366,2017-10-25,6452,273267,127279287,472.0,472.0,459.0,465.5,-6.0,266
367,2017-10-26,6452,136030,63420130,465.0,469.0,462.0,469.0,3.5,128
368,2017-10-27,6452,285106,131422260,469.0,469.0,455.5,455.5,-13.5,257
369,2017-10-30,6452,268070,123764235,465.0,465.0,459.0,460.5,5.0,212
370,2017-10-31,6452,221200,102996400,465.0,467.0,462.0,466.5,6.0,206
371,2017-11-01,6452,365305,170020520,471.0,471.0,462.0,462.5,-4.0,291
372,2017-11-02,6452,694357,324051719,463.5,470.0,462.5,462.5,0.0,448
373,2017-11-03,6452,899306,396849792,456.0,456.0,430.0,436.5,-26.0,747
374,2017-11-06,6452,277273,120566709,442.5,442.5,430.0,431.0,-5.5,234
375,2017-11-07,6452,428144,185514936,431.0,438.0,428.0,428.5,-2.5,334
376,2017-11-08,6452,355041,153152999,428.5,436.5,426.0,428.0,0.0,227
377,2017-11-09,6452,405097,172922583,427.0,431.5,425.0,425.0,-3.0,255
378,2017-11-10,6452,222120,93654320,423.0,426.0,418.0,418.0,-7.0,187
379,2017-11-13,6452,121080,50749000,423.0,423.0,417.0,417.0,-1.0,100
380,2017-11-14,6452,520020,221226760,417.5,431.0,415.0,429.0,12.0,389
381,2017-11-15,6452,698341,300627335,430.0,437.0,418.0,436.0,7.0,504
382,2017-11-16,6452,487411,211922577,434.0,437.5,431.5,437.5,1.5,311
383,2017-11-17,6452,498515,217564250,435.5,438.5,431.0,436.5,-1.0,346
384,2017-11-20,6452,350446,151256226,436.0,436.0,430.5,430.5,-6.0,219
385,2017-11-21,6452,753005,327030628,439.0,439.0,425.5,425.5,-5.0,404
386,2017-11-22,6452,614444,263230032,427.0,430.0,420.5,428.5,3.0,344
387,2017-11-23,6452,644020,273729680,428.0,428.0,418.0,426.5,-2.0,360
388,2017-11-24,6452,282350,118635323,424.0,426.0,418.5,418.5,-8.0,218
389,2017-11-27,6452,590355,248990697,418.5,424.0,418.5,422.5,4.0,296
390,2017-11-28,6452,113187,47859906,424.0,424.0,421.5,423.5,1.0,96
391,2017-11-29,6452,112050,47316824,425.0,426.0,420.5,420.5,-3.0,107
392,2017-11-30,6452,880002,379724902,421.0,457.0,421.0,456.0,35.5,569
393,2017-12-01,6452,571848,254745316,449.0,454.0,440.0,442.5,-13.5,508
394,2017-12-04,6452,280058,123364430,442.0,445.0,435.0,441.5,-1.0,179
395,2017-12-05,6452,220993,96695949,437.5,442.5,431.0,438.0,-3.5,206
396,2017-12-06,6452,558628,248134576,442.5,447.5,440.0,441.0,3.0,465
397,2017-12-07,6452,288601,126859935,445.0,445.5,431.0,435.0,-6.0,240
398,2017-12-08,6452,478228,203259900,437.5,438.5,419.5,422.5,-12.5,345
399,2017-12-11,6452,637350,272300750,426.0,442.0,420.5,437.5,15.0,482
400,2017-12-12,6452,550712,239627224,437.5,438.5,428.0,433.5,-4.0,412
401,2017-12-13,6452,942147,412866514,433.0,445.0,431.0,435.5,2.0,699
402,2017-12-14,6452,1254093,482344442,380.0,392.5,378.0,383.0,0.0,1008
403,2017-12-15,6452,369266,141499442,385.0,385.5,380.0,385.0,2.0,315
404,2017-12-19,6452,282258,111424538,396.5,400.0,390.5,394.5,0.5,237
405,2017-12-20,6452,172854,68387826,392.0,398.0,391.5,394.5,0.0,169
406,2017-12-21,6452,260422,103120512,394.0,397.5,393.5,394.5,0.0,246
407,2017-12-22,6452,722412,292370184,399.0,408.0,399.0,406.0,11.5,573
408,2017-12-25,6452,237063,95621545,406.0,406.0,400.0,405.0,-1.0,205
409,2017-12-26,6452,467103,190893436,405.5,410.5,405.5,409.0,4.0,351
410,2017-12-27,6452,405705,165026190,410.5,411.0,401.5,401.5,-7.5,295
411,2017-12-28,6452,284273,114473930,401.5,407.0,395.5,406.0,4.5,257
412,2017-12-29,6452,463319,190051290,405.0,414.0,404.0,413.5,7.5,487
413,2018-01-02,6452,433519,179767828,414.0,417.0,413.0,414.0,0.5,363
414,2018-01-03,6452,294519,121115271,414.5,415.0,408.5,409.5,-4.5,313
415,2018-01-04,6452,265793,108525251,411.0,411.5,406.5,407.0,-2.5,301
416,2018-01-05,6452,302642,122517010,404.0,407.0,402.0,406.5,-0.5,294
417,2018-01-08,6452,300401,121907004,406.0,408.0,401.0,406.0,-0.5,270
418,2018-01-09,6452,871589,355583812,406.0,411.0,402.0,410.0,4.0,471
419,2018-01-10,6452,490121,201156747,410.0,413.5,405.5,410.0,0.0,387
420,2018-01-11,6452,524411,215878188,411.0,413.5,410.0,410.5,0.5,317
421,2018-01-12,6452,277110,113888990,410.0,412.5,406.0,412.0,1.5,244
422,2018-01-15,6452,276331,113371877,411.0,413.0,407.5,410.0,-2.0,233
423,2018-01-16,6452,231122,94103032,410.0,410.0,403.0,406.0,-4.0,238
424,2018-01-17,6452,429392,171370516,406.0,406.0,393.5,397.5,-8.5,373
425,2018-01-18,6452,242644,96141236,400.0,400.5,393.5,393.5,-4.0,253
426,2018-01-19,6452,355934,139827498,395.0,397.0,385.0,397.0,3.5,289
427,2018-01-22,6452,146147,57211395,397.0,397.0,390.5,390.5,-6.5,161
428,2018-01-23,6452,238757,92331702,390.5,391.0,383.0,383.5,-7.0,229
429,2018-01-24,6452,491897,188080830,384.0,385.5,378.0,383.0,-0.5,304
430,2018-01-25,6452,176820,67289827,385.5,385.5,378.0,381.5,-1.5,173
431,2018-01-26,6452,169550,64439550,385.0,385.0,378.5,379.0,-2.5,162
432,2018-01-29,6452,326823,123320656,380.0,381.5,370.0,370.0,-9.0,251
433,2018-01-30,6452,587836,216763328,365.0,374.0,363.0,372.0,2.0,434
434,2018-01-31,6452,352895,130260045,373.5,373.5,363.0,370.0,-2.0,312
435,2018-02-01,6452,128488,47269560,370.5,370.5,366.0,368.5,-1.5,138
436,2018-02-02,6452,726547,275724907,368.5,386.0,368.0,381.5,13.0,541
437,2018-02-05,6452,393433,147565808,375.0,377.0,370.5,376.0,-5.5,282
438,2018-02-06,6452,436984,157638240,366.0,370.0,351.0,355.0,-21.0,406
439,2018-02-07,6452,617019,227694554,364.0,374.0,363.0,372.0,17.0,409
440,2018-02-08,6452,471740,172910080,367.0,372.0,362.5,365.0,-7.0,259
441,2018-02-09,6452,547665,195380525,359.0,359.0,353.0,357.0,-8.0,366
442,2018-02-12,6452,508499,184143139,360.0,363.5,360.0,362.5,5.5,305
443,2018-02-21,6452,395462,147730017,368.0,377.0,368.0,375.5,13.0,268
444,2018-02-22,6452,308823,117681650,375.5,384.0,375.5,381.5,6.0,213
445,2018-02-23,6452,540229,207562665,383.0,386.0,382.0,384.0,2.5,260
446,2018-02-26,6452,205716,79965160,387.0,391.0,387.0,388.0,4.0,179
447,2018-02-27,6452,151688,58098252,388.0,388.0,378.5,381.0,-7.0,136
448,2018-03-01,6452,260522,99291162,376.5,386.5,373.5,386.0,5.0,226
449,2018-03-02,6452,227484,86470156,378.0,383.0,376.0,383.0,-3.0,216
450,2018-03-05,6452,176325,66783533,383.0,383.0,375.5,379.0,-4.0,156
451,2018-03-06,6452,413766,158514080,381.0,385.5,380.0,380.0,1.0,246
452,2018-03-07,6452,483105,184859241,379.0,386.5,376.0,381.5,1.5,291
453,2018-03-08,6452,402758,154642040,386.0,386.5,379.0,382.0,0.5,222
454,2018-03-09,6452,295830,113428474,382.0,385.0,381.0,383.5,1.5,180
455,2018-03-12,6452,390204,151664132,388.0,392.5,383.5,384.0,0.5,306
456,2018-03-13,6452,577511,225439290,385.0,393.0,384.0,392.0,8.0,441
457,2018-03-14,6452,263173,102434297,391.5,391.5,387.0,389.0,-3.0,202
458,2018-03-15,6452,571771,224967419,390.0,397.0,387.5,389.0,0.0,449
459,2018-03-16,6452,566829,224054879,390.5,399.0,390.0,392.5,3.5,413
460,2018-03-19,6452,279567,111010099,396.0,399.0,393.0,397.5,5.0,223
461,2018-03-20,6452,259821,102792653,397.0,399.0,394.0,394.0,-3.5,176
462,2018-03-21,6452,316647,126080094,397.0,401.5,396.5,396.5,2.5,245
463,2018-03-22,6452,290557,114043059,396.5,398.5,385.0,387.0,-9.5,221
464,2018-03-23,6452,271723,102758155,373.0,381.5,373.0,378.0,-9.0,226
465,2018-03-26,6452,389344,147814532,377.5,383.0,375.5,378.0,0.0,229
466,2018-03-27,6452,503103,192337686,383.0,386.0,378.0,380.5,2.5,323
467,2018-03-28,6452,298610,112487410,378.5,381.0,373.0,381.0,0.5,237
468,2018-03-29,6452,262922,99344750,381.0,381.0,375.0,375.0,-6.0,224
469,2018-03-30,6452,96106,36206856,376.0,380.0,376.0,376.0,1.0,83
470,2018-03-31,6452,97767,37032774,376.0,382.0,375.0,379.5,3.5,94
471,2018-04-02,6452,107340,40785188,381.0,381.0,378.5,379.0,-0.5,103
472,2018-04-03,6452,176977,67175237,376.5,381.5,374.0,381.0,2.0,132
473,2018-04-09,6452,374457,145955730,384.0,392.0,384.0,390.5,9.5,326
474,2018-04-10,6452,417512,162454120,394.0,394.0,386.0,386.0,-4.5,278
475,2018-04-11,6452,650363,252286521,387.0,391.0,383.5,388.5,2.5,230
476,2018-04-12,6452,145875,56283500,388.5,388.5,384.0,384.0,-4.5,143
477,2018-04-13,6452,245929,95646915,387.0,391.0,385.5,390.0,6.0,208
478,2018-04-16,6452,1144374,463318022,392.5,409.5,392.5,409.5,19.5,954
479,2018-04-17,6452,736093,300064258,412.0,415.0,404.0,408.0,-1.5,548
480,2018-04-18,6452,646855,266703908,411.0,418.5,408.0,410.0,2.0,512
481,2018-04-19,6452,319557,131782370,411.0,416.0,410.5,413.0,3.0,303
482,2018-04-20,6452,255519,104192714,412.5,412.5,405.0,406.5,-6.5,241
483,2018-04-23,6452,413420,166386160,406.5,411.0,397.5,398.5,-8.0,342
484,2018-04-24,6452,535004,213170084,399.0,400.5,393.5,396.0,-2.5,323
485,2018-04-25,6452,717568,284942360,390.0,400.0,390.0,394.0,-2.0,274
486,2018-04-26,6452,1101464,419178928,394.0,394.0,369.0,377.0,-17.0,676
487,2018-04-27,6452,699357,269226480,380.0,388.5,379.0,387.0,10.0,393
488,2018-04-30,6452,437789,169935947,383.5,390.0,382.0,390.0,3.0,214
489,2018-05-02,6452,348044,136025181,387.0,393.0,384.0,392.5,2.5,225
490,2018-05-03,6452,513501,199434885,390.0,393.0,383.5,387.5,-5.0,218
491,2018-05-04,6452,203399,77720918,384.0,385.0,380.0,382.0,-5.5,195
492,2018-05-07,6452,247270,94863140,385.0,385.0,380.0,383.0,1.0,124
493,2018-05-08,6452,129542,49399918,385.0,385.0,379.0,379.0,-4.0,120
494,2018-05-09,6452,497688,188292500,380.0,381.5,375.0,375.0,-4.0,268
495,2018-05-10,6452,318502,119613750,376.5,378.5,371.0,377.0,2.0,238
496,2018-05-11,6452,468668,179348680,377.0,391.0,377.0,385.0,8.0,321
497,2018-05-14,6452,511123,198424470,384.0,391.0,381.5,390.0,5.0,314
498,2018-05-15,6452,334677,131549707,390.0,397.0,388.0,392.0,2.0,245
499,2018-05-16,6452,1248640,501713340,392.0,409.0,390.0,407.0,15.0,881
500,2018-05-17,6452,1128362,452452202,412.0,414.0,405.0,405.0,-2.0,555
501,2018-05-18,6452,584294,233736365,403.5,405.0,395.5,400.0,-5.0,372
502,2018-05-21,6452,287889,115999378,401.0,405.0,400.5,404.0,4.0,228
503,2018-05-22,6452,501300,204534449,405.0,412.0,404.0,409.0,5.0,393
504,2018-05-23,6452,981034,407213384,415.0,420.0,410.0,410.0,1.0,800
505,2018-05-24,6452,1041446,421380860,403.5,414.0,391.5,414.0,4.0,760
506,2018-05-25,6452,1625818,671755700,414.0,420.5,403.0,403.0,-11.0,1045
507,2018-05-28,6452,891795,351741851,403.0,403.5,381.0,388.5,-14.5,707
508,2018-05-29,6452,425164,163395058,389.0,390.0,380.5,381.0,-7.5,315
509,2018-05-30,6452,746880,286450478,380.0,386.5,379.5,383.5,2.5,448
510,2018-05-31,6452,853971,327383719,382.0,385.5,378.0,385.5,2.0,481
511,2018-06-01,6452,816400,312619100,385.5,389.0,382.0,382.0,-3.5,249
