1536,2049,2059,6176,2603,2606,2610,1590,2615,2103,2104,2618,2105,2106,1605,2633,1101,1102,6239,3682,3702,3706,6269,3711,6285,2201,2204,3231,2723,1704,1707,9904,2227,1717,9910,2231,1210,1722,1723,9914,9917,1216,9921,1227,1229,9933,9941,9945,5871,2801,5880,2809,2812,2301,1789,2303,2308,8454,2823,2313,1802,6409,6415,8464,2834,2324,1301,1303,2327,2330,2845,2337,1314,1319,2344,2345,4904,2347,1326,2352,2353,2354,2867,2356,2357,2360,6456,2880,2881,2882,2371,2883,2884,2885,2886,2376,2377,4938,2887,2379,2888,2890,2382,2383,2891,2385,2892,3406,2395,4958,2912,2408,2409,6505,2412,3443,1402,2439,2441,2448,2449,5522,2451,2454,3481,1434,2474,2492,3008,2498,1476,1477,3532,2002,3034,2015,1504,3044,3045,6116,2027,2542
121.0,217.0,370.0,62.6,11.75,36.2,9.09,268.5,15.7,30.5,38.0,13.75,43.3,29.0,16.3,28.1,38.6,38.0,70.9,5.95,37.3,25.65,81.1,64.8,70.5,19.05,23.85,17.55,234.0,51.9,194.5,29.2,222.0,24.9,169.0,185.0,33.0,43.9,135.0,129.0,86.0,73.8,119.5,45.0,31.95,45.0,88.0,44.95,92.9,17.45,17.4,29.1,10.3,34.5,25.4,13.6,118.0,169.5,28.9,20.35,13.7,482.0,410.0,179.5,10.45,17.25,103.0,76.5,425.0,238.0,10.05,19.25,12.6,36.4,12.8,90.2,71.0,34.1,114.5,18.15,22.45,65.9,14.15,25.0,239.5,130.5,112.5,17.5,49.9,50.0,40.6,10.25,21.25,14.65,26.65,40.5,74.5,56.9,14.0,112.0,10.3,10.3,49.0,73.9,21.05,55.6,19.8,234.5,200.0,69.7,327.0,53.5,11.7,123.0,106.5,222.5,32.1,156.0,43.5,31.5,19.15,35.5,66.4,225.0,9.35,33.35,310.0,174.0,3350.0,31.2,354.0,164.0,122.0,24.15,133.0,58.4,18.55,74.5,107.5,7.13,46.8,45.85
121.0,217.5,370.0,62.5,11.75,36.45,9.09,266.0,15.7,30.5,37.9,13.75,43.3,29.0,16.35,27.95,38.55,37.9,70.2,5.96,37.3,25.7,81.2,64.5,71.0,19.0,23.85,17.55,234.0,51.9,194.5,29.3,222.0,24.8,172.0,185.0,33.05,44.0,135.0,129.0,86.0,73.6,119.5,44.9,31.95,45.0,88.0,44.9,93.2,17.45,17.4,29.1,10.35,34.3,25.4,13.55,118.0,169.5,28.9,20.4,13.7,482.0,408.0,179.5,10.45,17.2,103.5,76.6,424.5,237.5,10.1,19.25,12.55,36.25,12.75,89.5,71.1,34.1,115.0,18.15,22.4,65.7,14.0,25.0,238.0,131.5,112.0,17.5,49.9,50.0,40.8,10.25,21.3,14.65,26.6,40.5,74.0,57.4,13.95,112.0,10.3,10.3,48.9,73.6,21.05,55.6,19.8,235.5,200.0,69.7,327.5,53.3,11.75,122.5,106.5,223.5,31.75,154.5,43.5,31.65,19.15,35.5,66.4,224.5,9.34,33.35,311.5,174.5,3365.0,31.25,354.5,163.5,123.5,24.25,133.0,58.5,18.5,74.5,107.5,7.12,46.4,45.85
121.0,217.0,370.0,62.7,11.75,36.4,9.09,265.0,15.7,30.5,37.95,13.8,43.2,29.0,16.4,28.0,38.3,37.8,70.3,5.96,37.3,25.65,81.6,64.5,70.9,19.0,23.85,17.55,234.0,51.9,194.5,29.35,222.0,24.8,172.5,184.5,33.0,44.0,135.0,129.0,86.0,73.5,119.5,44.85,31.95,45.0,88.0,44.9,93.4,17.45,17.4,29.15,10.35,34.2,25.4,13.6,118.5,170.5,28.9,20.45,13.7,482.0,410.5,179.5,10.4,17.2,103.0,76.6,426.0,237.0,10.1,19.25,12.6,36.2,12.75,90.0,71.1,34.1,115.0,18.15,22.4,66.1,14.1,25.0,237.5,136.0,112.0,17.5,49.85,50.0,41.05,10.2,21.3,14.7,26.6,40.55,74.0,56.9,14.0,111.5,10.3,10.3,48.75,73.9,21.05,55.5,19.8,234.5,200.0,70.2,329.0,53.1,11.7,123.5,107.0,222.0,31.75,154.0,43.5,31.65,19.1,35.5,66.4,225.0,9.34,33.35,311.5,175.0,3375.0,31.3,355.5,163.0,124.0,24.25,135.5,58.5,18.35,74.1,107.5,7.1,46.9,45.85
120.5,217.0,370.0,62.8,11.75,36.45,9.09,265.0,15.8,30.5,37.9,13.8,43.2,29.0,16.4,27.95,38.4,37.7,70.4,5.96,37.3,25.65,81.6,64.5,71.0,19.0,23.9,17.6,234.0,51.9,194.5,29.35,222.0,24.8,172.5,185.5,33.0,43.9,135.0,129.0,86.0,73.5,119.5,44.85,31.95,45.0,88.0,44.9,93.3,17.45,17.45,29.15,10.35,34.15,25.4,13.5,118.5,170.5,28.95,20.5,13.7,482.0,409.0,179.5,10.4,17.15,103.0,76.6,426.5,236.5,10.1,19.4,12.65,36.25,12.7,89.7,71.2,34.05,115.0,18.15,22.4,66.1,14.1,25.0,237.0,134.0,112.5,17.5,49.9,50.0,41.45,10.25,21.25,14.75,26.65,40.65,74.1,56.8,13.95,111.5,10.3,10.3,48.7,73.9,21.15,55.5,19.75,232.5,200.0,70.2,329.0,53.4,11.65,123.5,106.5,220.5,31.75,154.5,43.45,31.35,19.1,35.5,66.4,224.5,9.33,33.35,312.0,175.0,3365.0,31.35,359.0,163.5,123.0,24.25,135.0,58.5,18.35,74.2,107.5,7.11,47.1,45.85
121.0,217.5,370.0,62.9,11.8,36.65,9.09,265.5,15.85,30.5,37.95,13.8,43.2,29.0,16.4,27.9,38.45,37.75,70.4,5.96,37.3,25.65,81.5,64.2,71.0,19.0,23.9,17.6,231.5,51.9,194.5,29.4,222.0,24.8,173.5,183.0,33.0,43.9,135.0,129.0,86.0,73.5,119.5,44.85,31.95,45.0,88.3,44.9,93.2,17.5,17.4,29.15,10.35,34.25,25.4,13.55,118.5,170.5,28.95,20.55,13.7,482.0,409.0,179.5,10.4,17.15,103.0,76.6,427.5,236.5,10.1,19.35,12.65,36.35,12.75,89.0,71.2,34.1,115.0,18.15,22.3,66.0,14.1,25.0,236.5,133.0,112.0,17.45,49.85,50.0,41.4,10.2,21.3,14.7,26.6,40.65,73.6,56.9,13.95,111.5,10.3,10.3,48.65,73.9,21.2,55.5,19.75,235.0,200.0,70.0,329.0,53.4,11.7,123.0,107.0,220.5,31.75,154.0,43.45,31.4,19.1,35.5,66.4,224.0,9.32,33.45,309.5,174.5,3365.0,31.35,358.0,163.5,123.0,24.25,135.0,58.5,18.4,74.2,107.5,7.1,46.85,45.95
121.0,216.5,370.0,62.9,11.75,36.7,9.09,265.0,15.85,30.5,37.95,13.8,43.2,29.0,16.35,27.85,38.4,37.8,70.1,5.96,37.3,25.6,81.3,64.2,70.9,19.0,23.9,17.55,231.5,51.9,194.5,29.4,222.0,24.8,174.5,183.0,33.05,43.9,135.0,129.0,86.0,73.6,119.5,44.95,31.95,45.0,88.3,44.9,93.3,17.5,17.45,29.15,10.35,34.2,25.4,13.55,118.0,170.5,28.95,20.5,13.65,482.0,409.0,179.5,10.4,17.2,103.0,76.6,426.5,236.5,10.1,19.3,12.65,36.3,12.75,88.2,71.2,34.1,114.5,18.15,22.3,66.2,14.15,25.0,236.5,133.5,112.0,17.45,49.85,50.0,40.9,10.25,21.3,14.75,26.6,40.8,73.9,56.9,13.95,111.0,10.3,10.3,48.65,73.8,21.2,55.6,19.75,233.5,200.0,69.8,329.5,53.4,11.65,123.0,107.0,220.0,31.8,153.0,43.45,31.5,19.15,35.5,66.5,224.0,9.33,33.5,308.5,173.5,3370.0,31.3,359.0,164.0,123.0,24.2,135.0,58.5,18.4,74.3,107.5,7.07,47.0,46.0
121.0,216.5,370.0,62.5,11.75,36.6,9.11,265.0,15.8,30.5,37.9,13.8,43.15,29.0,16.25,27.85,38.4,37.8,70.2,5.96,37.3,25.65,81.2,64.2,70.5,19.0,23.9,17.55,231.5,51.9,194.5,29.35,222.0,24.75,173.5,182.5,33.05,43.95,135.0,129.0,86.0,73.5,119.5,44.85,31.95,45.0,88.3,44.85,93.2,17.5,17.4,29.15,10.35,34.25,25.4,13.55,118.5,170.5,28.95,20.45,13.65,482.0,409.0,179.5,10.4,17.2,103.0,76.6,426.0,236.0,10.1,19.25,12.65,36.3,12.75,88.8,71.2,34.1,114.5,18.1,22.3,66.2,14.15,25.0,235.5,133.0,112.0,17.45,49.85,50.1,40.9,10.2,21.3,14.75,26.55,40.75,73.8,56.9,13.9,111.0,10.3,10.3,48.75,73.8,21.2,55.5,19.75,233.0,200.0,69.8,329.5,53.5,11.6,123.5,107.0,220.0,31.8,153.5,43.45,31.45,19.15,35.5,66.4,224.0,9.34,33.5,308.5,173.5,3380.0,31.25,359.5,164.0,123.5,24.2,135.0,58.5,18.4,74.3,107.5,7.06,47.1,46.0
121.5,216.5,369.5,62.5,11.75,36.55,9.1,264.5,15.8,30.4,37.9,13.8,43.15,29.0,16.35,27.85,38.4,37.85,70.1,5.96,37.25,25.65,81.2,64.3,70.5,19.0,23.9,17.6,233.0,51.9,194.5,29.3,222.0,24.75,174.5,183.0,33.05,43.9,135.0,129.0,86.0,73.5,119.5,44.95,31.95,44.95,88.3,44.85,93.1,17.5,17.4,29.15,10.35,34.2,25.4,13.55,118.0,170.5,28.95,20.4,13.65,482.0,409.0,180.0,10.45,17.15,102.5,76.6,429.0,236.5,10.1,19.25,12.6,36.3,12.75,89.0,71.2,34.1,114.5,18.15,22.35,66.3,14.2,25.05,235.0,131.0,112.0,17.45,49.85,50.0,41.05,10.25,21.25,14.75,26.55,40.75,73.8,57.0,13.9,111.5,10.3,10.3,48.75,73.8,21.2,55.5,19.75,234.5,200.0,69.9,329.5,53.5,11.6,123.5,107.0,220.5,31.8,153.5,43.45,31.5,19.1,35.5,66.4,224.0,9.34,33.55,308.5,175.0,3385.0,31.35,360.0,164.5,123.0,24.2,135.0,58.5,18.4,74.3,107.5,7.07,47.2,46.0
121.5,217.5,369.5,62.5,11.75,36.6,9.11,263.5,15.8,30.4,37.85,13.85,43.15,29.0,16.35,27.95,38.4,37.85,70.2,5.96,37.25,25.6,81.3,64.5,70.6,19.0,23.9,17.55,233.0,51.9,194.0,29.3,222.0,24.7,174.0,184.0,33.0,43.9,135.0,128.5,86.0,73.5,119.5,44.95,31.95,44.95,88.1,44.8,93.0,17.5,17.4,29.15,10.35,34.2,25.4,13.55,117.5,170.5,28.9,20.4,13.7,482.0,409.0,180.5,10.45,17.15,103.0,76.6,427.5,237.0,10.1,19.25,12.6,36.25,12.75,89.0,71.2,34.15,114.5,18.15,22.3,66.3,14.2,25.05,235.0,131.0,113.0,17.5,49.85,50.0,41.15,10.2,21.3,14.75,26.55,40.95,73.9,57.1,13.95,111.5,10.35,10.3,48.7,73.4,21.2,55.6,19.75,237.5,200.0,70.1,330.0,53.5,11.65,123.5,107.0,220.5,31.75,154.0,43.45,31.55,19.1,35.5,66.4,224.5,9.36,33.55,309.5,174.5,3400.0,31.45,361.5,165.5,123.5,24.2,135.0,58.5,18.35,74.3,107.5,7.09,47.15,46.0
121.5,217.0,369.5,62.7,11.8,36.6,9.11,263.5,15.8,30.4,37.85,13.85,43.1,29.0,16.3,27.95,38.4,37.9,70.2,5.96,37.2,25.6,81.8,64.3,70.6,19.0,23.9,17.55,233.0,51.9,194.5,29.35,222.0,24.7,174.0,184.5,33.05,43.9,135.0,128.5,86.0,73.4,119.0,45.0,31.9,44.95,88.1,44.75,92.9,17.5,17.4,29.15,10.35,34.2,25.4,13.55,117.5,170.5,28.85,20.45,13.7,482.0,409.5,180.5,10.45,17.15,103.0,76.6,427.5,237.0,10.1,19.25,12.6,36.2,12.75,88.9,71.2,34.15,115.0,18.2,22.35,66.2,14.15,25.05,235.5,130.5,113.5,17.5,49.85,50.0,40.9,10.2,21.25,14.75,26.55,40.75,73.9,57.0,13.9,112.0,10.35,10.25,48.7,73.6,21.2,55.6,19.8,236.0,200.0,70.1,330.0,53.7,11.65,123.0,106.5,220.5,31.8,153.5,43.45,31.6,19.1,35.5,66.4,224.5,9.36,33.55,310.5,175.5,3405.0,31.6,361.5,165.5,123.5,24.2,134.5,58.5,18.4,74.3,107.5,7.09,47.05,46.0
121.5,217.5,369.5,63.0,11.8,36.65,9.1,263.5,15.75,30.4,37.8,13.85,43.15,29.0,16.4,27.95,38.4,37.9,70.4,5.97,37.2,25.65,82.1,64.4,70.7,19.0,23.9,17.55,235.5,51.9,194.5,29.4,222.0,24.7,174.0,185.5,33.0,43.85,135.0,128.5,86.0,73.1,119.0,45.0,31.9,44.95,88.3,44.75,93.0,17.5,17.4,29.1,10.35,34.15,25.4,13.55,118.0,170.5,28.85,20.65,13.7,482.0,418.0,181.0,10.45,17.2,103.0,76.7,427.5,236.5,10.1,19.3,12.65,36.25,12.8,88.8,71.2,34.15,115.0,18.15,22.4,66.4,14.15,25.05,235.5,131.0,113.5,17.5,49.85,50.0,41.15,10.25,21.3,14.75,26.55,40.9,74.0,57.0,13.95,111.5,10.3,10.3,48.7,73.9,21.2,55.5,19.75,237.5,200.5,70.1,330.5,53.7,11.65,123.0,107.0,221.0,31.8,154.0,43.45,31.6,19.1,35.5,66.4,224.5,9.36,33.55,311.0,176.0,3400.0,31.55,362.0,166.0,123.5,24.25,135.5,58.5,18.4,74.6,107.5,7.11,47.0,46.0
121.5,218.0,369.5,63.2,11.85,36.85,9.11,264.0,15.8,30.4,37.75,13.8,43.1,29.0,16.45,28.0,38.4,37.85,70.3,5.97,37.15,25.55,81.9,64.4,70.7,19.0,23.85,17.55,233.5,51.9,194.5,29.4,220.5,24.7,175.5,184.0,33.0,43.9,135.0,128.5,86.8,73.3,119.0,45.0,31.95,44.95,88.3,44.8,93.0,17.5,17.4,29.1,10.35,34.15,25.4,13.5,118.0,170.5,28.8,20.6,13.7,482.0,423.0,181.5,10.45,17.2,103.0,76.8,426.5,237.0,10.1,19.4,12.6,36.2,12.8,89.0,71.2,34.15,115.0,18.2,22.5,66.6,14.2,25.0,235.5,131.0,113.5,17.5,49.9,50.0,41.1,10.2,21.25,14.75,26.6,41.05,74.0,57.0,13.9,112.0,10.3,10.35,48.7,74.6,21.2,55.5,19.75,238.0,200.5,70.0,331.0,53.7,11.7,123.0,107.0,221.0,31.85,153.5,43.4,31.6,19.15,35.5,66.6,224.5,9.35,33.55,311.0,175.5,3400.0,31.7,360.0,166.0,123.5,24.2,136.5,58.5,18.4,74.6,107.5,7.11,46.85,46.0
122.0,218.5,369.5,63.0,11.85,36.8,9.1,266.0,15.8,30.4,37.75,13.85,43.15,29.0,16.35,28.2,38.4,37.75,70.3,5.97,37.15,25.6,81.8,64.4,70.9,19.0,23.85,17.6,233.5,51.9,195.0,29.45,220.5,24.7,175.5,183.5,33.0,43.95,135.0,128.5,86.8,73.3,119.0,45.0,31.9,44.95,88.3,44.85,93.0,17.45,17.4,29.1,10.35,34.15,25.5,13.55,118.5,170.5,28.85,20.7,13.7,482.0,425.0,181.5,10.45,17.15,103.0,76.9,426.0,237.0,10.1,19.35,12.7,36.15,12.85,89.3,71.2,34.2,115.0,18.2,22.55,66.7,14.15,25.0,235.5,131.0,114.0,17.5,49.85,50.0,41.1,10.25,21.25,14.75,26.55,41.05,73.8,57.1,13.9,112.0,10.3,10.35,48.7,74.5,21.2,55.5,19.8,237.0,200.0,70.0,331.0,53.7,11.7,123.0,106.5,221.0,31.85,153.5,43.25,31.6,19.1,35.5,66.6,224.5,9.36,33.55,310.5,175.0,3410.0,31.75,361.5,166.5,124.0,24.2,136.0,58.5,18.45,75.0,107.5,7.12,46.8,45.85
122.0,218.5,369.5,63.0,11.85,36.75,9.1,265.5,15.7,30.5,37.75,13.85,43.1,29.0,16.35,28.3,38.45,37.75,70.5,5.97,37.15,25.6,82.0,64.4,70.9,19.0,23.85,17.55,233.5,51.9,196.0,29.45,220.5,24.7,175.0,183.0,32.8,43.95,135.0,128.5,86.8,73.3,119.0,45.05,31.95,44.95,88.3,44.8,93.1,17.5,17.4,29.15,10.4,34.2,25.5,13.55,118.5,170.5,28.85,20.7,13.65,482.0,424.0,181.5,10.4,17.2,103.5,76.9,425.5,237.0,10.1,19.35,12.75,35.8,12.85,89.2,71.2,34.3,115.0,18.2,22.55,66.7,14.15,25.05,235.0,131.5,114.0,17.5,49.85,50.0,41.35,10.2,21.25,14.75,26.55,41.05,73.8,57.4,13.9,112.5,10.3,10.3,48.7,74.3,21.2,55.5,19.75,237.5,200.0,70.1,331.0,53.7,11.7,123.0,106.5,220.5,31.9,153.5,43.25,31.6,19.1,35.5,66.6,225.0,9.37,33.55,310.0,175.0,3410.0,31.7,361.5,166.0,123.5,24.2,136.5,58.5,18.45,75.1,107.5,7.12,46.85,45.8
122.0,218.5,369.5,63.0,11.9,36.7,9.1,265.0,15.7,30.45,37.7,13.85,43.1,29.0,16.35,28.3,38.4,37.8,70.4,5.98,37.15,25.6,82.0,64.4,71.0,19.0,23.8,17.55,233.5,51.9,196.0,29.5,220.5,24.7,174.5,182.5,32.8,43.95,135.0,128.5,86.8,73.3,119.0,45.1,32.0,44.95,88.2,44.8,93.2,17.5,17.45,29.15,10.4,34.35,25.5,13.5,119.0,170.5,28.85,20.65,13.65,482.0,422.0,182.0,10.4,17.2,103.0,76.9,425.5,237.0,10.05,19.35,12.7,35.85,12.8,89.6,71.2,34.3,115.0,18.2,22.5,66.8,14.2,25.1,235.0,132.0,113.5,17.5,49.85,50.0,41.4,10.25,21.25,14.75,26.55,41.1,73.7,57.6,13.95,112.0,10.3,10.35,48.85,74.4,21.15,55.5,19.8,239.0,200.0,70.1,331.0,53.7,11.7,123.0,107.0,220.5,31.9,154.5,43.2,31.6,19.1,35.5,66.6,224.5,9.38,33.6,310.5,174.5,3410.0,31.6,362.0,165.0,124.0,24.25,136.5,58.5,18.45,75.1,107.5,7.13,46.85,45.8
122.0,218.0,369.5,62.9,11.9,36.65,9.1,265.0,15.7,30.45,37.7,13.85,43.1,29.0,16.35,28.3,38.45,37.9,70.4,5.96,37.15,25.6,82.0,64.5,71.1,19.0,23.8,17.55,233.0,51.9,196.0,29.5,220.5,24.7,174.5,183.5,32.75,44.0,135.0,128.5,86.8,73.4,119.0,45.15,32.0,44.95,88.2,44.85,93.2,17.5,17.45,29.1,10.4,34.35,25.5,13.55,119.0,170.5,28.85,20.6,13.65,482.0,423.0,182.5,10.4,17.2,103.0,76.8,425.0,237.0,10.05,19.3,12.65,35.65,12.85,89.7,71.2,34.3,115.0,18.2,22.5,66.7,14.15,25.1,235.5,132.5,113.5,17.5,49.9,50.0,41.65,10.25,21.25,14.8,26.55,41.05,73.5,57.7,13.9,112.5,10.3,10.35,48.9,74.4,21.2,55.7,19.8,238.0,202.0,70.2,331.5,53.4,11.7,123.5,106.5,221.0,31.95,154.5,43.2,31.65,19.1,35.5,66.6,225.0,9.43,33.6,311.0,175.0,3400.0,31.65,361.5,165.5,124.0,24.2,136.0,58.4,18.45,75.1,107.5,7.13,47.0,45.7
122.0,217.5,365.0,63.0,11.9,36.65,9.15,265.0,15.8,30.45,37.7,13.9,43.1,29.05,16.35,28.3,38.5,37.9,70.5,5.98,37.2,25.6,82.1,64.5,71.1,19.0,23.9,17.6,233.0,51.9,195.5,29.5,220.5,24.7,174.5,183.5,32.8,44.0,135.0,128.5,86.8,73.4,119.0,45.25,32.0,45.0,88.2,44.85,93.3,17.5,17.45,29.2,10.4,34.35,25.7,13.55,118.5,170.5,28.85,20.6,13.65,482.0,423.5,182.5,10.4,17.3,103.0,76.9,426.0,237.0,10.05,19.3,12.65,35.8,12.85,90.1,71.3,34.35,114.5,18.2,22.5,66.8,14.15,25.1,235.0,132.5,114.5,17.45,49.9,50.0,41.7,10.2,21.25,14.75,26.55,41.05,73.7,57.6,13.95,112.5,10.3,10.35,48.9,74.4,21.2,55.7,19.8,238.5,202.0,70.9,331.5,53.5,11.7,123.5,106.5,221.0,31.95,154.5,43.25,31.7,19.15,35.35,66.6,225.0,9.43,33.6,311.5,175.0,3390.0,31.7,361.5,165.5,124.0,24.25,136.5,58.4,18.4,75.2,107.5,7.15,47.15,45.7
122.5,218.0,365.0,63.0,11.9,36.7,9.16,265.0,15.8,30.5,37.75,13.9,43.1,29.05,16.4,28.3,38.5,37.9,70.6,5.97,37.2,25.6,82.2,64.5,71.1,19.0,23.9,17.55,233.0,51.9,195.5,29.5,220.5,24.7,175.0,183.5,32.85,44.05,135.0,129.0,86.8,73.4,119.0,45.25,31.95,45.0,88.2,44.85,93.4,17.5,17.4,29.2,10.4,34.35,25.75,13.55,118.5,170.5,28.85,20.9,13.7,482.0,426.0,182.0,10.45,17.25,103.0,76.9,425.5,237.5,10.05,19.35,12.65,35.9,12.8,89.9,71.3,34.35,115.0,18.2,22.5,66.8,14.2,25.15,236.5,131.0,115.0,17.5,49.95,50.1,41.85,10.2,21.25,14.8,26.55,41.05,73.9,57.6,13.95,112.5,10.3,10.35,48.9,74.4,21.2,55.7,19.8,238.5,202.0,70.6,331.5,53.6,11.75,123.5,106.5,221.0,31.95,154.5,43.2,31.6,19.15,35.4,66.6,224.5,9.43,33.6,312.0,175.0,3395.0,31.65,362.0,165.5,123.5,24.3,136.5,58.4,18.4,75.2,107.5,7.15,47.25,45.85
122.5,217.5,365.0,63.0,11.9,36.65,9.16,264.5,15.8,30.5,37.8,13.9,43.1,29.05,16.3,28.3,38.5,37.9,70.5,5.97,37.25,25.65,82.0,64.6,71.3,19.0,23.9,17.6,233.0,51.9,195.5,29.45,220.5,24.7,175.0,183.5,32.85,44.05,135.0,129.0,86.6,73.3,119.0,45.25,31.95,45.0,88.4,44.85,93.5,17.5,17.45,29.2,10.4,34.3,25.75,13.6,119.0,170.5,28.85,20.9,13.7,482.0,425.5,182.0,10.45,17.2,103.0,76.9,424.5,237.5,10.05,19.45,12.7,36.0,12.85,89.5,71.3,34.4,115.0,18.2,22.5,66.6,14.2,25.15,235.5,130.5,115.5,17.5,49.95,50.0,42.2,10.2,21.3,14.8,26.55,41.0,73.9,57.4,13.95,112.0,10.35,10.35,48.95,74.0,21.2,55.8,19.8,237.5,202.0,70.5,331.5,53.6,11.75,123.5,107.0,220.5,31.95,154.5,43.2,31.6,19.15,35.35,66.6,224.5,9.44,33.6,312.0,174.5,3385.0,31.65,361.0,165.5,123.0,24.3,136.0,58.4,18.4,75.3,107.5,7.14,47.3,45.85
121.5,217.5,365.0,63.0,11.9,36.6,9.16,263.5,15.8,30.5,37.85,13.9,43.1,29.05,16.35,28.5,38.5,37.9,70.5,5.97,37.2,25.65,82.0,64.5,71.1,19.05,23.9,17.6,234.5,51.9,195.5,29.5,220.0,24.8,175.0,183.5,32.95,43.95,135.0,128.5,86.6,73.3,119.5,45.3,31.95,45.0,88.4,44.85,93.5,17.55,17.45,29.2,10.4,34.25,25.75,13.55,119.0,170.5,28.85,20.85,13.7,482.0,423.5,183.0,10.45,17.15,103.5,76.9,424.0,237.0,10.1,19.4,12.7,36.0,12.85,89.7,71.3,34.35,115.0,18.25,22.5,66.6,14.2,25.15,235.5,131.5,115.5,17.45,49.95,50.0,42.15,10.25,21.3,14.75,26.55,41.05,73.9,57.4,13.95,112.0,10.3,10.35,48.9,74.0,21.2,55.8,19.8,238.5,202.0,70.4,331.5,53.6,11.75,123.5,107.0,220.0,31.9,153.5,43.2,31.65,19.2,35.3,66.6,224.5,9.42,33.65,312.0,174.5,3375.0,31.6,363.5,165.5,123.0,24.3,136.0,58.4,18.4,75.2,107.5,7.14,47.2,45.85
122.5,218.0,365.0,63.0,11.9,36.6,9.15,264.0,15.8,30.45,37.8,13.9,43.1,29.05,16.35,28.5,38.5,37.8,70.5,5.98,37.25,25.65,81.8,64.7,71.1,19.0,23.9,17.55,234.5,51.9,195.5,29.45,220.0,24.75,174.5,183.0,32.9,43.95,135.0,128.5,86.6,73.4,119.5,45.3,31.95,45.0,88.4,44.85,93.5,17.55,17.45,29.2,10.4,34.25,25.7,13.6,119.0,170.5,28.85,20.7,13.7,482.0,421.0,182.5,10.45,17.2,103.0,76.9,424.0,237.0,10.1,19.4,12.7,36.0,12.8,90.1,71.3,34.4,114.5,18.3,22.5,66.6,14.2,25.1,235.5,131.5,115.0,17.45,49.95,50.1,41.9,10.2,21.3,14.75,26.55,41.2,73.8,57.3,13.95,112.0,10.3,10.35,48.95,74.0,21.2,55.8,19.8,239.5,202.0,70.5,331.0,53.6,11.7,123.5,106.5,219.0,31.9,153.5,43.2,31.55,19.15,35.3,66.7,224.5,9.4,33.7,312.0,175.0,3375.0,31.65,364.5,166.0,123.0,24.3,136.0,58.4,18.4,75.1,107.5,7.14,47.15,45.85
122.5,218.0,365.0,63.0,11.9,36.55,9.16,264.5,15.8,30.45,37.8,13.9,43.1,29.05,16.35,28.85,38.5,37.8,70.6,5.99,37.25,25.65,81.8,64.7,70.9,19.0,23.8,17.55,234.5,51.9,195.5,29.45,220.0,24.85,175.0,182.0,32.9,43.9,135.0,128.5,86.6,73.4,119.5,45.3,31.95,45.0,88.4,44.9,93.8,17.55,17.45,29.4,10.4,34.35,25.7,13.55,119.0,170.5,28.9,20.8,13.7,482.0,422.0,182.5,10.45,17.2,103.0,76.9,423.0,237.5,10.1,19.4,12.7,35.85,12.85,89.3,71.3,34.4,115.0,18.25,22.5,66.6,14.2,25.1,235.0,131.0,115.0,17.5,49.95,50.1,41.9,10.2,21.3,14.75,26.55,41.25,73.7,57.3,13.95,112.0,10.35,10.35,48.95,74.1,21.2,55.8,19.8,239.0,203.5,70.3,331.0,53.6,11.75,123.5,107.0,219.0,31.9,152.5,43.2,31.55,19.15,35.3,66.7,224.5,9.4,33.7,312.5,174.5,3380.0,31.6,363.5,166.0,123.0,24.35,136.0,58.4,18.4,75.1,107.5,7.13,47.05,45.85
122.5,218.0,365.0,63.0,11.9,36.55,9.16,264.5,15.8,30.45,37.85,13.9,43.1,29.05,16.35,28.95,38.5,37.85,70.6,5.99,37.2,25.65,81.9,64.6,70.9,19.0,23.8,17.55,235.0,51.9,195.5,29.45,220.0,24.85,175.0,182.5,32.9,43.9,135.0,128.5,86.6,73.4,119.5,45.3,31.9,45.0,88.4,44.85,94.2,17.55,17.45,29.5,10.4,34.35,25.7,13.55,119.0,171.0,28.9,20.8,13.7,482.0,422.5,182.5,10.4,17.2,103.5,76.9,424.5,238.0,10.1,19.35,12.7,35.85,12.85,89.6,71.3,34.4,115.0,18.25,22.5,66.6,14.2,25.15,235.5,131.0,115.0,17.5,49.95,50.1,42.15,10.2,21.3,14.75,26.55,41.35,73.6,57.3,13.95,112.0,10.35,10.35,48.9,73.9,21.2,55.7,19.85,238.5,203.0,70.3,331.0,53.5,11.75,123.5,107.0,220.5,31.9,153.5,43.2,31.6,19.15,35.5,66.7,225.0,9.4,33.7,312.5,175.5,3385.0,31.65,364.0,167.0,122.5,24.3,137.0,58.4,18.4,75.1,107.5,7.13,47.1,45.85
122.5,218.0,365.0,63.1,11.9,36.55,9.15,264.5,15.8,30.45,37.85,13.9,43.1,29.05,16.35,29.25,38.5,37.85,70.5,5.98,37.2,25.65,82.0,64.7,70.9,19.0,23.8,17.55,235.0,51.9,195.5,29.5,220.0,24.8,174.5,182.5,32.9,43.9,135.0,128.5,86.6,73.4,119.5,45.4,31.9,45.0,88.4,44.85,94.3,17.55,17.45,29.35,10.4,34.35,25.65,13.6,119.0,170.5,28.85,20.85,13.75,482.0,423.0,182.0,10.4,17.2,104.0,76.9,425.0,238.5,10.1,19.45,12.7,35.85,12.9,89.7,71.3,34.45,115.0,18.3,22.5,66.7,14.2,25.1,235.0,131.0,115.0,17.5,50.0,50.1,42.2,10.2,21.4,14.8,26.55,41.35,73.6,57.2,14.0,112.5,10.35,10.35,48.85,73.9,21.2,55.7,19.8,239.0,203.0,70.6,329.5,53.6,11.75,123.5,106.5,220.5,31.95,153.0,43.15,31.6,19.1,35.45,66.7,225.0,9.4,33.7,312.5,175.5,3395.0,31.8,364.0,167.0,123.5,24.3,136.5,58.4,18.4,75.1,107.5,7.13,47.1,45.85
122.0,218.0,365.0,62.9,11.9,36.6,9.16,265.0,15.8,30.45,37.9,13.85,43.1,29.05,16.35,29.05,38.45,37.85,70.5,5.98,37.2,25.65,82.2,64.6,70.9,19.0,23.9,17.55,235.0,51.9,195.5,29.45,220.0,24.75,175.5,182.5,32.95,43.9,135.0,128.5,86.7,73.4,119.5,45.4,31.9,45.05,88.4,44.85,94.3,17.55,17.4,29.35,10.4,34.35,25.65,13.6,119.0,170.0,28.9,20.8,13.75,482.0,422.0,182.0,10.45,17.2,104.0,76.9,424.0,238.5,10.1,19.45,12.7,35.85,12.85,89.6,71.4,34.4,115.0,18.3,22.5,66.6,14.2,25.1,235.5,131.0,115.0,17.5,49.95,50.0,42.1,10.2,21.4,14.75,26.5,41.3,73.6,57.2,13.95,112.0,10.35,10.35,48.85,73.8,21.2,55.8,19.8,239.0,203.0,70.6,329.5,53.6,11.75,123.5,107.0,220.5,31.95,153.0,43.15,31.65,19.15,35.45,66.7,225.0,9.4,33.7,312.0,175.5,3395.0,31.8,363.5,166.0,123.5,24.3,136.5,58.4,18.4,75.1,107.5,7.13,47.05,45.85
122.5,218.5,365.0,62.9,11.9,36.55,9.16,265.5,15.8,30.45,37.9,13.85,43.15,29.05,16.35,29.05,38.45,37.85,70.5,6.05,37.2,25.65,82.2,64.6,70.9,19.0,23.9,17.6,235.0,51.9,195.5,29.45,220.0,24.75,175.5,181.5,32.95,43.9,135.0,128.5,86.7,73.5,120.0,45.4,31.85,45.1,88.5,44.85,94.4,17.55,17.45,29.35,10.4,34.3,25.65,13.6,119.0,170.0,28.9,20.8,13.75,493.5,421.5,182.5,10.45,17.2,104.0,76.9,424.0,238.5,10.1,19.5,12.65,35.85,12.9,89.8,71.4,34.45,115.0,18.3,22.5,66.6,14.2,25.05,235.5,131.0,115.0,17.5,50.0,50.0,42.05,10.2,21.4,14.75,26.5,41.3,73.7,57.4,13.95,112.5,10.4,10.35,48.85,73.9,21.15,55.8,19.85,238.5,203.0,70.4,329.5,53.8,11.75,123.5,107.0,220.5,31.95,153.0,43.2,31.65,19.15,35.5,66.7,225.5,9.41,33.7,312.0,175.5,3400.0,31.85,362.0,166.0,123.5,24.3,137.0,58.4,18.4,75.1,107.5,7.13,47.05,45.85
122.5,218.0,365.0,63.0,11.95,36.45,9.16,265.5,15.8,30.45,37.9,13.85,43.15,29.05,16.35,29.05,38.4,37.85,70.5,6.1,37.15,25.65,82.3,64.5,70.9,19.0,23.9,17.6,234.0,51.9,195.5,29.45,220.0,24.75,175.5,182.5,33.0,43.9,135.0,128.5,86.7,73.5,120.0,45.4,31.8,45.1,88.4,44.8,94.5,17.55,17.45,29.35,10.35,34.3,25.6,13.55,119.0,170.5,28.9,20.85,13.75,493.5,421.5,181.5,10.5,17.25,103.5,77.0,424.5,238.5,10.1,19.5,12.7,35.9,12.9,90.0,71.4,34.45,115.0,18.35,22.5,66.7,14.2,25.05,235.5,131.0,114.5,17.45,49.95,50.1,41.85,10.25,21.35,14.75,26.5,41.3,73.7,57.6,13.95,112.5,10.35,10.35,48.9,74.2,21.2,55.8,19.8,238.5,203.5,70.4,329.5,53.8,11.75,123.0,107.0,221.0,31.95,154.5,43.2,31.6,19.15,35.5,66.7,225.5,9.41,33.7,312.0,175.5,3395.0,31.8,363.5,166.5,123.0,24.3,138.0,58.4,18.4,75.1,108.0,7.14,47.0,45.85
122.5,218.5,365.0,63.1,11.95,36.35,9.16,265.0,15.8,30.5,37.9,13.9,43.15,29.05,16.35,29.05,38.4,37.85,70.5,6.13,37.2,25.65,82.3,64.5,70.9,19.0,23.9,17.55,234.0,51.9,195.5,29.45,220.0,24.75,175.0,182.0,32.95,43.9,135.0,128.5,86.7,73.5,120.0,45.4,31.8,45.1,88.4,44.85,94.4,17.55,17.45,29.35,10.35,34.3,25.6,13.55,119.0,170.0,28.9,20.75,13.75,493.5,419.0,182.0,10.5,17.2,103.5,77.0,424.5,239.0,10.1,19.5,12.7,35.85,12.9,89.9,71.5,34.4,115.0,18.35,22.45,66.7,14.2,25.1,235.5,131.0,114.5,17.5,50.0,50.0,41.9,10.25,21.4,14.8,26.5,41.3,73.7,57.6,13.95,112.5,10.35,10.35,48.9,74.0,21.2,55.7,19.8,238.5,203.0,70.4,329.5,53.9,11.75,122.5,106.5,220.5,31.9,154.0,43.2,31.6,19.15,35.5,66.7,225.5,9.4,33.75,312.0,175.5,3380.0,31.85,363.5,166.5,124.0,24.3,137.5,58.4,18.4,75.0,107.5,7.14,46.9,45.9
122.5,218.0,365.0,63.4,11.9,36.5,9.16,264.5,15.8,30.5,38.05,13.9,43.1,29.05,16.35,29.05,38.35,37.85,70.4,6.1,37.2,25.65,82.2,64.5,70.8,19.05,23.9,17.6,234.0,51.9,196.0,29.4,220.0,24.75,175.0,181.5,33.0,43.9,135.0,128.5,86.6,73.6,120.0,45.4,31.85,45.15,88.4,44.85,94.2,17.55,17.5,29.35,10.35,34.3,25.6,13.55,119.0,169.5,28.9,20.75,13.7,493.5,417.0,182.0,10.5,17.2,103.5,77.1,424.5,238.5,10.1,19.5,12.7,35.85,12.9,89.6,71.4,34.35,115.0,18.35,22.5,66.7,14.2,25.05,235.5,130.5,115.0,17.5,50.0,50.0,41.85,10.2,21.35,14.75,26.5,41.3,73.6,57.6,13.95,112.0,10.35,10.35,48.9,74.0,21.2,55.7,19.8,238.0,203.0,70.4,330.0,53.6,11.7,122.5,107.0,220.0,31.95,154.0,43.2,31.65,19.15,35.5,66.7,225.5,9.4,33.8,312.0,175.5,3380.0,31.85,362.0,166.5,123.5,24.3,138.0,58.4,18.4,75.0,107.5,7.13,46.85,45.9
122.5,218.0,365.0,63.2,11.9,36.4,9.16,264.0,15.8,30.45,38.0,13.9,43.1,29.05,16.35,29.05,38.35,37.85,70.4,6.11,37.2,25.7,82.1,64.5,70.8,19.05,23.85,17.6,234.0,51.9,195.5,29.4,220.0,24.75,175.0,181.5,33.0,43.9,135.0,129.0,86.6,73.6,120.0,45.4,31.85,45.15,88.3,44.85,93.9,17.55,17.45,29.4,10.35,34.25,25.6,13.55,119.0,169.5,28.9,20.75,13.7,493.5,420.0,181.0,10.5,17.2,103.5,77.1,425.0,238.5,10.1,19.45,12.7,35.85,12.9,89.9,71.5,34.35,115.0,18.35,22.45,66.7,14.2,25.05,235.5,130.5,115.0,17.5,50.0,50.0,41.8,10.25,21.4,14.75,26.5,41.25,73.6,57.5,13.95,112.0,10.35,10.35,48.95,74.0,21.2,55.7,19.8,237.5,203.0,70.4,330.0,53.6,11.75,122.5,107.0,220.0,32.0,153.5,43.2,31.65,19.15,35.5,66.7,225.5,9.39,33.8,311.5,175.5,3380.0,32.1,363.0,166.0,123.0,24.3,138.0,58.4,18.4,75.0,107.5,7.14,46.85,45.85
122.5,218.0,365.0,63.3,11.9,36.35,9.16,264.0,15.8,30.45,38.0,13.9,43.15,29.05,16.35,29.05,38.35,37.85,70.4,6.09,37.25,25.7,82.1,64.6,70.8,19.05,23.85,17.55,234.0,51.9,196.0,29.4,220.0,24.7,175.0,182.0,33.0,43.85,135.0,129.0,86.6,73.6,120.0,45.4,31.85,45.15,88.0,44.85,93.9,17.55,17.45,29.4,10.35,34.25,25.6,13.6,119.0,169.5,28.85,20.75,13.7,493.5,420.0,180.5,10.5,17.25,103.5,77.0,424.5,238.0,10.1,19.45,12.7,35.85,12.85,89.7,71.5,34.4,115.0,18.35,22.5,66.6,14.2,25.05,235.0,130.5,115.0,17.45,50.0,50.0,41.75,10.2,21.4,14.75,26.5,41.25,73.6,57.5,14.0,112.0,10.35,10.35,48.95,74.0,21.15,55.6,19.8,237.5,203.0,70.3,330.5,53.5,11.75,123.0,106.5,219.0,32.0,153.5,43.2,31.6,19.2,35.5,66.7,225.5,9.39,33.8,312.0,175.5,3370.0,32.1,362.0,166.0,123.0,24.25,138.0,58.4,18.35,75.0,107.5,7.13,46.8,45.8
122.5,217.5,365.0,63.3,11.9,36.45,9.15,264.0,15.75,30.45,37.95,13.9,43.15,29.05,16.35,29.0,38.4,37.8,70.4,6.08,37.25,25.65,81.8,64.5,70.5,19.05,23.85,17.55,234.0,51.9,196.0,29.4,220.0,24.8,175.0,182.0,33.0,43.85,135.0,129.0,86.6,73.6,120.0,45.3,31.9,45.2,88.0,44.85,93.8,17.55,17.5,29.4,10.35,34.25,25.55,13.65,119.0,169.5,28.9,20.7,13.7,493.5,420.0,180.0,10.55,17.2,103.5,77.0,423.0,238.5,10.1,19.45,12.7,35.85,12.85,89.7,71.4,34.35,115.0,18.35,22.5,66.6,14.2,25.0,235.5,128.5,114.5,17.5,49.95,50.0,41.8,10.25,21.35,14.75,26.5,41.2,73.7,57.4,13.95,112.0,10.35,10.35,48.95,74.0,21.2,55.7,19.8,237.0,203.0,70.3,331.0,53.3,11.7,123.0,107.0,219.5,31.95,153.0,43.2,31.55,19.2,35.5,66.7,225.5,9.39,33.8,311.5,175.0,3360.0,32.0,362.0,166.0,122.5,24.25,138.0,58.4,18.35,74.8,107.5,7.12,46.75,45.8
122.5,217.5,365.0,63.1,11.95,36.55,9.15,263.5,15.75,30.45,37.9,13.85,43.1,29.1,16.35,28.95,38.4,37.8,70.2,6.08,37.3,25.65,81.7,64.5,70.5,19.05,23.85,17.55,233.5,51.9,195.5,29.4,220.0,24.8,175.0,181.5,33.0,43.85,135.0,129.0,86.5,73.6,120.0,45.25,31.9,45.2,88.0,44.85,93.6,17.55,17.45,29.4,10.35,34.2,25.55,13.65,118.5,169.5,28.85,20.75,13.7,493.5,420.0,180.5,10.5,17.2,104.0,77.0,422.5,238.5,10.1,19.4,12.65,35.85,12.85,89.3,71.4,34.35,115.0,18.35,22.45,66.6,14.2,25.0,235.5,126.5,114.0,17.5,50.0,50.0,41.75,10.2,21.35,14.7,26.5,41.2,73.6,57.3,13.95,112.0,10.35,10.35,48.95,74.0,21.1,55.5,19.8,236.0,203.0,70.2,331.0,53.2,11.7,122.5,107.0,219.0,32.0,153.0,43.2,31.55,19.2,35.55,66.7,225.5,9.39,33.75,312.0,175.0,3350.0,31.9,362.0,166.5,122.5,24.25,138.0,58.4,18.35,74.8,107.5,7.11,46.65,45.8
122.5,217.0,365.0,63.1,11.95,36.45,9.14,263.5,15.8,30.4,37.9,13.85,43.1,29.1,16.3,29.0,38.4,37.85,70.1,6.09,37.3,25.65,81.6,64.4,70.5,19.05,23.85,17.55,233.0,51.9,196.0,29.4,221.0,24.7,175.5,179.5,33.0,43.8,135.0,129.0,86.5,73.6,120.0,45.2,31.9,45.2,87.9,44.85,93.9,17.55,17.45,29.35,10.35,34.15,25.55,13.6,119.0,169.5,28.8,20.7,13.7,493.5,420.0,180.0,10.5,17.2,103.5,76.8,424.0,238.0,10.1,19.35,12.7,35.85,12.85,89.4,71.3,34.35,115.0,18.35,22.45,66.5,14.25,24.95,235.5,126.5,114.0,17.5,50.0,50.0,41.75,10.2,21.35,14.75,26.5,41.25,73.6,57.2,14.0,112.0,10.35,10.35,48.95,74.0,21.15,55.5,19.85,236.0,203.0,70.2,330.5,53.2,11.65,123.0,107.0,219.0,32.0,153.0,43.15,31.55,19.2,35.55,66.7,225.5,9.39,33.8,312.0,175.5,3345.0,31.85,362.0,166.0,122.5,24.25,138.0,58.4,18.3,74.7,107.5,7.11,46.8,45.8
122.5,217.0,365.0,63.2,12.0,36.45,9.13,263.5,15.75,30.4,37.9,13.85,43.1,29.1,16.3,29.0,38.35,37.85,70.1,6.08,37.3,25.6,81.7,64.4,70.5,19.0,23.8,17.55,233.0,51.9,196.0,29.35,220.5,24.7,175.0,180.5,33.0,43.75,135.0,129.0,86.5,73.5,120.0,45.3,31.9,45.2,87.7,44.85,93.9,17.55,17.45,29.35,10.35,34.15,25.55,13.65,119.0,170.0,28.8,20.7,13.7,493.5,420.0,180.0,10.5,17.2,103.5,76.8,422.5,237.5,10.05,19.4,12.7,35.85,12.9,89.2,71.3,34.35,115.0,18.35,22.45,66.4,14.2,24.95,235.0,128.0,114.0,17.45,49.95,50.0,41.6,10.15,21.35,14.75,26.45,41.45,73.6,57.4,13.95,111.5,10.3,10.35,48.95,74.0,21.15,55.6,19.8,235.5,203.0,70.2,330.5,53.3,11.65,123.0,107.0,219.0,32.0,153.0,43.15,31.6,19.2,35.55,66.6,225.0,9.38,33.8,311.5,175.5,3345.0,31.85,362.0,166.0,122.5,24.3,138.0,58.4,18.3,74.7,107.5,7.11,46.75,45.75
122.5,216.5,365.0,63.2,12.05,36.45,9.12,263.5,15.75,30.4,37.85,13.85,43.1,29.1,16.3,28.95,38.35,37.85,70.1,6.08,37.3,25.6,81.6,64.3,70.5,19.0,23.8,17.55,233.0,51.9,196.0,29.35,220.5,24.7,175.0,180.5,33.0,43.7,135.5,128.5,86.4,73.5,120.0,45.15,31.9,45.25,87.5,44.85,93.9,17.5,17.4,29.25,10.35,34.15,25.55,13.6,118.5,170.0,28.75,20.7,13.7,486.0,419.5,179.5,10.45,17.2,103.5,76.7,424.5,237.5,10.05,19.35,12.65,35.85,12.85,89.5,71.3,34.35,115.0,18.3,22.4,66.4,14.2,24.95,235.0,126.5,113.5,17.45,49.95,50.0,41.5,10.15,21.3,14.7,26.45,41.35,73.5,57.2,13.95,111.5,10.35,10.3,48.9,74.1,21.1,55.6,19.8,236.0,203.0,70.2,329.0,53.2,11.65,122.5,106.5,219.0,32.0,152.5,43.15,31.5,19.2,35.55,66.6,225.0,9.38,33.7,310.0,176.0,3350.0,31.75,362.0,165.5,122.5,24.3,137.5,58.4,18.25,74.7,107.5,7.1,46.7,45.75
122.0,216.0,365.0,63.0,12.0,36.45,9.12,263.5,15.75,30.4,37.85,13.85,43.1,29.1,16.25,28.95,38.25,37.8,70.1,6.06,37.25,25.6,81.7,64.2,70.4,19.0,23.8,17.55,233.0,51.9,196.0,29.35,221.0,24.7,175.0,181.0,32.95,43.65,135.5,128.5,86.4,73.5,120.5,45.15,31.85,45.25,87.5,44.85,93.8,17.55,17.45,29.25,10.35,34.1,25.55,13.6,118.5,170.0,28.8,20.7,13.75,486.0,418.5,180.5,10.45,17.2,103.0,76.6,424.0,237.5,10.05,19.4,12.65,35.8,12.8,89.5,71.3,34.35,115.0,18.3,22.4,66.4,14.2,24.95,235.0,127.0,113.5,17.5,50.0,50.0,41.05,10.15,21.35,14.7,26.45,41.1,73.4,57.2,13.95,111.5,10.35,10.3,48.9,74.1,21.15,55.7,19.8,236.5,203.0,70.1,329.0,53.1,11.65,122.5,107.0,219.0,32.0,152.5,43.15,31.5,19.2,35.55,66.6,225.0,9.38,33.65,310.0,176.0,3340.0,31.75,363.0,165.5,122.0,24.25,137.5,58.4,18.2,74.7,107.5,7.08,46.65,45.75
122.0,216.5,365.0,63.0,12.0,36.45,9.12,264.5,15.75,30.4,37.85,13.85,43.1,29.1,16.2,28.9,38.3,37.75,70.1,6.06,37.25,25.6,81.6,64.3,70.4,19.05,23.85,17.55,233.0,51.9,196.0,29.4,220.0,24.7,175.0,181.0,33.0,43.65,135.5,128.5,86.4,73.5,120.5,45.15,31.85,45.25,87.5,44.8,93.8,17.55,17.45,29.25,10.35,34.1,25.55,13.6,118.5,170.0,28.8,20.7,13.7,497.5,418.5,180.5,10.45,17.2,103.0,76.6,422.5,237.5,10.05,19.35,12.65,35.75,12.8,89.5,71.3,34.35,114.5,18.3,22.45,66.4,14.2,25.0,235.0,127.5,114.0,17.5,50.0,50.0,41.2,10.2,21.35,14.7,26.45,41.0,73.0,57.3,13.95,111.5,10.35,10.35,48.9,74.1,21.15,55.5,19.8,236.0,203.0,70.1,329.0,53.0,11.65,122.5,107.0,219.0,32.05,152.5,43.15,31.5,19.25,35.55,66.6,225.5,9.37,33.65,310.0,175.5,3345.0,31.75,362.5,165.5,121.5,24.25,137.5,58.4,18.2,74.7,108.0,7.08,46.6,45.75
122.0,216.5,365.0,63.0,11.95,36.45,9.14,264.0,15.75,30.35,37.9,13.85,43.1,29.15,16.25,28.9,38.25,37.7,70.2,6.06,37.3,25.6,81.5,64.1,70.4,19.05,23.85,17.55,233.0,51.9,196.0,29.4,220.0,24.7,175.0,181.0,33.0,43.55,135.5,128.5,86.4,73.5,120.5,45.1,31.85,45.25,87.5,44.8,93.8,17.5,17.45,29.3,10.35,34.1,25.55,13.6,118.5,170.0,28.8,20.7,13.75,497.5,416.5,180.5,10.45,17.2,103.0,76.7,423.5,237.5,10.05,19.35,12.65,35.65,12.8,89.4,71.3,34.35,115.0,18.3,22.4,66.4,14.2,24.95,235.5,126.5,114.0,17.45,49.95,50.1,41.15,10.2,21.35,14.7,26.5,40.85,72.8,57.3,13.95,111.5,10.35,10.3,48.9,74.0,21.1,55.5,19.8,235.5,203.0,69.9,329.0,52.9,11.65,122.0,107.0,219.0,32.1,153.0,43.1,31.5,19.25,35.55,66.7,225.0,9.37,33.7,309.5,176.0,3345.0,31.65,362.5,165.5,121.5,24.25,137.5,58.4,18.25,74.8,108.0,7.08,46.45,45.75
122.0,216.0,365.0,62.9,12.0,36.45,9.14,263.0,15.75,30.35,37.8,13.9,43.05,29.15,16.25,28.9,38.3,37.55,70.3,6.06,37.3,25.6,81.5,64.2,70.5,19.0,23.85,17.55,233.0,51.9,196.0,29.4,220.0,24.7,175.5,181.0,33.0,43.6,134.5,128.5,86.4,73.6,120.0,45.1,31.85,45.3,87.5,44.8,93.7,17.55,17.45,29.3,10.35,34.1,25.5,13.55,119.0,170.0,28.8,20.7,13.75,487.0,417.0,179.5,10.45,17.2,103.5,76.6,424.5,238.0,10.1,19.35,12.6,35.65,12.75,89.4,71.4,34.35,115.0,18.3,22.35,66.5,14.2,24.95,235.0,127.0,113.5,17.5,50.0,50.0,40.85,10.15,21.35,14.7,26.45,41.0,72.7,57.2,13.9,111.5,10.35,10.3,48.85,73.9,21.15,55.7,19.8,235.0,203.0,70.0,329.5,53.0,11.65,122.5,106.5,216.5,32.15,153.0,43.1,31.45,19.2,35.5,66.7,225.0,9.36,33.7,309.5,176.5,3340.0,31.7,362.5,165.5,122.0,24.25,137.5,58.4,18.3,74.8,107.5,7.08,46.4,45.8
122.0,216.5,365.0,63.0,11.95,36.4,9.14,263.0,15.75,30.35,37.85,13.85,43.1,29.15,16.25,28.85,38.3,37.55,70.2,6.06,37.3,25.6,81.6,64.2,70.5,19.0,23.9,17.5,233.0,51.9,196.0,29.35,220.0,24.7,175.5,181.5,33.0,43.55,134.5,128.5,86.4,73.5,120.5,45.1,31.85,45.25,87.5,44.8,93.8,17.5,17.45,29.3,10.35,34.1,25.5,13.55,119.0,170.0,28.8,20.7,13.75,490.5,419.0,179.5,10.45,17.2,103.0,76.6,424.5,238.0,10.1,19.35,12.65,35.65,12.8,89.5,71.4,34.35,114.5,18.3,22.35,66.5,14.2,25.0,235.5,127.5,114.0,17.5,49.95,50.0,40.95,10.2,21.35,14.7,26.45,41.1,72.9,57.2,13.95,111.5,10.3,10.3,48.85,73.9,21.15,55.6,19.8,234.5,203.0,69.9,329.5,53.0,11.65,122.5,106.5,217.5,32.2,153.0,43.1,31.4,19.2,35.5,66.7,225.5,9.36,33.7,309.0,176.5,3330.0,31.7,362.0,165.0,122.0,24.25,137.5,58.4,18.25,74.8,107.5,7.08,46.5,45.8
122.0,216.0,365.0,63.0,11.95,36.35,9.14,263.0,15.75,30.35,37.85,13.85,43.05,29.15,16.2,28.85,38.25,37.6,70.1,6.06,37.3,25.55,81.6,64.1,70.6,19.0,23.9,17.5,233.0,51.9,196.0,29.35,220.0,24.7,175.5,182.0,33.0,43.55,134.5,128.5,86.4,73.6,120.5,45.1,31.85,45.25,87.7,44.8,93.7,17.55,17.4,29.3,10.35,34.1,25.5,13.6,118.5,170.0,28.8,20.7,13.75,485.0,419.5,179.5,10.45,17.25,103.0,76.6,424.5,238.0,10.1,19.3,12.65,35.6,12.75,89.4,71.4,34.35,114.5,18.3,22.35,66.4,14.2,25.0,235.5,127.5,113.5,17.5,50.0,50.0,40.75,10.15,21.35,14.7,26.45,41.15,72.8,57.2,13.9,111.5,10.3,10.3,48.85,73.7,21.15,55.6,19.8,235.0,203.0,69.9,329.5,53.0,11.65,122.5,107.0,216.5,32.15,152.5,43.1,31.45,19.2,35.5,66.7,225.0,9.36,33.7,309.5,176.0,3330.0,31.7,360.5,165.0,122.0,24.25,137.5,58.4,18.25,74.8,108.0,7.08,46.65,45.8
122.0,216.0,365.0,62.9,11.95,36.3,9.14,263.0,15.75,30.35,37.85,13.85,43.0,29.15,16.25,28.9,38.25,37.6,70.1,6.06,37.3,25.55,81.7,64.2,70.5,19.05,23.9,17.5,233.0,51.9,196.0,29.35,220.0,24.75,176.0,182.0,33.0,43.6,134.5,128.5,86.4,73.5,120.5,45.1,31.85,45.25,87.8,44.8,93.8,17.5,17.4,29.3,10.35,34.1,25.5,13.55,118.5,170.0,28.8,20.7,13.7,485.0,419.0,179.5,10.45,17.2,103.0,76.6,423.0,237.5,10.1,19.3,12.6,35.6,12.8,89.4,71.3,34.35,114.5,18.35,22.35,66.4,14.15,24.95,235.5,127.5,113.5,17.45,49.95,50.1,40.9,10.15,21.35,14.7,26.5,41.15,72.7,57.2,13.95,111.5,10.3,10.3,48.85,73.4,21.15,55.5,19.8,235.5,203.0,69.9,329.5,53.0,11.65,122.0,106.5,217.0,32.1,153.0,43.1,31.4,19.25,35.55,66.7,225.0,9.36,33.7,309.5,176.0,3325.0,31.6,360.5,165.0,122.0,24.25,138.5,58.4,18.25,74.8,107.5,7.08,46.6,45.8
122.0,216.0,364.0,62.9,11.95,36.3,9.14,262.5,15.75,30.35,37.85,13.85,43.0,29.15,16.1,28.85,38.2,37.65,70.0,6.06,37.3,25.55,81.7,64.1,70.5,19.05,23.9,17.5,233.0,51.9,196.0,29.35,220.0,24.7,175.5,182.0,33.0,43.7,134.5,128.5,86.4,73.6,120.5,45.1,31.85,45.25,88.1,44.8,93.8,17.5,17.45,29.25,10.35,34.1,25.5,13.6,118.5,170.0,28.8,20.8,13.75,485.0,419.0,179.5,10.45,17.2,103.0,76.6,423.0,237.5,10.1,19.3,12.65,35.65,12.8,89.5,71.3,34.35,115.0,18.35,22.35,66.4,14.2,24.95,235.5,126.5,113.5,17.45,49.95,50.0,40.75,10.15,21.35,14.7,26.45,41.15,72.6,57.2,13.95,111.5,10.35,10.3,48.8,73.4,21.15,55.5,19.8,234.5,203.0,69.9,329.5,52.9,11.65,121.5,106.5,217.5,32.15,153.0,43.1,31.4,19.25,35.55,66.7,225.5,9.36,33.7,310.0,176.0,3310.0,31.65,361.5,165.0,121.5,24.25,138.0,58.4,18.25,74.8,107.5,7.08,46.45,45.8
122.0,215.5,364.0,63.0,11.95,36.2,9.13,261.0,15.75,30.35,37.85,13.85,43.05,29.15,16.1,28.85,38.2,37.6,70.0,6.06,37.3,25.6,81.7,64.0,70.5,19.05,23.9,17.5,233.0,52.0,196.0,29.35,220.0,24.7,175.5,182.0,33.0,43.75,134.5,128.5,86.4,73.6,120.5,45.15,31.85,45.25,88.1,44.8,93.8,17.5,17.4,29.25,10.35,34.1,25.5,13.6,118.5,170.0,28.8,20.8,13.7,485.0,419.0,179.5,10.45,17.25,103.0,76.6,424.5,238.0,10.1,19.25,12.65,35.65,12.75,89.5,71.3,34.35,114.5,18.3,22.4,66.4,14.15,24.95,235.5,127.0,113.5,17.45,49.95,50.1,40.85,10.15,21.35,14.7,26.45,41.1,72.6,57.1,13.9,111.5,10.3,10.3,48.8,73.4,21.15,55.5,19.8,234.5,203.0,69.9,329.5,52.7,11.65,121.0,107.0,217.5,32.1,153.5,43.1,31.4,19.25,35.5,66.7,225.5,9.36,33.7,310.0,176.5,3325.0,31.65,361.5,165.0,122.0,24.25,138.0,58.4,18.25,74.9,107.5,7.08,46.45,45.7
122.0,215.5,364.0,62.9,12.0,36.0,9.14,262.0,15.75,30.35,37.8,13.85,43.0,29.15,16.1,28.85,38.25,37.55,70.0,6.06,37.3,25.6,81.8,64.1,70.5,19.05,23.9,17.5,233.0,52.0,196.0,29.35,220.0,24.75,175.5,182.0,33.0,43.65,134.5,129.0,86.4,73.6,120.5,45.15,31.9,45.25,88.0,44.8,93.9,17.55,17.4,29.3,10.35,34.1,25.5,13.6,118.5,170.0,28.8,20.85,13.7,485.0,420.0,180.0,10.45,17.2,103.0,76.6,424.5,238.0,10.1,19.3,12.6,35.7,12.8,89.5,71.3,34.4,114.5,18.3,22.4,66.5,14.15,24.95,235.5,127.5,113.5,17.45,49.95,50.0,40.95,10.2,21.3,14.7,26.45,41.1,72.6,57.1,13.9,111.5,10.3,10.3,48.8,73.7,21.15,55.5,19.8,235.0,203.5,69.9,330.0,52.6,11.65,121.5,106.5,217.0,32.1,153.5,43.1,31.35,19.25,35.5,66.7,225.5,9.39,33.7,310.5,176.5,3330.0,31.7,361.5,165.0,121.5,24.3,137.5,58.5,18.25,74.9,107.5,7.08,46.35,45.75
122.0,215.5,364.0,62.8,11.95,36.1,9.13,262.5,15.75,30.35,37.85,13.85,43.05,29.15,16.1,28.9,38.2,37.55,70.0,6.07,37.25,25.55,81.8,64.0,70.5,19.05,23.9,17.55,233.0,51.9,196.0,29.35,220.0,24.75,175.5,182.0,33.0,43.65,134.5,129.0,86.4,73.6,120.0,45.15,31.9,45.25,87.8,44.8,93.9,17.55,17.4,29.3,10.35,34.1,25.5,13.55,118.5,170.0,28.8,20.85,13.7,489.0,420.0,180.0,10.45,17.2,103.0,76.7,425.0,237.5,10.1,19.35,12.65,35.7,12.8,89.6,71.3,34.35,115.0,18.35,22.45,66.5,14.2,24.95,235.5,127.5,114.0,17.5,49.95,50.1,41.05,10.15,21.35,14.7,26.45,41.1,72.6,57.2,13.9,111.5,10.35,10.35,48.85,73.7,21.15,55.5,19.8,235.5,204.0,69.9,331.0,52.9,11.7,121.5,106.5,217.5,32.15,153.0,43.1,31.4,19.25,35.5,66.7,225.5,9.4,33.75,310.5,177.0,3330.0,31.65,361.5,165.0,122.0,24.25,138.0,58.5,18.3,74.9,107.5,7.09,46.2,45.7
122.0,216.0,364.0,62.8,11.95,36.15,9.13,262.5,15.75,30.35,37.8,13.85,43.0,29.15,16.15,28.95,38.2,37.6,70.0,6.08,37.3,25.6,81.8,64.1,70.5,19.05,23.9,17.55,233.0,51.9,195.5,29.35,220.0,24.7,175.5,182.0,33.0,43.65,134.5,129.0,86.4,73.6,120.0,45.15,31.9,45.2,87.8,44.8,93.9,17.5,17.45,29.3,10.35,34.1,25.5,13.55,118.5,170.0,28.8,20.8,13.7,489.0,423.5,180.0,10.45,17.2,103.5,76.6,426.0,237.5,10.1,19.3,12.6,35.75,12.8,89.6,71.3,34.35,114.5,18.3,22.4,66.5,14.2,24.95,235.5,128.5,114.0,17.45,50.0,50.1,40.85,10.2,21.35,14.75,26.45,41.0,72.7,57.1,13.95,111.5,10.35,10.35,48.8,73.4,21.1,55.5,19.8,235.5,204.5,70.0,331.0,52.9,11.7,121.5,106.5,217.0,32.15,153.5,43.1,31.35,19.2,35.5,66.7,225.5,9.4,33.75,310.5,177.5,3335.0,31.65,361.5,164.5,122.0,24.25,138.0,58.5,18.3,75.0,108.0,7.09,46.1,45.7
122.0,216.5,364.0,62.8,11.95,36.2,9.13,262.5,15.7,30.35,37.85,13.85,43.05,29.15,16.15,28.95,38.2,37.6,69.9,6.08,37.3,25.6,81.8,64.1,70.6,19.05,23.9,17.5,233.0,51.9,195.5,29.35,220.0,24.7,175.5,182.0,33.0,43.6,134.5,129.0,86.4,73.6,120.0,45.15,31.9,45.25,87.8,44.8,93.8,17.5,17.45,29.3,10.35,34.1,25.5,13.55,118.5,170.0,28.8,20.8,13.7,489.0,421.0,180.0,10.45,17.25,103.0,76.6,426.0,237.5,10.1,19.3,12.6,35.8,12.85,89.6,71.3,34.35,115.0,18.3,22.45,66.4,14.2,24.95,236.0,129.0,114.5,17.5,50.0,50.0,40.9,10.2,21.35,14.75,26.5,40.95,72.7,57.1,13.95,111.5,10.35,10.35,48.8,73.5,21.1,55.5,19.8,235.5,204.5,70.0,330.5,52.9,11.65,122.0,106.5,217.5,32.15,153.0,43.1,31.35,19.25,35.55,66.7,225.5,9.41,33.75,310.5,177.5,3340.0,31.65,361.5,164.5,122.5,24.25,138.0,58.5,18.3,75.0,107.5,7.08,45.8,45.65
122.0,216.0,364.0,62.8,11.9,36.25,9.12,262.5,15.7,30.35,37.85,13.85,43.0,29.15,16.15,28.95,38.2,37.6,69.9,6.07,37.3,25.6,81.8,64.1,70.6,19.05,23.9,17.5,233.0,51.9,195.5,29.4,220.0,24.7,176.0,182.5,33.05,43.6,134.5,129.0,86.4,73.6,119.5,45.15,31.85,45.2,87.7,44.8,93.6,17.5,17.4,29.3,10.35,34.15,25.5,13.55,118.5,170.0,28.8,20.85,13.7,489.0,419.5,180.0,10.45,17.2,103.0,76.7,426.0,237.5,10.1,19.3,12.6,35.7,12.8,89.6,71.3,34.35,114.5,18.3,22.4,66.4,14.15,24.95,235.5,128.5,114.5,17.5,50.0,50.0,40.85,10.15,21.35,14.75,26.45,40.95,72.7,57.1,13.95,111.5,10.3,10.35,48.8,73.5,21.15,55.5,19.8,236.0,204.0,70.0,331.0,52.9,11.65,122.0,106.5,217.5,32.15,153.5,43.1,31.35,19.25,35.55,66.7,225.5,9.41,33.75,310.5,177.5,3345.0,31.7,361.0,165.0,122.0,24.25,138.5,58.5,18.25,75.1,107.5,7.09,45.85,45.65
122.0,216.5,364.0,62.8,11.9,36.25,9.13,263.0,15.7,30.4,37.85,13.85,43.05,29.15,16.15,29.0,38.15,37.6,70.0,6.07,37.3,25.6,81.8,64.2,70.6,19.05,23.9,17.5,234.5,51.9,195.5,29.4,220.0,24.7,176.0,182.5,33.05,43.6,134.5,129.0,86.4,73.7,120.0,45.15,31.85,45.25,87.8,44.8,93.7,17.5,17.45,29.3,10.35,34.15,25.5,13.6,118.0,170.5,28.75,20.85,13.75,490.0,420.0,179.5,10.45,17.2,103.0,76.7,426.5,238.0,10.05,19.3,12.65,35.7,12.85,89.7,71.3,34.35,114.5,18.3,22.4,66.5,14.2,24.95,235.5,128.5,114.0,17.45,50.0,50.0,40.95,10.2,21.35,14.75,26.5,41.0,72.7,57.2,13.95,111.5,10.3,10.35,48.85,73.5,21.15,55.5,19.8,236.5,204.0,70.0,330.5,52.9,11.65,122.0,106.5,218.0,32.1,153.5,43.1,31.4,19.25,35.55,66.7,226.5,9.41,33.75,311.0,178.0,3345.0,31.75,361.0,165.5,122.0,24.25,139.0,58.5,18.3,75.1,107.5,7.11,46.0,45.65
122.0,216.5,364.0,62.8,11.95,36.3,9.13,262.0,15.75,30.45,37.8,13.85,43.05,29.1,16.2,28.95,38.15,37.65,70.0,6.08,37.3,25.6,81.9,64.3,70.7,19.05,23.9,17.5,235.0,51.9,195.5,29.35,220.0,24.7,176.0,183.0,33.05,43.55,134.5,129.0,86.5,73.8,120.0,45.15,31.85,45.25,87.8,44.8,94.0,17.55,17.4,29.25,10.35,34.15,25.5,13.55,118.0,170.5,28.8,21.0,13.75,490.0,418.0,179.5,10.45,17.2,103.0,76.6,428.5,238.0,10.05,19.3,12.65,35.75,12.8,89.9,71.3,34.3,115.0,18.35,22.4,66.5,14.15,24.95,235.5,128.5,114.5,17.45,49.95,50.0,40.9,10.2,21.3,14.75,26.45,41.05,72.7,57.2,13.9,111.5,10.3,10.3,48.8,73.5,21.15,55.5,19.8,236.5,204.0,70.0,330.5,53.0,11.65,121.5,106.5,218.5,32.15,154.0,43.1,31.45,19.25,35.55,66.7,226.5,9.41,33.75,311.0,178.5,3360.0,31.85,361.5,165.5,122.5,24.25,139.5,58.5,18.25,75.1,107.5,7.1,46.1,45.7
122.0,217.0,364.0,63.0,11.95,36.3,9.12,262.0,15.75,30.5,37.8,13.85,43.05,29.1,16.2,28.95,38.1,37.65,69.9,6.07,37.25,25.65,81.9,64.4,70.8,19.05,23.9,17.5,235.0,51.9,196.0,29.35,220.0,24.7,176.0,182.5,33.0,43.55,134.5,128.5,86.5,74.0,120.0,45.1,31.85,45.25,88.0,44.85,93.8,17.55,17.45,29.25,10.4,34.15,25.5,13.55,118.5,170.5,28.8,20.95,13.75,490.0,419.0,179.0,10.45,17.25,103.0,76.6,426.5,238.0,10.1,19.3,12.65,35.7,12.8,90.0,71.3,34.3,115.0,18.3,22.4,66.5,14.15,24.95,235.5,128.0,114.5,17.5,50.0,50.0,40.85,10.2,21.35,14.8,26.45,41.1,72.7,57.2,13.95,112.0,10.3,10.35,48.8,73.5,21.1,55.5,19.8,236.5,204.0,70.0,331.0,53.0,11.7,122.0,107.0,218.0,32.15,153.5,43.1,31.45,19.2,35.55,66.7,226.0,9.4,33.6,310.5,177.5,3355.0,31.85,361.5,165.5,122.5,24.25,140.0,58.5,18.3,75.1,107.5,7.11,46.25,45.65
122.0,217.0,364.0,63.0,11.95,36.25,9.12,262.0,15.75,30.5,37.8,13.85,43.05,29.1,16.2,28.9,38.05,37.65,70.0,6.06,37.3,25.65,81.9,64.4,70.9,19.0,23.9,17.5,235.0,51.9,195.5,29.4,220.0,24.7,177.0,182.0,33.0,43.55,134.5,128.5,86.5,73.9,120.0,45.1,31.85,45.25,88.0,44.85,93.9,17.55,17.45,29.3,10.4,34.1,25.5,13.55,118.5,170.5,28.8,20.95,13.75,490.0,418.5,178.0,10.5,17.2,103.0,76.6,426.0,238.0,10.1,19.35,12.6,35.7,12.85,89.8,71.4,34.3,114.5,18.3,22.4,66.5,14.2,24.95,236.0,127.5,114.5,17.5,49.95,50.0,40.55,10.15,21.35,14.8,26.45,41.1,72.7,57.1,13.95,112.0,10.35,10.35,48.8,73.5,21.1,55.5,19.85,236.5,204.0,70.0,331.0,52.9,11.7,122.0,106.5,218.5,32.15,153.5,43.1,31.45,19.2,35.55,66.7,226.5,9.4,33.75,311.0,177.5,3340.0,31.8,361.5,165.5,122.5,24.25,139.5,58.5,18.25,75.0,107.5,7.11,46.2,45.7
122.0,217.0,364.0,63.1,11.95,36.25,9.12,262.0,15.75,30.5,37.8,13.85,43.1,29.1,16.15,28.9,38.05,37.65,70.0,6.06,37.3,25.6,81.8,64.4,70.8,19.05,23.9,17.5,235.0,51.9,195.5,29.35,220.0,24.7,177.0,182.0,33.0,43.55,134.5,128.5,86.5,73.8,120.0,45.05,31.85,45.2,88.0,44.85,93.8,17.55,17.45,29.25,10.35,34.1,25.5,13.55,118.5,170.5,28.7,20.95,13.8,490.0,418.5,178.0,10.5,17.2,103.0,76.7,427.0,238.0,10.05,19.3,12.6,35.75,12.8,90.0,71.4,34.3,114.0,18.3,22.4,66.5,14.15,24.95,236.0,127.0,114.5,17.5,49.95,50.1,40.35,10.15,21.35,14.8,26.45,41.1,72.4,57.1,13.95,112.0,10.35,10.35,48.8,73.5,21.15,55.5,19.8,235.5,203.5,70.0,330.5,52.8,11.65,122.0,107.0,218.5,32.2,153.0,43.1,31.45,19.25,35.55,66.7,226.5,9.4,33.75,311.0,178.0,3350.0,31.8,361.5,165.5,122.5,24.3,139.0,58.5,18.25,75.0,108.0,7.11,46.2,45.65
122.0,217.0,364.0,63.1,11.95,36.25,9.12,262.0,15.75,30.5,37.8,13.85,43.1,29.1,16.15,28.9,38.1,37.65,70.1,6.06,37.3,25.65,81.8,64.4,70.8,19.05,23.9,17.5,235.5,51.9,195.5,29.4,220.0,24.7,177.0,182.0,33.0,43.55,134.5,128.5,86.4,73.8,120.0,45.05,31.85,45.25,88.0,44.85,93.9,17.5,17.45,29.2,10.35,34.1,25.65,13.55,118.5,170.5,28.75,21.0,13.75,490.0,414.5,177.5,10.45,17.2,103.0,76.6,426.5,238.5,10.05,19.3,12.6,35.75,12.8,89.9,71.3,34.3,114.0,18.3,22.45,66.5,14.15,24.95,235.5,127.5,114.5,17.5,49.95,50.1,40.1,10.2,21.35,14.75,26.45,41.1,72.0,57.1,13.9,111.5,10.3,10.35,48.8,73.5,21.15,55.5,19.8,235.5,203.5,70.0,330.5,52.9,11.65,122.0,106.5,218.5,32.2,153.5,43.1,31.45,19.2,35.55,66.7,226.5,9.39,33.8,311.0,177.5,3350.0,31.8,362.0,165.5,122.0,24.25,139.5,58.5,18.25,74.9,107.5,7.11,46.15,45.7
122.0,216.5,364.0,63.2,11.9,36.25,9.12,262.5,15.75,30.5,37.8,13.9,43.1,29.1,16.15,28.95,38.05,37.65,70.0,6.03,37.3,25.65,81.7,64.4,70.8,19.05,23.9,17.5,236.5,51.9,195.5,29.4,220.0,24.7,177.0,182.0,33.0,43.55,134.5,128.5,86.4,73.8,120.0,45.05,31.85,45.25,88.0,44.85,93.8,17.5,17.45,29.25,10.35,34.15,25.5,13.5,118.5,170.5,28.7,20.95,13.85,490.0,414.5,177.0,10.45,17.2,103.0,76.6,426.5,238.0,10.05,19.3,12.65,35.8,12.8,89.8,71.4,34.3,114.0,18.3,22.45,66.5,14.15,24.95,235.5,128.5,114.5,17.5,50.0,50.0,40.25,10.15,21.35,14.8,26.45,41.05,72.1,57.1,13.9,111.5,10.3,10.35,48.85,73.4,21.15,55.5,19.8,235.5,203.5,69.9,331.0,52.9,11.65,122.0,106.5,218.0,32.2,153.0,43.0,31.3,19.2,35.55,66.7,226.5,9.39,33.8,311.0,177.5,3350.0,31.7,363.0,166.0,122.0,24.25,139.0,58.5,18.2,74.9,107.5,7.11,46.2,45.75
122.0,216.5,364.0,63.1,11.9,36.2,9.12,263.0,15.75,30.5,37.8,13.85,43.05,29.1,16.15,29.0,38.1,37.55,70.0,6.03,37.25,25.6,81.7,64.4,70.8,19.0,23.85,17.5,235.5,51.9,196.0,29.35,220.0,24.7,177.0,182.0,33.0,43.55,134.0,128.5,86.4,73.7,120.0,45.05,31.8,45.25,88.0,44.8,93.8,17.5,17.4,29.2,10.4,34.1,25.4,13.55,118.0,170.5,28.7,20.95,13.75,490.0,414.5,177.0,10.45,17.2,103.0,76.5,425.5,238.5,10.05,19.3,12.65,35.8,12.8,89.8,71.3,34.3,114.0,18.35,22.45,66.4,14.15,25.0,235.5,128.5,114.0,17.45,49.95,50.1,40.0,10.2,21.35,14.75,26.45,41.0,72.2,57.1,13.95,111.5,10.3,10.35,48.85,73.4,21.15,55.5,19.8,236.0,203.5,69.7,330.5,52.7,11.65,122.0,106.5,218.0,32.2,152.5,43.0,31.2,19.25,35.55,66.6,226.0,9.39,33.75,311.5,176.5,3340.0,31.75,362.5,166.0,122.0,24.25,139.5,58.5,18.25,74.8,107.5,7.12,46.2,45.75
122.0,216.0,364.0,63.0,11.9,36.2,9.11,263.0,15.75,30.5,37.8,13.85,43.05,29.1,16.1,28.9,38.05,37.55,69.9,6.06,37.25,25.55,81.7,64.2,70.7,19.05,23.85,17.45,235.5,51.9,196.0,29.35,219.5,24.7,176.5,181.5,33.0,43.55,134.0,128.5,86.3,73.5,120.0,45.0,31.8,45.25,88.0,44.8,93.7,17.55,17.4,29.1,10.35,34.1,25.35,13.5,118.0,170.5,28.7,20.9,13.75,490.0,414.5,177.0,10.45,17.2,103.0,76.5,424.5,237.5,10.05,19.25,12.6,35.8,12.8,89.6,71.3,34.25,114.0,18.3,22.4,66.4,14.15,25.0,235.0,128.5,113.5,17.45,49.95,50.0,40.0,10.2,21.3,14.7,26.4,40.8,72.0,57.0,13.9,111.5,10.3,10.35,48.8,73.3,21.15,55.5,19.8,235.0,203.5,69.6,330.5,52.5,11.65,122.5,106.5,217.5,32.15,152.0,43.0,31.2,19.2,35.5,66.6,226.0,9.4,33.6,311.0,176.5,3335.0,31.7,362.0,166.5,121.0,24.25,139.0,58.5,18.2,74.6,107.5,7.1,46.2,45.7
121.5,215.0,364.0,63.0,11.9,36.1,9.11,261.5,15.7,30.5,37.75,13.85,43.0,29.1,16.1,28.85,38.0,37.4,69.9,6.06,37.25,25.55,81.6,64.0,70.6,19.0,23.85,17.45,235.5,51.9,196.0,29.35,219.0,24.7,176.5,181.0,32.95,43.55,134.0,128.5,86.3,73.3,120.0,45.0,31.8,45.25,88.0,44.8,93.7,17.5,17.35,29.05,10.35,34.1,25.3,13.5,118.0,170.5,28.6,20.9,13.7,490.0,414.5,177.0,10.45,17.2,103.0,76.5,424.0,236.5,10.05,19.2,12.6,35.8,12.8,89.5,71.3,34.2,114.0,18.3,22.4,66.3,14.15,24.9,235.0,128.0,113.5,17.45,49.95,50.0,39.9,10.15,21.25,14.7,26.4,40.8,71.7,56.9,13.9,111.5,10.3,10.3,48.8,73.0,21.1,55.5,19.8,234.5,203.5,69.4,330.0,52.5,11.6,121.0,106.5,217.0,32.2,151.5,43.0,31.05,19.2,35.5,66.4,225.5,9.38,33.55,310.5,176.5,3325.0,31.7,361.5,166.5,121.0,24.2,139.0,58.4,18.2,74.5,107.5,7.09,46.05,45.7
121.5,215.5,365.0,63.0,11.95,36.05,9.13,260.5,15.7,30.5,37.8,13.85,43.0,29.05,16.1,28.85,38.0,37.4,69.9,6.05,37.25,25.55,81.4,64.0,70.5,19.05,23.85,17.45,234.0,51.9,196.0,29.35,219.0,24.7,175.5,181.0,32.95,43.55,133.5,128.5,86.1,73.3,120.0,45.0,31.75,45.25,88.0,44.8,93.7,17.5,17.35,29.05,10.35,34.05,25.3,13.5,118.0,170.5,28.65,20.8,13.7,490.0,414.5,177.0,10.45,17.2,103.0,76.5,423.0,236.5,10.05,19.2,12.55,35.75,12.75,89.5,71.3,34.2,114.0,18.3,22.35,66.3,14.15,24.95,235.0,128.0,113.0,17.4,50.0,50.0,40.0,10.15,21.25,14.7,26.4,40.8,71.4,56.9,13.95,111.5,10.3,10.35,48.75,72.9,21.15,55.4,19.8,233.5,203.5,69.3,329.5,52.4,11.6,121.5,106.5,216.5,32.2,151.5,42.95,30.9,19.2,35.55,66.4,225.0,9.36,33.5,310.0,176.0,3325.0,31.6,361.5,166.5,120.0,24.2,138.5,58.4,18.2,74.5,107.5,7.1,46.0,45.75
121.5,214.5,365.0,63.0,11.95,35.85,9.11,259.0,15.7,30.5,37.75,13.85,43.0,29.05,16.05,28.85,37.95,37.3,69.3,6.03,37.25,25.55,81.2,63.8,70.5,19.0,23.85,17.45,234.0,51.9,196.0,29.35,219.0,24.7,175.0,180.5,32.9,43.55,133.5,128.5,86.2,73.3,120.0,45.0,31.7,45.25,88.0,44.8,93.5,17.5,17.4,29.05,10.35,34.05,25.3,13.45,118.0,170.5,28.6,20.8,13.7,490.5,415.0,176.0,10.4,17.2,102.5,76.5,423.0,236.5,10.05,19.15,12.55,35.7,12.75,89.4,71.3,34.15,114.0,18.25,22.3,66.1,14.15,24.8,235.0,128.5,113.0,17.4,49.95,49.95,39.95,10.15,21.25,14.7,26.4,40.75,71.7,56.9,13.9,111.5,10.3,10.3,48.8,72.9,21.1,55.2,19.8,234.0,203.0,69.1,329.5,52.5,11.6,121.0,106.5,216.0,32.2,151.5,42.95,30.9,19.2,35.5,66.4,225.0,9.36,33.55,310.0,175.5,3315.0,31.55,360.5,166.0,120.0,24.2,138.5,58.4,18.2,74.5,107.5,7.09,45.9,45.8
121.5,214.5,365.0,62.9,11.95,35.85,9.11,259.5,15.65,30.4,37.75,13.85,43.0,29.0,16.05,28.85,37.9,37.35,68.8,6.04,37.25,25.55,81.0,63.9,70.5,19.0,23.85,17.45,234.0,51.8,196.0,29.3,219.0,24.7,175.0,181.0,32.9,43.5,133.5,128.5,86.1,73.2,120.0,45.0,31.7,45.2,87.8,44.75,93.3,17.5,17.35,29.05,10.35,34.05,25.3,13.45,118.0,170.5,28.6,20.75,13.75,490.5,413.5,175.5,10.4,17.2,102.5,76.5,424.0,236.0,10.1,19.15,12.5,35.7,12.8,89.3,71.3,34.15,113.5,18.25,22.3,66.1,14.15,24.9,235.0,128.0,113.0,17.4,49.95,49.95,40.0,10.15,21.3,14.7,26.4,40.75,71.6,56.8,13.95,111.0,10.3,10.3,48.75,72.9,21.15,55.1,19.8,232.5,203.0,69.1,329.0,52.5,11.6,121.0,107.0,216.0,32.2,151.5,42.95,30.9,19.15,35.5,66.4,225.0,9.35,33.5,309.5,176.0,3320.0,31.55,361.0,166.0,120.5,24.15,138.5,58.4,18.2,74.5,107.5,7.08,45.9,45.7
121.5,214.5,365.0,62.8,11.95,35.9,9.1,259.0,15.7,30.35,37.7,13.9,43.0,29.0,16.05,28.8,37.9,37.3,69.0,6.02,37.25,25.5,81.0,63.8,70.4,19.0,23.85,17.45,234.0,51.8,196.0,29.3,219.0,24.65,175.0,181.0,32.9,43.5,134.0,128.5,86.1,73.2,120.0,44.8,31.7,45.25,87.8,44.75,93.0,17.5,17.35,29.05,10.35,34.05,25.2,13.45,117.5,170.5,28.6,20.75,13.7,490.5,412.5,175.0,10.45,17.2,102.5,76.5,421.5,236.0,10.05,19.15,12.5,35.7,12.75,89.6,71.2,34.15,114.0,18.25,22.3,66.0,14.15,24.85,235.0,127.5,112.5,17.4,50.0,49.95,40.15,10.15,21.3,14.7,26.45,40.75,71.5,56.8,13.9,110.5,10.3,10.3,48.75,72.9,21.1,55.1,19.75,232.0,203.0,68.8,329.0,52.5,11.6,121.0,106.5,216.5,32.1,151.5,42.95,30.85,19.15,35.55,66.4,225.0,9.35,33.55,309.5,174.5,3325.0,31.5,360.0,165.5,120.0,24.15,138.5,58.4,18.2,74.5,107.5,7.08,45.8,45.65
121.0,214.0,365.0,62.8,11.9,35.85,9.1,258.5,15.7,30.35,37.7,13.85,42.95,29.0,16.0,28.8,37.85,37.3,69.2,6.02,37.25,25.5,80.8,63.7,70.3,18.95,23.85,17.4,234.0,51.8,196.0,29.3,219.0,24.7,175.0,181.0,32.9,43.5,133.5,128.5,86.1,73.2,120.0,44.8,31.7,45.25,87.8,44.75,93.0,17.5,17.35,29.05,10.35,34.0,25.25,13.4,117.5,170.5,28.55,20.75,13.7,490.5,412.0,175.5,10.4,17.2,102.5,76.4,420.0,236.0,10.05,19.1,12.5,35.65,12.7,89.6,71.2,34.1,113.5,18.2,22.3,65.9,14.1,24.9,235.0,127.5,112.5,17.4,49.9,49.95,40.05,10.15,21.25,14.75,26.4,40.75,71.2,56.6,13.95,110.5,10.25,10.25,48.75,72.9,21.05,55.4,19.75,231.5,203.0,68.7,329.5,52.3,11.6,120.5,106.5,215.5,32.05,151.5,42.95,30.8,19.2,35.5,66.4,224.5,9.35,33.45,309.0,174.5,3325.0,31.5,360.0,166.0,120.0,24.15,138.0,58.4,18.2,74.5,107.5,7.07,45.8,45.6
121.0,213.5,365.0,62.8,11.9,35.9,9.12,258.5,15.7,30.35,37.7,13.85,42.9,29.0,16.0,28.8,37.85,37.3,69.3,6.04,37.2,25.5,80.7,63.7,70.4,19.0,23.8,17.45,234.0,51.8,195.5,29.3,219.0,24.7,175.5,181.0,32.9,43.4,133.5,128.5,86.1,73.2,120.0,44.75,31.75,45.25,87.7,44.75,93.0,17.5,17.35,29.1,10.35,34.0,25.25,13.45,117.5,170.5,28.55,20.8,13.7,490.5,412.0,175.5,10.4,17.25,102.5,76.5,421.5,236.0,10.05,19.1,12.5,35.7,12.7,89.3,71.2,34.1,113.5,18.2,22.3,65.9,14.1,24.9,235.0,127.5,112.5,17.4,49.9,49.9,40.05,10.1,21.25,14.7,26.45,40.7,71.3,56.7,13.9,110.5,10.3,10.25,48.7,72.9,21.1,55.4,19.75,230.0,203.0,69.0,329.5,52.2,11.55,121.0,107.0,215.5,32.05,151.5,42.95,30.6,19.2,35.55,66.3,224.5,9.34,33.5,309.0,174.5,3325.0,31.6,360.5,166.0,119.5,24.15,138.0,58.4,18.15,74.5,107.5,7.07,45.9,45.55
121.0,213.5,365.0,62.8,11.9,35.9,9.11,259.0,15.7,30.35,37.7,13.85,42.9,29.0,15.9,28.8,37.85,37.25,69.2,6.03,37.15,25.5,81.0,63.7,70.4,19.0,23.8,17.4,234.0,51.8,195.5,29.3,219.0,24.65,175.5,181.5,32.95,43.35,134.0,128.5,86.1,73.2,120.0,44.7,31.7,45.25,87.8,44.75,92.8,17.5,17.4,29.1,10.35,34.0,25.25,13.45,117.5,170.5,28.5,20.85,13.7,490.5,413.0,175.0,10.4,17.25,102.5,76.4,419.5,236.0,10.05,19.05,12.45,35.65,12.7,89.3,71.2,34.1,113.5,18.2,22.3,65.9,14.1,24.85,235.0,127.5,112.5,17.4,49.9,49.9,40.1,10.1,21.3,14.7,26.4,40.7,71.2,56.7,13.9,110.5,10.3,10.3,48.75,72.9,21.1,55.4,19.75,231.5,203.0,69.1,329.5,52.1,11.55,121.0,106.5,215.5,32.0,152.0,42.95,30.75,19.15,35.55,66.3,224.5,9.32,33.45,309.0,175.0,3330.0,31.55,361.0,166.0,119.5,24.2,137.5,58.4,18.15,74.5,107.5,7.07,45.95,45.5
121.0,213.5,365.0,62.8,11.9,35.95,9.12,258.0,15.65,30.3,37.7,13.9,42.9,29.0,16.0,28.8,37.85,37.25,69.2,6.03,37.1,25.5,81.0,63.6,70.5,19.0,23.8,17.45,234.0,51.8,195.5,29.3,219.0,24.65,175.5,182.0,32.95,43.3,134.0,128.5,86.1,73.1,120.0,44.7,31.6,45.2,87.7,44.75,92.9,17.5,17.35,29.15,10.35,34.0,25.3,13.4,117.0,170.5,28.55,20.8,13.7,490.5,413.5,174.0,10.4,17.2,102.5,76.5,420.5,235.5,10.05,19.15,12.5,35.7,12.7,89.4,71.3,34.1,113.5,18.2,22.35,65.8,14.15,24.85,235.0,128.0,112.5,17.4,49.9,49.9,40.1,10.15,21.3,14.7,26.4,40.75,71.2,56.8,13.9,110.5,10.35,10.3,48.7,73.0,21.1,55.3,19.75,230.5,203.0,69.1,329.5,52.1,11.55,121.0,107.0,216.0,32.05,151.5,42.9,30.8,19.2,35.5,66.3,225.0,9.31,33.45,309.5,175.0,3345.0,31.6,362.0,166.0,119.5,24.2,137.5,58.4,18.15,74.5,107.5,7.07,46.0,45.5
121.0,214.0,365.0,62.8,11.9,35.95,9.11,258.5,15.7,30.2,37.7,13.85,42.9,29.0,16.0,28.8,37.85,37.45,69.2,6.04,37.1,25.45,81.0,63.7,70.5,19.0,23.8,17.45,234.5,51.8,195.5,29.35,219.0,24.65,176.0,182.0,32.95,43.35,134.0,128.5,86.1,73.1,120.0,44.7,31.55,45.25,87.7,44.75,93.0,17.5,17.35,29.15,10.35,34.0,25.35,13.4,117.5,170.5,28.5,20.85,13.7,490.5,410.5,175.5,10.4,17.2,102.5,76.5,421.5,236.0,10.05,19.2,12.45,35.7,12.7,89.5,71.4,34.1,113.5,18.25,22.35,65.9,14.1,24.85,235.5,128.5,112.5,17.4,49.9,49.9,40.25,10.15,21.3,14.7,26.4,40.75,71.1,56.8,13.9,111.0,10.3,10.3,48.7,73.1,21.05,55.3,19.75,232.0,203.0,68.9,329.5,52.0,11.6,121.0,106.5,216.5,32.1,151.5,42.95,30.85,19.15,35.5,66.3,224.5,9.31,33.45,309.5,175.0,3340.0,31.55,361.0,166.5,119.5,24.15,137.5,58.4,18.15,74.5,107.5,7.07,46.1,45.55
121.0,214.5,365.0,62.9,11.95,36.05,9.11,259.0,15.7,30.25,37.7,13.85,42.85,29.0,16.0,28.8,37.85,37.45,69.3,6.04,37.1,25.45,81.0,63.7,70.6,19.0,23.8,17.45,234.5,51.8,195.5,29.25,219.0,24.65,176.0,182.5,33.0,43.35,134.0,128.5,86.1,73.1,120.0,44.7,31.55,45.2,87.8,44.75,93.1,17.5,17.35,29.1,10.35,34.0,25.3,13.4,117.5,170.5,28.55,20.85,13.7,490.5,411.5,176.0,10.4,17.2,103.0,76.5,420.5,236.5,10.05,19.15,12.45,35.6,12.7,89.5,71.4,34.05,114.0,18.2,22.35,66.0,14.15,24.9,235.5,128.5,113.0,17.4,49.95,49.9,40.25,10.1,21.3,14.7,26.35,40.8,71.1,56.8,13.9,111.0,10.3,10.3,48.7,73.3,21.1,55.4,19.7,232.0,203.0,69.0,329.5,52.3,11.55,121.0,107.0,216.0,32.15,152.0,42.9,30.9,19.15,35.55,66.3,224.5,9.34,33.45,309.5,175.0,3335.0,31.55,362.0,167.0,120.0,24.15,137.5,58.4,18.15,74.5,107.5,7.06,46.1,45.55
121.0,214.0,365.0,62.9,11.95,36.05,9.11,259.0,15.65,30.2,37.65,13.85,42.8,29.0,16.0,28.8,37.8,37.4,69.3,6.04,37.15,25.45,81.1,63.6,70.6,18.95,23.8,17.4,234.5,51.8,195.5,29.15,219.0,24.65,175.5,182.0,32.85,43.25,134.0,128.5,86.1,73.0,120.0,44.7,31.5,45.2,87.8,44.8,93.2,17.5,17.35,29.1,10.35,34.0,25.25,13.4,117.5,170.5,28.55,20.85,13.7,489.5,411.5,174.5,10.45,17.2,102.5,76.4,420.0,236.0,10.05,19.15,12.45,35.5,12.7,89.5,71.3,34.05,114.0,18.2,22.3,66.2,14.1,24.9,235.0,128.5,112.5,17.4,49.9,49.9,40.15,10.1,21.25,14.7,26.35,40.85,71.2,56.8,13.9,110.5,10.3,10.25,48.65,73.4,21.05,55.5,19.7,231.0,203.0,69.3,329.0,51.9,11.55,120.5,106.5,216.5,32.15,152.0,42.9,30.9,19.15,35.55,66.3,224.5,9.32,33.45,309.0,174.0,3335.0,31.55,362.5,167.0,120.0,24.15,136.5,58.4,18.15,74.5,107.5,7.06,46.1,45.55
121.0,214.0,365.0,62.9,11.95,36.15,9.11,259.0,15.65,30.2,37.7,13.85,42.8,29.0,16.0,28.8,37.85,37.35,69.4,6.04,37.1,25.4,81.1,63.7,70.5,19.0,23.8,17.45,234.5,51.8,195.5,29.15,219.0,24.65,176.0,181.5,32.85,43.25,134.0,129.0,86.1,73.1,120.0,44.7,31.5,45.2,87.8,44.8,93.2,17.5,17.35,29.15,10.35,34.0,25.3,13.4,118.0,170.5,28.55,20.85,13.7,489.5,411.5,174.0,10.45,17.2,103.0,76.5,419.5,236.0,10.05,19.2,12.45,35.45,12.7,89.6,71.3,34.05,113.5,18.2,22.3,66.1,14.1,24.8,235.0,129.5,113.0,17.4,49.9,49.9,40.05,10.15,21.2,14.7,26.35,40.85,71.3,56.8,13.95,110.5,10.3,10.3,48.6,73.4,21.05,55.5,19.7,231.5,203.0,69.3,329.5,52.1,11.55,120.5,107.0,216.5,32.2,152.0,42.9,30.85,19.1,35.45,66.3,224.5,9.31,33.5,309.0,174.0,3335.0,31.55,362.5,166.5,120.0,24.2,136.5,58.4,18.15,74.2,107.5,7.07,46.1,45.55
121.0,214.0,365.0,62.9,12.0,36.2,9.11,259.0,15.7,30.2,37.7,13.85,42.8,29.1,16.0,28.8,37.9,37.35,69.4,6.04,37.15,25.2,81.2,63.7,70.5,19.0,23.8,17.45,234.5,51.8,195.5,29.15,219.0,24.65,175.5,182.0,32.9,43.3,134.0,128.5,86.1,73.1,120.0,44.7,31.5,45.25,87.8,44.8,93.3,17.5,17.4,29.15,10.3,34.05,25.3,13.4,118.0,170.5,28.55,20.85,13.7,489.5,411.5,174.0,10.45,17.25,102.5,76.5,421.0,236.5,10.05,19.2,12.5,35.45,12.7,89.6,71.4,34.1,113.5,18.25,22.3,66.2,14.15,24.85,235.0,129.5,112.5,17.4,49.9,49.9,39.95,10.1,21.25,14.7,26.35,40.85,71.3,56.8,13.9,111.0,10.3,10.3,48.65,73.5,21.1,55.5,19.75,231.5,203.0,69.4,329.5,52.2,11.55,121.0,107.0,216.5,32.25,152.0,42.9,30.9,19.1,35.45,66.3,224.5,9.31,33.5,309.5,174.5,3335.0,31.6,361.5,166.5,120.0,24.15,136.5,58.4,18.15,74.1,107.5,7.06,46.1,45.55
121.0,214.0,365.0,62.9,11.95,36.25,9.11,258.5,15.7,30.2,37.65,13.85,42.8,29.1,16.0,28.9,37.9,37.3,69.5,6.05,37.1,25.1,81.1,63.7,70.5,19.0,23.8,17.45,234.5,51.8,195.5,29.15,219.0,24.65,176.0,181.5,33.1,43.3,134.0,128.5,86.1,73.2,120.0,44.7,31.5,45.2,87.8,44.8,93.3,17.5,17.35,29.15,10.3,34.05,25.3,13.4,118.0,170.5,28.55,20.85,13.7,489.5,411.5,173.5,10.45,17.25,103.0,76.5,421.0,236.0,10.05,19.15,12.45,35.45,12.7,89.7,71.3,34.05,114.0,18.3,22.35,66.2,14.15,24.85,235.0,130.0,112.5,17.4,49.9,49.9,40.05,10.1,21.25,14.7,26.4,40.85,71.2,56.8,13.9,110.5,10.3,10.3,48.6,73.5,21.05,55.5,19.7,231.5,203.0,69.3,329.5,52.2,11.6,121.0,107.0,216.5,32.25,151.5,42.9,30.9,19.1,35.5,66.3,224.5,9.32,33.5,309.0,174.5,3335.0,31.65,361.5,166.0,120.0,24.15,136.5,58.4,18.15,74.1,107.5,7.06,46.15,45.55
121.0,214.0,365.0,63.0,11.95,36.25,9.11,258.5,15.7,30.2,37.75,13.85,42.95,29.05,16.0,28.85,37.95,37.35,69.5,6.04,37.1,25.1,81.1,63.7,70.5,19.0,23.85,17.45,234.5,51.8,195.5,29.15,219.0,24.65,176.5,181.5,33.1,43.3,134.0,128.5,86.1,73.1,119.5,44.7,31.5,45.25,87.8,44.8,93.3,17.5,17.4,29.15,10.35,34.05,25.3,13.4,117.5,170.5,28.55,20.85,13.7,489.5,411.5,174.0,10.45,17.2,102.5,76.5,421.5,236.5,10.05,19.2,12.45,35.5,12.7,89.7,71.4,34.1,114.0,18.25,22.35,66.2,14.15,24.85,235.0,129.5,112.5,17.45,49.95,49.9,40.1,10.15,21.25,14.7,26.35,40.85,70.7,56.8,13.9,110.5,10.35,10.3,48.6,73.5,21.1,55.6,19.7,232.0,203.0,69.3,329.5,52.3,11.55,121.0,107.0,216.5,32.3,152.0,42.9,30.95,19.1,35.45,66.3,224.5,9.31,33.45,309.5,174.5,3340.0,31.65,361.5,166.5,120.0,24.15,136.5,58.4,18.15,74.1,107.5,7.06,46.15,45.7
121.5,214.5,365.0,63.0,11.95,36.25,9.11,258.5,15.75,30.2,37.7,13.85,42.95,29.05,16.0,28.85,37.9,37.35,69.4,6.03,37.1,25.1,81.1,63.8,70.5,19.0,23.9,17.45,234.5,51.8,195.5,29.2,219.0,24.65,176.5,181.5,32.9,43.35,134.0,128.5,86.1,73.1,119.5,44.65,31.5,45.25,87.8,44.8,93.2,17.5,17.35,29.15,10.3,34.05,25.3,13.4,117.5,170.5,28.55,20.85,13.7,489.5,411.5,174.0,10.45,17.2,102.5,76.5,422.0,237.0,10.0,19.2,12.45,35.45,12.7,89.6,71.4,34.1,114.0,18.25,22.35,66.2,14.15,24.85,235.0,129.0,113.0,17.4,49.9,49.95,40.15,10.15,21.25,14.7,26.35,40.8,71.0,56.8,13.9,110.5,10.3,10.3,48.65,73.6,21.1,55.5,19.7,232.5,203.5,69.3,329.5,52.1,11.6,121.0,106.5,217.0,32.3,151.5,42.9,30.95,19.1,35.5,66.4,225.0,9.32,33.5,309.5,175.0,3335.0,31.65,361.5,166.5,120.0,24.2,137.0,58.4,18.15,74.2,107.5,7.07,46.1,45.7
121.5,214.5,365.0,63.3,11.95,36.3,9.1,258.5,15.7,30.2,37.7,13.85,42.9,29.05,16.0,28.95,37.9,37.4,69.5,6.04,37.15,25.1,81.1,63.8,70.5,19.0,23.85,17.45,234.5,51.8,195.5,29.2,219.0,24.65,176.0,181.5,32.95,43.35,134.0,128.5,86.1,73.1,119.5,44.6,31.5,45.2,87.8,44.8,93.3,17.5,17.4,29.15,10.3,34.05,25.3,13.4,117.5,170.5,28.55,20.85,13.7,489.5,413.0,174.0,10.45,17.2,102.5,76.5,422.0,237.0,10.0,19.2,12.5,35.5,12.75,89.6,71.4,34.1,113.5,18.25,22.35,66.2,14.15,24.85,235.0,130.0,113.5,17.45,49.9,49.9,40.2,10.15,21.3,14.7,26.4,40.8,71.0,56.8,13.9,111.0,10.3,10.3,48.6,73.8,21.1,55.5,19.7,232.0,203.5,69.3,330.0,52.1,11.6,121.0,106.5,216.0,32.35,151.0,42.9,30.95,19.15,35.5,66.4,224.5,9.32,33.5,309.5,174.5,3335.0,31.65,361.5,166.5,120.5,24.25,137.0,58.4,18.2,74.1,107.5,7.07,46.1,45.65
121.5,214.5,365.0,63.2,11.95,36.3,9.11,256.5,15.7,30.2,37.7,13.85,42.9,29.05,15.95,28.95,37.9,37.4,69.5,6.03,37.1,25.1,81.3,63.8,70.5,19.0,23.85,17.45,234.5,51.8,195.5,29.2,219.0,24.65,176.0,181.5,32.9,43.35,134.0,128.5,86.1,73.1,119.5,44.6,31.5,45.2,87.8,44.75,93.3,17.5,17.35,29.15,10.3,34.1,25.3,13.4,118.0,170.5,28.55,20.85,13.75,489.5,413.0,174.0,10.45,17.2,103.0,76.5,422.0,236.5,10.05,19.2,12.5,35.5,12.75,89.6,71.4,34.1,113.5,18.25,22.3,66.2,14.15,24.8,235.5,130.0,113.5,17.45,49.95,49.9,40.05,10.15,21.3,14.7,26.35,40.8,71.0,56.8,13.95,111.5,10.35,10.3,48.65,73.8,21.05,55.5,19.75,232.5,203.5,69.4,330.0,52.2,11.6,121.5,106.5,216.0,32.35,151.0,42.9,30.9,19.15,35.5,66.4,224.5,9.32,33.5,309.5,175.0,3335.0,31.65,361.5,166.5,120.5,24.25,136.5,58.4,18.2,74.2,107.5,7.07,46.15,45.65
121.5,214.5,364.0,63.3,11.95,36.25,9.11,254.5,15.7,30.2,37.7,13.9,42.9,29.05,16.0,29.0,37.95,37.4,69.5,6.04,37.1,25.25,81.4,63.8,70.6,19.05,23.85,17.45,234.5,51.8,195.5,29.25,219.0,24.65,176.5,181.5,32.85,43.35,134.0,128.5,86.1,73.2,119.5,44.6,31.5,45.2,87.8,44.75,93.4,17.5,17.4,29.15,10.3,34.05,25.25,13.4,118.0,170.5,28.55,20.95,13.75,489.5,413.0,174.0,10.45,17.2,103.0,76.5,422.0,237.0,10.05,19.2,12.5,35.5,12.75,89.7,71.4,34.15,113.5,18.25,22.35,66.1,14.1,24.85,235.0,129.5,113.0,17.4,49.9,49.95,40.1,10.15,21.3,14.7,26.4,40.85,71.1,56.9,13.9,111.5,10.3,10.25,48.65,73.7,21.1,55.5,19.75,232.5,203.5,69.4,330.0,52.3,11.65,121.0,106.5,216.5,32.35,151.5,42.9,30.9,19.15,35.5,66.4,225.0,9.31,33.5,310.0,175.0,3335.0,31.7,361.5,167.0,120.5,24.25,136.5,58.4,18.2,74.2,108.0,7.07,46.2,45.7
121.5,214.5,364.0,63.3,12.0,36.25,9.1,257.5,15.7,30.2,37.7,13.85,42.95,29.05,16.0,29.0,37.95,37.4,69.4,6.04,37.1,25.25,81.4,63.8,70.6,19.05,23.85,17.45,234.5,51.8,195.5,29.25,219.0,24.65,176.5,181.5,32.8,43.45,133.5,129.0,86.1,73.2,119.5,44.6,31.5,45.2,87.8,44.75,93.4,17.5,17.4,29.15,10.3,34.1,25.25,13.4,118.0,170.5,28.6,21.0,13.75,489.5,412.0,174.0,10.4,17.2,102.5,76.5,422.5,236.5,10.05,19.2,12.5,35.5,12.75,89.7,71.5,34.15,113.5,18.25,22.35,66.1,14.15,24.85,235.0,129.5,113.0,17.4,49.95,49.95,40.15,10.1,21.3,14.7,26.35,40.8,71.1,56.9,13.95,111.5,10.3,10.3,48.65,73.8,21.1,55.6,19.75,232.5,203.0,69.4,330.0,52.4,11.65,121.5,107.0,216.5,32.35,151.5,42.9,30.95,19.15,35.5,66.4,225.0,9.32,33.5,310.0,175.0,3335.0,31.7,361.5,167.0,120.0,24.3,137.0,58.4,18.2,74.2,108.0,7.07,46.25,45.7
121.5,214.0,364.0,63.3,12.05,36.2,9.1,257.0,15.75,30.2,37.75,13.9,42.95,29.05,16.0,28.95,37.95,37.4,69.4,6.04,37.1,25.3,81.3,63.9,70.6,19.0,23.85,17.45,234.5,51.8,195.5,29.25,219.0,24.65,176.5,181.5,32.8,43.45,134.0,129.0,86.1,73.2,119.5,44.6,31.5,45.15,87.8,44.75,93.4,17.5,17.35,29.15,10.3,34.1,25.25,13.4,118.0,170.5,28.6,21.05,13.75,489.5,412.0,174.5,10.4,17.2,103.0,76.6,422.0,237.0,10.05,19.2,12.5,35.5,12.75,89.6,71.5,34.15,113.5,18.25,22.35,66.1,14.15,24.85,235.0,129.5,113.0,17.4,49.95,49.9,40.2,10.1,21.3,14.7,26.4,40.85,71.1,56.8,13.9,111.5,10.3,10.3,48.65,73.8,21.1,55.7,19.75,232.0,203.0,69.4,330.0,52.3,11.65,121.5,107.0,216.0,32.4,151.5,42.9,30.95,19.15,35.5,66.3,224.5,9.32,33.5,310.0,175.0,3335.0,31.7,361.5,167.5,120.0,24.25,136.5,58.4,18.15,74.3,107.5,7.08,46.25,45.7
121.5,214.0,364.0,63.3,12.05,36.2,9.11,257.0,15.8,30.2,37.75,13.85,42.95,29.05,16.0,29.0,38.0,37.4,69.4,6.04,37.15,25.3,81.5,64.0,70.6,19.05,23.85,17.45,234.5,51.8,195.5,29.25,219.0,24.65,176.5,181.5,32.8,43.45,134.0,128.5,86.1,73.4,119.5,44.6,31.5,45.15,87.8,44.75,93.4,17.5,17.35,29.15,10.3,34.1,25.25,13.45,118.5,170.5,28.55,21.05,13.75,489.5,412.0,175.0,10.4,17.2,103.0,76.6,421.5,237.0,10.05,19.2,12.55,35.5,12.75,89.6,71.5,34.15,113.5,18.25,22.35,66.1,14.15,24.8,235.0,129.0,113.0,17.45,49.9,49.9,40.25,10.15,21.3,14.7,26.35,40.85,71.0,56.8,13.95,111.5,10.35,10.35,48.65,73.8,21.1,55.7,19.75,231.5,203.0,69.4,330.0,52.3,11.65,121.5,107.0,216.5,32.4,151.5,42.9,31.0,19.1,35.5,66.3,224.5,9.32,33.55,310.0,174.5,3335.0,31.75,361.0,168.0,120.5,24.3,137.0,58.4,18.15,74.2,107.5,7.08,46.25,45.7
121.5,214.0,364.0,63.1,12.1,36.2,9.11,258.0,15.85,30.2,37.7,13.85,42.9,29.05,16.0,29.0,38.0,37.45,69.5,6.04,37.1,25.3,81.5,64.0,70.8,19.05,23.85,17.45,234.5,51.8,195.5,29.3,219.0,24.65,176.5,182.0,32.8,43.45,134.0,128.5,86.1,73.4,119.5,44.65,31.55,45.15,87.8,44.75,93.4,17.5,17.35,29.15,10.3,34.15,25.25,13.45,118.0,170.5,28.55,21.05,13.75,489.5,412.0,175.5,10.4,17.2,103.0,76.5,421.5,237.0,10.05,19.2,12.5,35.55,12.75,89.7,71.5,34.15,114.0,18.25,22.4,66.2,14.15,24.85,235.5,129.5,113.0,17.45,49.95,49.9,40.2,10.1,21.3,14.7,26.35,40.85,71.0,56.9,13.95,111.5,10.3,10.35,48.6,73.8,21.1,55.7,19.7,231.5,203.5,69.4,330.5,52.3,11.65,121.5,106.5,216.5,32.4,151.5,42.9,31.0,19.1,35.55,66.3,224.5,9.32,33.55,310.0,175.0,3335.0,31.7,360.5,169.0,120.5,24.3,137.0,58.4,18.15,74.2,107.5,7.07,46.25,45.65
121.5,214.0,364.0,63.2,12.1,36.2,9.1,259.0,15.85,30.2,37.7,13.85,42.9,29.05,16.0,29.0,38.0,37.45,69.5,6.04,37.1,25.3,81.5,63.9,70.8,19.05,23.85,17.45,234.5,51.8,195.5,29.3,219.0,24.65,176.5,182.0,32.95,43.4,134.0,128.5,86.1,73.4,119.5,44.65,31.55,45.2,87.8,44.75,93.5,17.5,17.4,29.15,10.3,34.1,25.3,13.4,118.5,170.5,28.55,21.0,13.75,489.5,412.0,175.5,10.4,17.2,102.5,76.5,422.0,237.0,10.05,19.25,12.5,35.7,12.8,89.6,71.5,34.2,114.0,18.25,22.4,66.2,14.15,24.8,235.5,129.5,113.0,17.45,49.9,49.95,40.25,10.15,21.3,14.7,26.4,40.8,71.0,56.9,13.9,111.5,10.3,10.3,48.65,73.9,21.1,55.7,19.75,231.5,203.5,69.4,331.0,52.2,11.65,121.5,107.0,217.0,32.35,151.5,42.9,31.0,19.1,35.55,66.3,225.0,9.33,33.55,310.0,175.0,3335.0,31.7,361.5,169.0,120.5,24.25,136.5,58.4,18.15,74.2,108.0,7.09,46.15,45.7
121.5,214.0,364.0,63.2,12.05,36.2,9.1,259.0,15.85,30.2,37.65,13.85,42.9,29.05,16.0,28.95,38.0,37.4,69.6,6.04,37.1,25.3,81.5,63.8,70.8,19.05,23.85,17.45,234.5,51.8,195.5,29.3,219.0,24.6,176.5,182.0,32.95,43.35,134.0,128.5,86.1,73.8,119.5,44.65,31.55,45.15,87.8,44.8,93.3,17.5,17.4,29.15,10.3,34.2,25.3,13.45,118.5,170.5,28.55,21.1,13.75,489.5,412.5,175.5,10.4,17.2,103.0,76.5,423.0,237.0,10.05,19.3,12.5,35.65,12.8,89.7,71.6,34.2,113.5,18.3,22.4,66.4,14.15,24.95,235.0,129.5,113.0,17.4,49.9,49.95,40.25,10.15,21.3,14.7,26.35,40.75,71.1,56.9,13.9,111.5,10.3,10.35,48.65,74.2,21.05,55.7,19.75,233.0,203.5,69.4,331.0,52.3,11.6,121.5,106.5,217.5,32.4,152.0,42.9,31.0,19.1,35.55,66.3,225.0,9.33,33.7,310.5,175.5,3335.0,31.75,361.5,169.0,121.0,24.3,136.5,58.4,18.15,74.3,107.5,7.09,46.0,45.85
121.5,214.5,364.0,63.3,12.05,36.2,9.1,258.0,15.85,30.3,37.65,13.85,42.9,29.05,16.0,28.95,38.0,37.4,69.6,6.04,37.1,25.4,81.4,63.8,70.8,19.05,23.85,17.45,234.5,51.8,195.5,29.3,219.0,24.6,176.5,182.0,32.95,43.35,134.0,128.5,86.1,73.8,119.5,44.65,31.55,45.2,87.8,44.8,93.3,17.5,17.35,29.15,10.3,34.15,25.35,13.45,118.5,170.5,28.55,21.15,13.7,489.5,412.5,175.5,10.4,17.2,103.0,76.5,423.5,237.0,10.05,19.35,12.55,35.65,12.75,90.0,71.6,34.2,113.5,18.3,22.4,66.5,14.15,24.95,235.0,129.5,113.0,17.45,49.95,49.9,40.25,10.15,21.3,14.7,26.35,40.75,71.1,57.0,13.9,111.5,10.3,10.35,48.65,74.5,21.1,55.8,19.7,232.5,203.5,69.5,331.0,52.2,11.6,121.5,107.0,217.5,32.4,152.5,42.9,31.0,19.1,35.5,66.4,225.0,9.33,33.75,310.5,175.5,3340.0,31.8,362.0,168.5,121.0,24.25,136.5,58.4,18.2,74.4,107.5,7.11,46.05,45.85
121.5,214.5,364.0,64.0,12.05,36.2,9.1,259.0,15.9,30.25,37.75,13.85,42.95,29.05,15.95,28.95,37.95,37.4,69.6,6.04,37.15,25.4,81.3,63.9,70.8,19.05,23.8,17.45,234.5,51.8,195.5,29.3,219.0,24.6,176.5,182.0,32.95,43.35,133.5,128.5,86.1,73.8,119.5,44.65,31.65,45.2,87.8,44.8,93.5,17.5,17.35,29.15,10.3,34.15,25.3,13.4,118.5,170.5,28.55,21.15,13.75,489.5,412.5,174.5,10.4,17.2,102.5,76.5,424.0,237.0,10.05,19.3,12.55,35.75,12.75,90.0,71.6,34.2,114.0,18.25,22.35,66.5,14.15,24.95,235.0,129.5,113.0,17.45,49.9,49.9,40.2,10.1,21.3,14.7,26.35,40.75,71.1,57.0,13.9,111.5,10.3,10.35,48.65,74.7,21.1,55.8,19.75,232.5,204.5,69.5,331.0,52.3,11.65,121.5,107.0,217.0,32.45,152.5,42.9,31.0,19.1,35.55,66.4,225.5,9.36,33.75,310.0,175.5,3335.0,31.7,362.0,168.5,121.0,24.25,136.5,58.4,18.2,74.3,108.0,7.11,46.05,45.85
121.5,214.5,364.0,63.7,12.1,36.25,9.1,258.5,15.9,30.25,37.75,13.9,42.9,29.05,16.0,28.9,38.0,37.45,69.6,6.05,37.1,25.4,81.3,63.9,70.7,19.05,23.8,17.45,234.5,51.8,196.0,29.3,219.0,24.6,176.5,182.0,32.95,43.4,134.0,128.5,86.1,73.8,119.5,44.65,31.65,45.2,87.8,44.8,93.5,17.5,17.4,29.15,10.3,34.15,25.3,13.4,118.5,170.5,28.55,21.1,13.75,489.5,412.5,174.5,10.45,17.25,102.5,76.5,423.5,237.0,10.05,19.3,12.5,35.75,12.75,90.1,71.6,34.2,113.5,18.3,22.35,66.5,14.15,25.0,235.0,129.5,112.5,17.4,49.9,49.9,40.15,10.15,21.3,14.7,26.35,40.7,71.0,57.0,13.95,111.0,10.3,10.35,48.7,74.5,21.1,55.5,19.75,232.0,205.0,69.6,331.0,52.2,11.65,121.5,107.0,217.5,32.4,152.5,42.9,31.05,19.1,35.5,66.4,226.0,9.36,33.75,310.5,175.5,3325.0,31.7,362.0,168.5,121.0,24.3,136.5,58.4,18.15,74.3,107.5,7.1,46.05,45.85
121.5,214.5,364.0,63.7,12.05,36.25,9.1,258.5,15.9,30.25,37.75,13.9,42.9,29.05,16.05,28.9,38.0,37.45,69.6,6.05,37.15,25.4,81.3,63.6,70.6,19.05,23.8,17.5,234.5,51.8,196.0,29.3,219.0,24.6,176.5,182.5,32.95,43.35,134.0,128.5,86.1,73.8,119.5,44.65,31.65,45.15,87.8,44.8,93.5,17.5,17.4,29.15,10.3,34.2,25.3,13.4,118.5,170.5,28.6,21.1,13.75,489.5,412.5,174.0,10.4,17.2,103.0,76.6,423.0,237.0,10.05,19.3,12.5,35.75,12.75,89.7,71.6,34.2,113.5,18.25,22.4,66.4,14.15,25.0,235.0,129.5,113.0,17.45,49.95,49.9,40.1,10.15,21.3,14.7,26.35,40.7,71.0,57.0,13.9,111.0,10.3,10.35,48.7,74.5,21.1,55.5,19.7,231.5,205.0,69.6,331.0,52.1,11.6,121.5,107.0,217.5,32.45,152.0,42.9,31.0,19.1,35.55,66.4,226.0,9.36,33.75,310.0,175.5,3325.0,31.7,362.0,168.5,121.0,24.25,136.5,58.4,18.15,74.2,107.5,7.08,46.05,45.9
121.5,214.5,364.0,63.6,12.05,36.2,9.1,258.0,15.9,30.25,37.7,13.9,42.95,29.05,16.0,28.9,38.0,37.45,69.7,6.05,37.15,25.4,81.3,63.7,70.6,19.05,23.8,17.5,234.5,51.8,196.0,29.25,219.0,24.6,177.0,182.5,32.95,43.35,134.0,128.5,86.1,73.8,119.5,44.65,31.65,45.1,87.8,44.85,93.5,17.55,17.35,29.15,10.3,34.2,25.35,13.4,118.5,170.5,28.55,21.05,13.75,489.5,412.5,174.0,10.45,17.2,102.5,76.5,423.5,236.5,10.05,19.3,12.55,35.7,12.75,89.8,71.6,34.2,113.5,18.25,22.4,66.4,14.1,25.0,235.5,129.5,113.0,17.45,49.9,49.95,39.95,10.15,21.3,14.7,26.35,40.7,71.0,57.0,13.95,111.5,10.25,10.35,48.7,74.6,21.1,55.5,19.75,232.0,204.5,69.7,331.0,52.1,11.6,121.5,107.0,217.5,32.45,152.0,42.9,31.0,19.1,35.55,66.4,226.0,9.36,33.75,310.0,175.5,3325.0,31.7,362.5,167.5,121.0,24.25,136.0,58.4,18.15,74.3,108.0,7.08,46.05,45.9
121.5,214.5,366.0,63.6,12.05,36.2,9.1,257.5,15.9,30.25,37.7,13.9,42.95,29.05,16.0,28.9,38.0,37.45,69.7,6.04,37.15,25.4,81.2,63.7,70.5,19.0,23.8,17.45,234.5,51.8,196.0,29.3,219.0,24.65,177.0,182.5,32.95,43.35,134.0,128.5,86.1,73.8,119.5,44.65,31.65,45.1,87.8,44.85,93.5,17.5,17.4,29.15,10.3,34.2,25.35,13.4,118.5,170.5,28.55,21.05,13.75,489.5,412.5,174.0,10.4,17.2,103.0,76.6,423.5,237.0,10.05,19.3,12.5,35.7,12.7,89.7,71.6,34.2,114.0,18.25,22.35,66.4,14.15,24.95,235.5,130.0,113.0,17.45,49.95,49.9,39.95,10.15,21.3,14.7,26.4,40.7,71.0,57.1,13.95,111.5,10.3,10.35,48.7,74.6,21.1,55.5,19.75,232.0,204.5,69.7,331.0,52.1,11.65,121.5,107.5,217.5,32.45,152.0,42.9,31.0,19.1,35.5,66.4,226.0,9.35,33.75,310.5,175.5,3325.0,31.7,362.5,167.5,120.5,24.3,136.5,58.4,18.15,74.5,108.0,7.1,46.1,45.9
121.5,214.5,366.0,63.7,12.1,36.15,9.09,258.5,15.9,30.25,37.7,13.9,42.95,29.05,16.0,28.9,38.0,37.45,69.8,6.04,37.2,25.35,81.2,63.7,70.5,19.0,23.8,17.45,234.5,51.8,196.0,29.3,219.0,24.65,177.0,182.5,32.95,43.35,134.0,128.5,86.1,73.8,119.5,44.65,31.65,45.1,87.8,44.85,93.4,17.5,17.4,29.15,10.3,34.2,25.35,13.4,118.5,170.5,28.6,21.0,13.75,489.5,410.0,174.0,10.45,17.2,103.0,76.6,423.0,236.5,10.05,19.3,12.5,35.7,12.7,89.6,71.6,34.2,113.5,18.25,22.4,66.4,14.15,25.0,235.5,130.0,113.0,17.45,49.9,49.9,40.0,10.15,21.3,14.7,26.4,40.65,71.0,57.1,13.9,111.0,10.3,10.35,48.65,74.3,21.05,55.6,19.75,231.5,204.0,69.5,331.0,52.1,11.65,121.5,107.0,217.0,32.45,152.5,42.9,31.0,19.1,35.5,66.3,226.0,9.35,33.75,310.5,175.5,3330.0,31.7,362.5,167.5,120.5,24.3,136.5,58.4,18.15,74.5,108.0,7.08,46.15,45.9
121.5,214.5,366.0,63.7,12.1,36.1,9.1,258.5,16.0,30.25,37.7,13.9,42.9,29.05,15.95,28.9,37.95,37.45,69.7,6.05,37.15,25.4,81.2,63.7,70.5,19.0,23.8,17.5,234.5,51.8,196.0,29.25,219.0,24.6,177.0,182.5,32.95,43.4,134.0,128.5,86.1,73.8,119.5,44.65,31.65,45.1,87.8,44.8,93.3,17.5,17.35,29.15,10.3,34.2,25.35,13.4,118.0,170.5,28.6,21.0,13.75,489.5,406.0,174.0,10.4,17.2,103.0,76.5,423.0,237.0,10.05,19.3,12.5,35.65,12.75,89.7,71.6,34.2,114.0,18.25,22.4,66.4,14.15,24.95,235.5,131.0,113.0,17.4,49.9,49.9,39.9,10.1,21.3,14.7,26.35,40.65,71.0,57.0,13.9,111.0,10.25,10.3,48.65,74.3,21.05,55.6,19.75,231.5,204.0,69.6,331.0,52.1,11.6,121.5,107.0,217.0,32.35,152.0,42.9,30.95,19.1,35.5,66.2,226.0,9.35,33.75,310.5,175.0,3330.0,31.7,362.5,168.0,120.5,24.3,136.5,58.4,18.1,74.5,108.0,7.08,46.2,45.9
121.5,215.0,366.0,63.7,12.1,36.2,9.1,258.0,16.0,30.25,37.75,13.9,42.95,29.05,15.95,28.9,38.0,37.45,69.4,6.05,37.2,25.3,81.0,63.7,70.4,19.0,23.85,17.5,234.5,51.8,196.0,29.3,219.0,24.65,178.5,182.5,32.95,43.4,134.0,128.5,86.1,73.8,119.5,44.65,31.6,45.1,87.8,44.8,93.3,17.5,17.35,29.15,10.3,34.2,25.35,13.4,118.5,170.5,28.6,21.0,13.75,489.5,406.0,174.0,10.35,17.2,102.5,76.5,423.0,236.5,10.05,19.25,12.55,35.65,12.7,89.7,71.6,34.25,114.0,18.25,22.4,66.5,14.15,24.95,235.5,131.0,113.0,17.45,49.95,49.9,39.5,10.15,21.3,14.65,26.35,40.6,71.0,57.1,13.9,111.5,10.25,10.3,48.7,74.5,21.15,55.7,19.75,232.0,204.0,69.6,331.5,52.1,11.6,121.5,107.0,217.0,32.35,152.0,42.95,30.95,19.15,35.5,66.1,226.0,9.36,33.75,310.5,175.0,3330.0,31.7,362.0,168.0,121.0,24.3,136.5,58.4,18.15,74.5,107.5,7.08,46.15,45.9
121.5,214.5,366.0,63.7,12.05,36.2,9.11,258.0,16.0,30.25,37.7,13.9,42.95,29.05,16.0,28.9,37.95,37.45,69.4,6.05,37.2,25.3,81.0,63.6,70.4,19.0,23.9,17.5,234.5,51.8,196.0,29.4,219.0,24.6,178.5,182.5,32.95,43.4,134.0,128.5,86.1,73.9,119.5,45.0,31.65,45.1,87.8,44.85,93.3,17.5,17.4,29.15,10.35,34.2,25.35,13.4,118.5,170.5,28.6,21.05,13.75,489.5,406.0,174.0,10.4,17.2,102.5,76.6,423.0,237.0,10.05,19.3,12.55,35.7,12.8,89.8,71.6,34.25,114.0,18.25,22.4,66.4,14.15,24.95,235.5,131.0,113.0,17.45,49.95,49.9,39.65,10.1,21.3,14.65,26.35,40.55,71.0,57.1,13.9,111.5,10.3,10.3,48.7,74.3,21.15,55.8,19.7,232.0,204.0,69.5,331.5,52.3,11.65,121.5,107.5,217.0,32.35,152.5,42.95,30.95,19.15,35.5,66.1,226.0,9.36,33.75,310.5,175.5,3330.0,31.7,362.0,168.5,120.5,24.3,136.0,58.4,18.15,74.5,108.0,7.08,46.15,45.95
122.0,214.5,366.0,63.6,12.05,36.2,9.11,257.5,16.0,30.35,37.7,13.9,42.95,29.05,16.0,28.95,37.95,37.45,69.4,6.05,37.2,25.3,81.0,63.6,70.4,19.0,23.9,17.5,234.5,51.8,196.0,29.4,219.0,24.6,178.5,182.5,32.95,43.4,133.5,128.5,86.1,73.9,119.5,45.0,31.65,45.1,87.8,44.85,93.4,17.5,17.35,29.15,10.3,34.2,25.35,13.4,118.5,170.5,28.6,21.15,13.75,489.5,406.0,174.5,10.35,17.25,102.5,76.6,423.5,237.0,10.05,19.3,12.55,35.7,12.8,89.7,71.5,34.3,114.0,18.3,22.35,66.4,14.15,25.0,235.5,131.5,113.5,17.4,49.95,49.9,39.6,10.1,21.3,14.65,26.35,40.55,71.1,57.1,13.9,111.0,10.35,10.3,48.7,74.5,21.2,55.9,19.8,233.0,204.5,69.6,333.0,52.3,11.6,121.5,108.0,217.5,32.35,152.0,42.95,31.0,19.1,35.5,66.1,226.0,9.36,33.75,310.5,175.5,3330.0,31.75,362.0,168.0,121.0,24.3,136.5,58.4,18.15,74.5,108.0,7.08,46.15,45.95
121.5,215.0,366.0,63.6,12.05,36.1,9.11,258.5,16.0,30.35,37.75,13.9,42.9,29.05,16.0,29.1,38.0,37.4,69.4,6.05,37.25,25.3,81.0,63.7,70.5,19.0,23.9,17.5,234.5,51.8,196.0,29.4,219.0,24.6,178.5,182.5,32.95,43.35,134.0,128.5,86.1,73.9,119.5,45.0,31.65,45.1,87.8,44.85,93.5,17.5,17.35,29.15,10.3,34.2,25.35,13.35,118.5,170.5,28.55,21.1,13.75,489.5,406.0,174.5,10.35,17.2,102.5,76.5,421.5,237.5,10.05,19.35,12.55,35.6,12.75,90.1,71.6,34.35,113.5,18.3,22.4,66.4,14.15,25.0,235.5,131.5,113.5,17.4,49.9,49.9,39.6,10.15,21.25,14.65,26.4,40.6,71.0,57.2,13.9,111.0,10.3,10.3,48.7,74.4,21.15,55.9,19.8,233.0,204.5,69.6,333.0,52.3,11.6,121.5,107.5,218.0,32.4,152.5,42.95,31.0,19.15,35.55,66.1,226.0,9.36,33.8,310.0,175.5,3330.0,31.75,363.0,168.5,121.5,24.3,136.0,58.4,18.15,74.5,108.0,7.08,46.2,45.95
121.5,215.0,366.0,63.6,12.2,36.1,9.11,258.5,16.0,30.45,37.75,13.85,42.9,29.05,16.0,29.2,38.0,37.4,69.4,6.05,37.2,25.3,81.0,63.7,70.5,19.0,23.9,17.5,234.5,51.8,196.0,29.4,219.0,24.6,178.0,182.5,32.95,43.4,134.0,129.0,86.1,73.9,119.5,45.1,31.65,45.1,87.8,44.85,93.5,17.5,17.35,29.15,10.3,34.15,25.3,13.4,118.5,170.5,28.6,21.1,13.75,489.5,410.0,175.0,10.4,17.25,103.0,76.6,423.0,238.0,10.05,19.3,12.55,35.6,12.75,89.7,71.6,34.3,114.0,18.3,22.4,66.4,14.15,24.95,235.5,131.5,113.5,17.45,49.9,49.9,39.75,10.15,21.3,14.7,26.35,40.65,71.1,57.2,13.9,111.0,10.3,10.3,48.65,74.4,21.2,55.8,19.8,232.5,204.0,69.6,333.0,52.3,11.65,121.5,108.0,218.0,32.35,153.0,43.0,31.05,19.15,35.5,66.1,226.0,9.35,33.75,310.5,175.5,3330.0,31.7,363.0,168.5,121.5,24.3,136.0,58.4,18.15,74.5,108.0,7.08,46.25,45.95
121.5,215.0,366.0,63.6,12.25,36.15,9.11,258.0,15.8,30.3,37.75,13.85,42.95,29.05,16.0,29.25,38.0,37.4,69.5,6.05,37.2,25.3,81.1,63.7,70.5,19.0,23.9,17.55,233.5,51.8,196.0,29.4,219.0,24.6,177.5,182.5,32.95,43.4,134.0,129.0,86.1,73.9,119.5,45.1,31.6,45.1,87.8,44.85,93.5,17.5,17.4,29.15,10.3,34.2,25.3,13.4,119.0,170.5,28.6,21.05,13.75,489.5,411.0,175.0,10.35,17.2,103.0,76.5,423.0,238.0,10.05,19.25,12.5,35.7,12.75,89.7,71.6,34.3,114.0,18.3,22.4,66.5,14.15,25.0,235.5,131.5,113.5,17.45,49.9,49.9,39.65,10.1,21.3,14.7,26.35,40.65,71.0,57.2,13.9,111.0,10.3,10.3,48.65,74.3,21.2,55.9,19.8,232.5,204.0,69.6,333.0,52.3,11.65,121.5,107.5,218.0,32.35,152.5,43.0,31.05,19.15,35.5,66.1,226.5,9.38,33.75,310.5,175.5,3330.0,31.75,363.0,168.5,121.0,24.3,136.0,58.4,18.15,74.5,107.5,7.08,46.25,45.95
122.0,215.0,367.0,63.6,12.25,36.2,9.11,259.0,16.05,30.3,37.7,13.85,42.95,29.05,16.05,29.2,38.0,37.4,69.4,6.04,37.2,25.3,81.2,63.8,70.5,19.0,23.9,17.5,233.5,51.8,196.0,29.4,219.0,24.6,177.5,182.0,32.95,43.45,134.0,129.0,86.3,73.9,119.5,45.1,31.6,45.1,87.8,44.9,93.5,17.5,17.4,29.15,10.3,34.2,25.3,13.35,118.5,170.5,28.6,21.05,13.75,488.0,411.0,175.0,10.35,17.25,103.0,76.5,423.0,238.0,10.05,19.3,12.5,35.7,12.8,89.7,71.6,34.35,114.0,18.3,22.4,66.5,14.15,24.95,235.5,131.5,113.5,17.4,49.95,49.9,39.2,10.1,21.3,14.7,26.4,40.65,70.9,57.2,13.9,111.0,10.3,10.3,48.7,74.3,21.2,55.9,19.75,232.5,204.0,69.5,333.0,52.2,11.6,121.5,107.5,217.5,32.4,152.5,43.0,31.05,19.15,35.55,66.1,226.5,9.38,33.75,310.5,175.5,3330.0,31.75,363.0,168.5,121.0,24.25,135.5,58.4,18.15,74.5,108.0,7.08,46.25,46.0
122.0,214.5,367.0,63.5,12.2,36.2,9.12,259.0,16.15,30.5,37.7,13.9,42.9,29.05,16.05,29.25,38.0,37.45,69.4,6.04,37.25,25.3,81.2,63.8,70.5,19.0,23.9,17.5,233.5,51.8,196.0,29.4,219.0,24.6,177.0,181.5,32.95,43.45,134.0,128.5,86.3,73.8,119.5,45.1,31.6,45.1,87.8,44.9,93.5,17.5,17.35,29.15,10.3,34.2,25.3,13.35,118.0,170.5,28.6,21.05,13.75,488.0,412.5,175.0,10.4,17.25,103.0,76.5,422.5,238.0,10.05,19.25,12.55,35.65,12.75,89.7,71.6,34.35,114.0,18.25,22.35,66.4,14.15,25.0,235.5,131.0,113.5,17.45,49.9,49.9,39.2,10.15,21.3,14.7,26.35,40.7,70.6,57.2,13.9,111.0,10.3,10.3,48.7,74.3,21.2,55.9,19.75,231.5,204.0,69.6,333.0,52.1,11.65,121.5,107.5,217.0,32.45,152.5,43.0,30.95,19.15,35.5,66.1,226.5,9.38,33.75,311.0,175.5,3335.0,31.75,363.0,169.0,121.0,24.25,135.5,58.4,18.2,74.5,108.0,7.08,46.25,46.0
122.5,214.5,367.0,63.5,12.25,36.25,9.12,258.0,16.2,30.35,37.75,13.9,42.95,29.05,16.0,29.25,38.0,37.4,69.5,6.03,37.25,25.25,81.2,63.8,70.5,19.0,23.9,17.5,233.5,51.8,195.5,29.4,219.0,24.7,177.0,181.5,33.0,43.45,133.5,128.5,86.3,73.9,119.5,45.15,31.6,45.1,87.8,44.9,93.5,17.5,17.4,29.15,10.3,34.2,25.3,13.35,118.5,170.5,28.6,21.05,13.75,488.0,415.0,175.0,10.35,17.25,102.5,76.5,421.5,238.0,10.05,19.25,12.55,35.65,12.75,89.6,71.6,34.35,114.0,18.25,22.35,66.4,14.15,25.0,235.5,130.5,113.0,17.45,49.95,49.9,39.1,10.15,21.3,14.7,26.4,40.6,70.5,57.2,13.9,111.0,10.3,10.3,48.7,74.3,21.2,55.9,19.8,232.0,204.0,69.6,333.5,52.1,11.65,121.5,108.0,217.0,32.4,153.0,43.0,30.95,19.15,35.5,66.1,226.5,9.38,33.75,310.5,175.5,3335.0,31.75,363.0,169.5,120.5,24.25,135.5,58.4,18.15,74.5,108.0,7.08,46.2,46.0
122.5,214.5,367.0,63.5,12.4,36.3,9.12,258.0,16.15,30.35,37.75,13.9,42.95,29.05,16.05,29.4,37.95,37.4,69.5,6.03,37.25,25.3,81.2,63.8,70.5,19.05,23.9,17.5,233.5,51.8,195.5,29.4,219.0,24.6,177.0,181.0,33.0,43.5,133.5,129.0,86.3,73.9,120.0,45.15,31.6,45.1,87.8,44.9,93.5,17.5,17.35,29.15,10.3,34.2,25.25,13.35,118.0,170.5,28.65,21.05,13.75,488.0,415.0,175.0,10.4,17.2,103.0,76.5,421.5,237.5,10.05,19.25,12.55,35.7,12.75,89.5,71.6,34.35,113.5,18.25,22.4,66.4,14.15,25.0,235.5,130.5,113.0,17.4,49.95,49.9,39.0,10.1,21.3,14.75,26.35,40.6,70.4,57.2,13.95,111.0,10.35,10.3,48.65,74.3,21.2,55.7,19.8,232.0,204.0,69.6,333.5,52.0,11.65,121.5,108.0,217.0,32.35,153.0,43.0,30.95,19.2,35.5,66.1,226.0,9.38,33.75,311.0,175.5,3335.0,31.7,364.0,169.0,120.5,24.3,135.0,58.4,18.15,74.3,107.5,7.06,46.25,45.95
122.5,214.5,367.0,63.5,12.3,36.25,9.13,257.0,16.2,30.35,37.75,13.85,42.9,29.05,16.0,29.25,38.0,37.4,69.4,6.03,37.2,25.3,81.2,63.8,70.5,19.05,23.9,17.5,233.5,51.8,195.5,29.4,219.0,24.6,177.5,181.0,33.0,43.45,133.5,129.0,86.3,73.9,120.0,45.15,31.6,45.05,87.8,44.9,93.5,17.5,17.35,29.15,10.3,34.2,25.25,13.35,118.0,170.5,28.65,21.05,13.75,488.0,415.0,175.0,10.4,17.25,102.5,76.5,422.0,237.5,10.05,19.25,12.55,35.7,12.75,89.6,71.5,34.35,114.0,18.25,22.4,66.4,14.15,24.95,235.5,130.0,113.0,17.45,49.95,49.9,38.9,10.1,21.25,14.75,26.4,40.6,70.2,57.2,13.95,111.0,10.3,10.3,48.7,74.4,21.2,55.7,19.75,231.5,204.0,69.6,333.5,52.0,11.6,121.5,108.0,217.0,32.4,152.5,43.0,30.95,19.2,35.55,66.1,226.0,9.38,33.6,311.0,175.5,3335.0,31.7,364.5,169.0,120.5,24.3,134.5,58.4,18.15,74.3,108.0,7.06,46.25,45.95
122.0,215.0,367.0,63.6,12.35,36.25,9.13,256.0,16.15,30.35,37.75,13.9,42.95,29.05,16.0,29.3,37.95,37.4,69.5,6.04,37.2,25.3,81.2,63.8,70.5,19.05,23.9,17.5,233.5,51.8,195.5,29.4,219.0,24.6,178.0,181.0,33.0,43.45,133.5,129.0,86.3,73.9,120.0,45.15,31.6,45.05,87.8,44.9,93.6,17.5,17.4,29.15,10.35,34.2,25.25,13.35,118.5,170.5,28.65,21.05,13.75,488.0,415.0,175.0,10.35,17.2,103.0,76.5,422.0,238.0,10.05,19.25,12.55,35.65,12.75,89.6,71.5,34.4,114.0,18.25,22.4,66.4,14.15,25.0,235.5,130.0,113.0,17.45,49.95,49.9,39.05,10.15,21.3,14.75,26.4,40.6,70.3,57.2,13.9,111.0,10.3,10.25,48.7,74.4,21.2,55.7,19.8,232.0,204.0,69.6,333.5,52.1,11.65,121.5,107.5,217.0,32.35,152.5,43.0,30.95,19.2,35.5,66.1,226.5,9.39,33.75,311.0,175.0,3340.0,31.65,364.5,169.0,121.0,24.3,134.5,58.4,18.15,74.1,108.0,7.06,46.25,45.95
122.0,215.0,367.0,63.5,12.3,36.25,9.13,256.0,16.15,30.35,37.75,13.85,42.9,29.05,16.0,29.3,37.9,37.4,69.5,6.04,37.2,25.25,81.1,63.7,70.5,19.05,23.85,17.5,233.5,51.8,195.5,29.45,219.0,24.6,178.5,181.0,33.0,43.5,133.5,129.0,86.2,73.9,120.0,45.15,31.65,45.05,87.8,44.9,93.6,17.5,17.35,29.15,10.35,34.2,25.25,13.35,118.5,170.5,28.6,21.05,13.7,488.0,415.5,175.0,10.4,17.2,102.5,76.5,421.5,237.5,10.05,19.25,12.5,35.65,12.75,89.7,71.5,34.35,114.0,18.25,22.4,66.4,14.15,24.95,235.5,130.0,113.0,17.4,49.95,49.9,39.15,10.15,21.3,14.7,26.4,40.6,70.5,57.1,13.9,111.0,10.35,10.3,48.7,74.8,21.2,55.6,19.75,232.0,204.0,69.6,333.5,52.2,11.6,121.5,108.0,217.0,32.35,152.5,43.0,31.0,19.25,35.55,66.1,226.5,9.42,33.7,310.5,174.5,3340.0,31.6,365.0,169.0,121.0,24.25,135.0,58.4,18.15,74.0,108.0,7.06,46.25,45.9
122.0,214.5,367.0,63.3,12.3,36.25,9.13,256.0,16.15,30.35,37.75,13.85,42.9,29.05,16.0,29.2,37.95,37.4,69.4,6.04,37.15,25.2,81.1,63.6,70.6,19.05,23.85,17.55,233.5,51.8,195.5,29.4,219.0,24.6,178.0,181.0,33.0,43.45,134.0,129.0,86.2,73.9,120.0,45.1,31.65,45.05,87.8,44.9,93.5,17.5,17.4,29.15,10.35,34.15,25.25,13.35,118.0,170.5,28.6,21.0,13.7,488.0,415.5,175.0,10.35,17.2,103.0,76.5,420.5,237.5,10.05,19.3,12.55,35.6,12.75,89.2,71.5,34.35,114.0,18.25,22.35,66.4,14.15,25.0,235.0,130.0,112.5,17.45,49.9,49.9,39.1,10.1,21.3,14.75,26.4,40.55,69.8,57.1,13.95,111.0,10.35,10.3,48.65,74.6,21.2,55.6,19.75,230.0,204.0,69.6,334.0,52.1,11.6,121.5,107.5,216.5,32.35,153.0,43.0,30.95,19.25,35.55,66.1,225.5,9.39,33.7,311.0,174.5,3340.0,31.6,364.5,169.0,120.5,24.3,135.0,58.4,18.15,73.8,108.0,7.07,46.35,45.9
122.0,215.0,367.0,63.3,12.3,36.25,9.13,256.5,16.15,30.35,37.75,13.85,42.95,29.1,16.05,29.15,37.95,37.4,69.4,6.04,37.2,25.2,81.1,63.6,70.6,19.05,23.85,17.5,233.5,51.8,195.5,29.4,218.0,24.65,178.0,180.5,33.0,43.45,134.0,129.0,86.2,73.8,120.0,45.1,31.65,45.05,87.7,44.85,93.4,17.5,17.4,29.15,10.3,34.15,25.25,13.35,118.5,170.5,28.6,21.0,13.7,488.0,416.0,174.5,10.35,17.25,103.0,76.5,421.0,238.0,10.05,19.25,12.55,35.6,12.75,88.9,71.5,34.35,114.0,18.2,22.35,66.4,14.15,24.95,235.0,130.0,112.5,17.4,49.95,49.85,39.1,10.15,21.3,14.75,26.4,40.55,70.0,57.2,13.95,111.0,10.35,10.3,48.7,74.6,21.15,55.5,19.8,228.5,204.5,69.6,333.5,52.0,11.6,121.5,108.0,216.5,32.3,152.0,43.0,30.9,19.25,35.55,66.1,225.5,9.38,33.75,310.5,174.5,3340.0,31.6,365.0,169.0,120.5,24.25,135.0,58.4,18.15,73.9,107.5,7.07,46.45,45.9
122.0,214.5,367.0,63.3,12.3,36.15,9.13,257.0,16.05,30.35,37.7,13.85,42.9,29.1,16.0,29.15,37.95,37.35,69.5,6.04,37.2,25.2,81.1,63.5,70.5,19.05,23.85,17.5,233.5,51.8,195.5,29.4,219.0,24.6,178.5,180.5,32.9,43.45,134.0,129.0,86.2,73.9,120.0,45.1,31.65,45.05,87.7,44.8,93.4,17.5,17.4,29.15,10.3,34.15,25.25,13.35,118.5,170.5,28.65,21.0,13.7,488.0,416.0,175.0,10.35,17.25,102.5,76.5,421.0,237.5,10.05,19.2,12.55,35.6,12.75,89.2,71.5,34.3,114.0,18.25,22.35,66.4,14.15,25.0,235.5,130.0,112.5,17.4,49.9,49.9,39.1,10.1,21.3,14.75,26.35,40.5,70.2,57.1,13.9,111.0,10.35,10.3,48.7,74.7,21.2,55.5,19.8,230.0,204.0,69.5,333.5,52.1,11.6,121.5,107.5,216.5,32.3,152.5,43.0,30.95,19.25,35.5,66.1,225.5,9.38,33.75,310.5,174.5,3340.0,31.55,365.0,169.0,121.0,24.3,135.0,58.4,18.15,73.9,108.0,7.07,46.5,45.9
122.0,215.0,367.0,63.5,12.3,36.1,9.12,257.0,16.05,30.35,37.75,13.9,42.95,29.1,16.0,29.15,37.95,37.35,69.5,6.04,37.2,25.15,81.1,63.5,70.5,19.05,23.85,17.5,233.5,51.8,195.5,29.4,219.0,24.6,178.5,180.0,33.0,43.45,134.0,129.0,86.2,73.9,120.0,45.1,31.65,45.05,87.7,44.8,93.4,17.5,17.35,29.15,10.3,34.15,25.25,13.35,118.0,170.5,28.65,21.0,13.75,488.0,416.0,174.5,10.35,17.25,103.0,76.5,421.5,237.5,10.05,19.2,12.55,35.7,12.75,89.2,71.5,34.3,114.0,18.25,22.35,66.4,14.15,24.95,235.5,130.0,112.5,17.45,49.95,49.9,39.05,10.15,21.25,14.75,26.35,40.55,70.2,57.1,13.95,111.0,10.3,10.3,48.7,74.6,21.15,55.6,19.75,230.0,204.0,69.7,333.5,52.1,11.6,121.5,108.0,216.5,32.25,152.0,43.0,30.9,19.2,35.55,66.1,226.0,9.39,33.7,310.5,174.5,3340.0,31.55,365.0,169.0,121.0,24.25,135.0,58.4,18.15,73.9,108.0,7.06,46.55,45.85
122.0,215.0,367.0,63.3,12.3,36.1,9.13,257.0,16.05,30.4,37.75,13.9,42.95,29.1,16.0,29.15,37.95,37.4,69.5,6.04,37.2,25.15,81.0,63.6,70.5,19.05,23.85,17.5,233.5,51.8,195.5,29.4,219.0,24.6,178.5,180.5,33.0,43.5,134.0,129.0,86.2,73.8,120.0,45.15,31.6,45.1,87.7,44.8,93.3,17.55,17.35,29.15,10.3,34.15,25.2,13.4,118.5,170.5,28.65,21.0,13.75,488.0,416.0,174.5,10.3,17.25,103.0,76.5,422.0,237.5,10.05,19.15,12.5,35.7,12.75,89.4,71.5,34.3,114.0,18.2,22.35,66.4,14.15,24.95,235.5,129.5,112.5,17.4,49.95,49.9,39.15,10.1,21.3,14.75,26.35,40.6,70.2,57.2,13.9,111.0,10.3,10.3,48.65,74.6,21.15,55.6,19.75,230.0,204.0,69.7,333.5,52.0,11.6,121.5,108.0,216.5,32.25,152.0,43.0,30.9,19.25,35.5,66.1,226.0,9.38,33.7,311.0,175.0,3340.0,31.6,365.0,168.5,121.0,24.25,135.0,58.4,18.15,73.9,107.5,7.07,46.45,45.85
122.0,215.0,367.0,63.3,12.3,36.15,9.12,256.5,16.05,30.4,37.75,13.85,42.9,29.1,16.0,29.2,37.95,37.35,69.5,6.04,37.2,25.15,81.0,63.6,70.5,19.05,23.8,17.5,233.5,51.8,195.5,29.4,219.0,24.6,178.5,181.0,32.9,43.45,134.0,129.0,86.2,73.8,120.0,45.1,31.6,45.1,87.5,44.8,93.3,17.55,17.4,29.15,10.3,34.15,25.2,13.35,118.0,170.5,28.65,20.95,13.75,488.0,416.0,174.5,10.3,17.25,102.5,76.5,422.0,237.5,10.05,19.15,12.55,35.6,12.75,89.2,71.5,34.25,114.0,18.2,22.4,66.4,14.15,24.95,235.0,129.5,112.5,17.45,49.9,49.9,39.05,10.1,21.3,14.75,26.4,40.6,70.3,57.2,13.95,111.0,10.3,10.25,48.7,74.6,21.2,55.7,19.75,228.5,204.0,69.7,333.5,52.1,11.6,122.0,107.5,217.0,32.25,152.0,43.0,30.9,19.25,35.5,66.1,226.0,9.38,33.75,311.0,174.5,3340.0,31.65,364.5,168.5,121.0,24.3,135.0,58.4,18.15,73.9,108.0,7.07,46.4,45.8
122.0,215.0,367.0,63.3,12.3,36.15,9.12,256.5,16.05,30.4,37.75,13.9,42.95,29.1,16.0,29.15,37.95,37.35,69.5,6.05,37.2,25.15,81.0,63.5,70.5,19.05,23.8,17.55,233.5,51.8,195.0,29.4,219.0,24.6,179.0,181.0,32.95,43.5,134.0,129.0,86.2,73.8,120.0,45.15,31.6,45.1,87.5,44.8,93.3,17.55,17.4,29.15,10.3,34.15,25.2,13.35,118.5,170.5,28.6,20.95,13.75,488.0,415.0,174.5,10.3,17.3,103.0,76.6,421.0,238.0,10.05,19.2,12.55,35.6,12.75,89.2,71.5,34.3,114.0,18.2,22.4,66.4,14.15,25.0,235.5,128.5,112.5,17.45,49.95,49.9,38.9,10.05,21.3,14.75,26.35,40.6,70.3,57.2,13.95,111.0,10.3,10.3,48.75,74.5,21.2,55.6,19.75,229.0,204.0,69.7,333.5,52.1,11.6,121.5,108.0,217.0,32.25,152.5,43.0,30.9,19.25,35.5,66.1,225.5,9.38,33.75,310.5,174.0,3340.0,31.6,364.5,168.5,121.0,24.3,135.5,58.4,18.15,74.0,108.0,7.06,46.35,45.8
122.0,215.0,367.0,63.3,12.3,36.15,9.12,255.5,16.05,30.45,37.75,13.9,42.95,29.1,15.95,29.2,37.95,37.35,69.5,6.05,37.15,25.15,81.0,63.6,70.5,19.05,23.8,17.5,233.5,51.8,195.0,29.4,219.0,24.65,179.0,181.5,32.9,43.45,134.0,129.0,86.2,73.8,120.0,45.15,31.65,45.1,87.4,44.8,93.3,17.5,17.4,29.1,10.3,34.15,25.2,13.4,118.5,170.5,28.65,20.95,13.75,488.0,415.0,174.5,10.3,17.3,103.0,76.5,421.0,237.5,10.05,19.2,12.55,35.65,12.75,89.1,71.5,34.25,114.0,18.2,22.35,66.4,14.15,24.95,235.5,128.5,113.0,17.45,49.9,49.85,38.8,10.05,21.3,14.7,26.35,40.6,70.4,57.1,13.95,111.0,10.3,10.3,48.7,74.4,21.15,55.6,19.8,229.0,204.0,69.6,333.5,52.1,11.6,121.5,108.0,217.0,32.2,152.0,43.0,30.95,19.25,35.5,66.1,226.0,9.38,33.75,310.5,174.0,3340.0,31.7,364.5,168.0,120.5,24.35,135.5,58.4,18.15,73.9,108.0,7.07,46.25,45.8
122.0,215.0,367.0,63.3,12.3,36.15,9.12,255.0,16.05,30.45,37.75,13.9,42.9,29.05,15.95,29.2,37.95,37.35,69.5,6.05,37.2,25.15,81.0,63.6,70.5,19.05,23.8,17.5,233.5,51.8,195.0,29.45,219.0,24.65,179.0,181.5,32.9,43.45,134.0,129.0,86.2,73.8,120.0,45.15,31.65,45.1,87.4,44.8,93.4,17.5,17.4,29.1,10.3,34.2,25.2,13.4,118.5,170.5,28.65,20.95,13.75,486.5,415.0,174.5,10.3,17.3,103.0,76.6,419.5,237.5,10.05,19.2,12.55,35.65,12.7,89.2,71.5,34.25,114.0,18.25,22.4,66.4,14.15,24.95,235.5,129.5,112.5,17.45,49.9,49.85,38.8,10.1,21.25,14.75,26.35,40.6,70.6,57.2,13.95,111.0,10.3,10.3,48.65,74.4,21.2,55.6,19.75,229.0,204.0,69.6,333.5,52.0,11.6,121.5,108.0,217.0,32.2,152.5,43.0,30.95,19.25,35.55,66.1,226.0,9.38,33.7,311.0,173.5,3340.0,31.65,364.5,168.5,120.5,24.3,135.5,58.4,18.2,73.8,108.0,7.06,46.35,45.75
122.0,215.0,367.0,63.4,12.3,36.15,9.12,255.0,16.05,30.45,37.7,13.9,42.95,29.05,15.95,29.25,37.95,37.35,69.5,6.05,37.25,25.15,81.0,63.7,70.6,19.05,23.8,17.5,233.5,51.8,195.0,29.45,219.0,24.65,178.5,181.5,32.85,43.45,134.0,129.0,86.2,73.9,120.0,45.1,31.65,45.1,87.4,44.8,93.4,17.5,17.4,29.15,10.3,34.15,25.2,13.35,118.5,170.5,28.65,21.0,13.8,489.0,415.0,174.5,10.35,17.3,102.5,76.5,421.0,237.5,10.05,19.2,12.55,35.65,12.7,89.2,71.6,34.25,113.5,18.25,22.4,66.4,14.15,24.95,236.0,129.5,112.5,17.45,49.95,49.85,38.85,10.05,21.25,14.7,26.35,40.6,70.6,57.1,13.9,111.0,10.3,10.25,48.7,74.4,21.2,55.7,19.75,228.5,204.0,69.7,333.5,52.1,11.65,121.5,108.0,217.0,32.25,152.5,43.0,30.95,19.25,35.5,66.2,225.5,9.38,33.75,311.0,174.0,3340.0,31.65,365.0,168.5,120.5,24.3,135.5,58.4,18.2,73.9,108.0,7.06,46.3,45.75
122.0,214.5,367.0,63.3,12.25,36.15,9.12,255.0,16.05,30.45,37.75,13.9,42.95,29.05,15.95,29.35,37.95,37.4,69.5,6.05,37.25,25.2,81.0,63.6,70.6,19.05,23.8,17.5,233.5,51.8,194.5,29.45,219.0,24.65,179.0,182.0,32.85,43.5,134.0,129.0,86.2,73.8,120.0,45.15,31.65,45.1,87.4,44.8,93.4,17.5,17.35,29.1,10.3,34.15,25.25,13.35,118.0,170.5,28.6,21.0,13.8,489.0,413.0,174.5,10.3,17.3,103.5,76.6,421.0,237.5,10.05,19.2,12.55,35.65,12.75,89.2,71.6,34.25,114.0,18.25,22.4,66.4,14.15,24.95,236.0,129.5,112.5,17.45,49.9,49.85,38.85,10.1,21.3,14.75,26.35,40.6,70.6,57.1,13.95,111.0,10.3,10.3,48.7,74.2,21.2,55.7,19.75,228.5,204.0,69.7,333.0,52.1,11.6,121.5,108.0,217.0,32.25,152.5,42.95,30.95,19.25,35.55,66.1,226.0,9.38,33.75,310.5,174.0,3340.0,31.65,365.0,168.5,120.5,24.35,136.0,58.4,18.2,73.9,108.0,7.06,46.25,45.75
122.0,214.5,367.0,63.3,12.25,36.15,9.13,255.5,16.05,30.45,37.75,13.9,42.95,29.05,15.95,29.4,38.0,37.35,69.6,6.05,37.3,25.2,81.0,63.6,70.6,19.05,23.8,17.5,233.5,51.8,194.5,29.55,219.0,24.65,179.5,182.0,32.9,43.55,134.0,128.5,86.2,73.8,120.0,45.3,31.65,45.1,87.4,44.75,93.4,17.5,17.35,29.1,10.3,34.15,25.25,13.35,118.5,170.5,28.65,20.95,13.8,489.0,413.0,174.5,10.35,17.25,103.5,76.6,422.0,238.0,10.05,19.2,12.55,35.65,12.75,89.3,71.6,34.25,114.0,18.25,22.4,66.3,14.15,24.95,236.0,130.5,113.0,17.45,49.9,49.9,38.85,10.1,21.25,14.75,26.35,40.65,70.7,57.2,13.95,111.0,10.3,10.3,48.7,74.2,21.2,55.6,19.75,230.0,204.0,69.8,333.0,52.0,11.65,121.5,108.0,217.5,32.25,152.5,42.9,30.95,19.2,35.55,66.1,225.5,9.38,33.75,310.5,174.5,3340.0,31.6,367.0,168.5,120.5,24.45,135.5,58.4,18.2,73.9,108.0,7.06,46.25,45.75
122.0,215.0,367.0,63.3,12.3,36.2,9.14,257.0,16.0,30.45,37.7,13.9,42.95,29.05,15.95,29.35,38.0,37.35,69.6,6.05,37.3,25.2,80.9,63.5,70.5,19.05,23.8,17.5,233.5,51.8,194.5,29.55,219.0,24.6,179.0,182.0,32.9,43.55,134.5,128.5,86.2,73.9,119.5,45.45,31.6,45.1,87.4,44.75,93.5,17.5,17.35,29.1,10.3,34.15,25.25,13.35,118.5,170.5,28.6,20.95,13.75,489.0,413.0,174.5,10.35,17.25,103.0,76.6,422.0,237.5,10.05,19.3,12.55,35.65,12.75,89.4,71.6,34.25,114.0,18.25,22.4,66.3,14.15,24.95,236.0,130.5,113.0,17.4,49.9,49.9,38.85,10.1,21.3,14.75,26.35,40.65,70.8,57.2,13.95,111.0,10.3,10.3,48.7,74.2,21.15,55.6,19.8,230.0,204.0,69.7,333.0,52.1,11.6,121.5,108.0,217.5,32.25,153.0,42.9,30.95,19.2,35.5,66.2,226.0,9.37,33.75,310.5,174.5,3345.0,31.7,367.5,169.0,120.5,24.45,135.5,58.4,18.2,73.9,107.5,7.06,46.2,45.75
122.0,215.0,367.0,63.3,12.3,36.2,9.13,257.0,16.05,30.45,37.7,13.9,42.95,29.05,15.95,29.3,38.0,37.35,69.6,6.06,37.3,25.25,80.9,63.4,70.5,19.05,23.8,17.5,233.5,51.8,194.5,29.6,219.0,24.6,179.0,182.0,33.0,43.55,134.5,128.5,86.2,73.9,119.5,45.45,31.6,45.1,87.4,44.75,93.4,17.5,17.35,29.1,10.3,34.15,25.2,13.35,118.5,170.5,28.65,21.0,13.75,489.0,413.0,174.5,10.35,17.25,103.0,76.6,421.5,237.5,10.05,19.25,12.55,35.65,12.75,89.2,71.6,34.25,114.5,18.25,22.4,66.3,14.15,25.0,235.0,130.5,112.5,17.4,49.95,49.85,38.85,10.1,21.3,14.75,26.35,40.65,70.7,57.2,13.95,111.0,10.35,10.3,48.7,74.2,21.15,55.6,19.75,229.5,204.0,69.8,333.0,52.1,11.6,121.5,108.0,217.0,32.3,152.5,42.95,30.95,19.2,35.5,66.1,226.0,9.37,33.75,311.0,175.0,3345.0,31.7,367.0,168.5,121.0,24.45,135.5,58.4,18.2,73.9,108.0,7.06,46.25,45.9
122.0,215.0,367.0,63.3,12.35,36.2,9.12,256.5,16.05,30.45,37.7,13.9,42.95,29.05,15.95,29.35,38.0,37.35,69.6,6.05,37.3,25.2,80.9,63.3,70.5,19.05,23.8,17.5,233.5,51.8,194.5,29.55,219.0,24.6,179.0,182.0,33.0,43.5,134.0,128.5,86.2,73.8,119.5,45.4,31.55,45.1,87.4,44.75,93.4,17.5,17.4,29.1,10.3,34.2,25.2,13.35,118.5,170.0,28.65,21.0,13.75,489.0,413.0,174.5,10.35,17.3,103.5,76.6,421.0,238.0,10.05,19.25,12.55,35.6,12.75,89.2,71.6,34.25,114.0,18.25,22.4,66.3,14.2,25.0,235.0,130.0,112.5,17.45,49.95,49.9,38.8,10.1,21.3,14.75,26.35,40.65,70.8,57.3,13.95,111.0,10.3,10.3,48.7,74.2,21.2,55.6,19.75,229.5,204.0,69.7,333.0,52.1,11.65,121.5,108.0,217.5,32.25,152.5,42.95,30.95,19.2,35.5,66.1,226.0,9.37,33.75,310.5,175.0,3345.0,31.7,367.0,169.0,121.0,24.4,136.0,58.4,18.15,73.9,108.0,7.06,46.3,45.9
122.0,215.0,367.0,63.3,12.35,36.2,9.12,256.5,16.05,30.45,37.7,13.95,43.0,29.05,16.0,29.3,38.0,37.35,69.6,6.04,37.3,25.2,80.9,63.3,70.5,19.05,23.8,17.5,233.5,51.8,194.5,29.6,219.0,24.6,179.0,181.0,33.0,43.5,134.0,128.5,86.2,73.8,119.5,45.4,31.55,45.1,87.4,44.75,93.5,17.5,17.4,29.1,10.3,34.2,25.2,13.35,118.0,170.0,28.65,21.05,13.75,489.0,413.0,174.5,10.35,17.25,103.0,76.6,422.0,238.0,10.05,19.3,12.55,35.6,12.75,89.3,71.6,34.25,114.0,18.25,22.35,66.3,14.15,24.9,235.0,130.0,112.5,17.45,49.95,49.9,38.75,10.05,21.25,14.7,26.4,40.65,70.7,57.3,13.95,111.5,10.3,10.3,48.7,74.2,21.15,55.6,19.75,230.0,203.5,69.7,332.5,52.0,11.6,121.5,108.0,218.0,32.3,152.5,42.95,30.95,19.2,35.55,66.1,226.0,9.37,33.75,310.5,175.0,3345.0,31.7,367.0,168.5,121.0,24.45,135.5,58.4,18.15,73.9,107.5,7.06,46.3,45.9
122.0,215.0,367.0,63.3,12.3,36.2,9.12,257.0,16.05,30.45,37.7,14.0,43.0,29.05,16.0,29.3,38.0,37.35,69.6,6.04,37.3,25.2,80.9,63.2,70.5,19.05,23.8,17.5,233.5,51.8,194.5,29.6,219.0,24.65,178.5,181.0,32.9,43.5,134.0,128.5,86.2,73.8,119.5,45.4,31.55,45.1,87.5,44.8,93.5,17.5,17.35,29.15,10.3,34.2,25.2,13.35,118.5,170.0,28.65,21.05,13.75,489.0,414.0,174.5,10.35,17.25,103.0,76.6,422.5,237.0,10.0,19.25,12.55,35.65,12.75,89.4,71.6,34.25,114.0,18.25,22.4,66.4,14.2,24.9,235.0,129.5,112.5,17.4,49.95,49.9,38.6,10.1,21.25,14.75,26.35,40.65,70.7,57.2,13.95,111.5,10.3,10.3,48.65,74.1,21.2,55.6,19.75,230.0,203.5,69.8,332.5,52.1,11.65,121.5,108.0,218.0,32.3,152.5,42.95,31.0,19.2,35.55,66.1,226.0,9.37,33.75,311.0,175.0,3340.0,31.7,367.0,168.5,121.0,24.45,136.0,58.4,18.15,74.0,107.5,7.06,46.35,45.9
122.0,214.5,367.0,63.3,12.35,36.2,9.12,256.5,16.05,30.5,37.7,14.0,43.0,29.05,16.0,29.3,38.0,37.35,69.6,6.05,37.3,25.2,80.9,63.4,70.6,19.05,23.8,17.5,233.5,51.8,194.5,29.6,219.0,24.65,178.5,181.0,32.9,43.5,134.0,128.5,86.2,73.8,119.5,45.3,31.55,45.1,87.5,44.8,93.4,17.5,17.4,29.15,10.25,34.15,25.2,13.35,118.0,170.0,28.65,21.0,13.75,489.0,414.0,174.0,10.3,17.25,103.0,76.6,422.0,236.5,10.0,19.25,12.55,35.65,12.75,89.5,71.6,34.25,114.0,18.3,22.4,66.4,14.15,24.9,235.0,129.5,112.5,17.4,49.95,49.9,38.6,10.1,21.3,14.7,26.35,40.65,70.7,57.2,13.9,111.5,10.3,10.3,48.7,74.1,21.2,55.6,19.8,229.5,203.5,69.7,332.5,52.1,11.65,121.5,108.0,217.5,32.3,152.5,42.95,30.95,19.2,35.55,66.1,226.0,9.37,33.75,310.5,174.5,3340.0,31.7,367.5,168.5,121.0,24.45,136.0,58.4,18.2,74.0,107.5,7.06,46.35,45.9
