公布日期,證券代號,證券名稱,處置起始,處置結束,處置天數,處置營業日數,撮合頻率(分鐘)
2020-12-23,5608,四維航,2020-12-24,2021-01-07,15,10,5
2020-12-24,1475,業旺,2020-12-25,2021-01-08,15,10,10
2020-12-24,2009,第一銅,2020-12-25,2021-01-08,15,10,20
2020-12-28,4119,旭富,2020-12-29,2021-01-12,15,10,5
2020-12-28,5608,四維航,2020-12-29,2021-01-12,15,10,20
2020-12-29,2038,海光,2020-12-30,2021-01-13,15,10,5
2020-12-29,2609,陽明,2020-12-30,2021-01-13,15,10,5
2020-12-29,6164,華興,2020-12-30,2021-01-13,15,10,5
2020-12-31,3149,正達,2021-01-04,2021-01-15,12,10,5
2021-01-04,2609,陽明,2021-01-05,2021-01-18,14,10,20
2021-01-05,2415,錩新,2021-01-06,2021-01-19,14,10,5
2021-01-06,2611,志信,2021-01-07,2021-01-20,14,10,5
2021-01-08,3138,耀登,2021-01-11,2021-01-22,12,10,5
2021-01-08,4961,天鈺,2021-01-11,2021-01-22,12,10,20
2021-01-11,03018P,華邦電群益01售03,2021-01-12,2021-01-25,14,10,5
2021-01-11,3661,世芯-KY,2021-01-12,2021-01-25,14,10,5
2021-01-13,3138,耀登,2021-01-14,2021-01-27,14,10,20
2021-01-14,1533,車王電,2021-01-15,2021-01-28,14,10,5
2021-01-18,2354,鴻準,2021-01-19,2021-02-01,14,10,5
2021-01-22,070282,聯發科凱基08購01,2021-01-25,2021-02-05,12,10,5
2021-01-28,4576,大銀微系統,2021-01-29,2021-02-22,25,10,5
2021-02-17,078712,新興永豐06購02,2021-02-18,2021-03-04,15,10,5
2021-02-19,3138,耀登,2021-02-22,2021-03-08,15,10,20
2021-02-19,4961,天鈺,2021-02-22,2021-03-08,15,10,20
2021-02-22,2009,第一銅,2021-02-23,2021-03-09,15,10,5
2021-02-23,8427,基勝-KY,2021-02-24,2021-03-10,15,10,5
2021-02-24,2465,麗臺,2021-02-25,2021-03-11,15,10,5
2021-02-25,2375,凱美,2021-02-26,2021-03-12,15,10,5
2021-02-25,6541,泰福-KY,2021-02-26,2021-03-12,15,10,5
2021-03-02,2939,凱羿-KY,2021-03-03,2021-03-16,14,10,10
2021-03-02,4571,鈞興-KY,2021-03-03,2021-03-16,14,10,5
2021-03-03,6541,泰福-KY,2021-03-04,2021-03-17,14,10,20
2021-03-05,4571,鈞興-KY,2021-03-08,2021-03-19,12,10,20
2021-03-16,6533,晶心科,2021-03-17,2021-03-30,14,10,5
2021-03-16,9105,泰金寶-DR,2021-03-17,2021-03-30,14,10,5
2021-03-16,911616,杜康-DR,2021-03-17,2021-03-30,14,10,5
2021-03-17,3545,敦泰,2021-03-18,2021-03-31,14,10,5
2021-03-22,2457,飛宏,2021-03-23,2021-04-07,16,10,5
2021-03-22,2491,吉祥全,2021-03-23,2021-04-07,16,10,5
2021-03-22,2609,陽明,2021-03-23,2021-04-07,16,10,5
2021-03-22,3094,聯傑,2021-03-23,2021-04-07,16,10,5
2021-03-22,4961,天鈺,2021-03-23,2021-04-07,16,10,20
2021-03-23,2489,瑞軒,2021-03-24,2021-04-08,16,10,5
2021-03-23,5608,四維航,2021-03-24,2021-04-08,16,10,5
2021-03-23,6283,淳安,2021-03-24,2021-04-08,16,10,5
2021-03-24,2399,映泰,2021-03-25,2021-04-09,16,10,5
2021-03-24,2415,錩新,2021-03-25,2021-04-09,16,10,5
2021-03-24,3383,新世紀,2021-03-25,2021-04-09,16,10,10
2021-03-25,2491,吉祥全,2021-03-26,2021-04-12,18,10,20
2021-03-25,2929,淘帝-KY,2021-03-26,2021-04-12,18,10,10
2021-03-26,3021,鴻名,2021-03-29,2021-04-13,16,10,5
2021-04-06,1592,英瑞-KY,2021-04-07,2021-04-20,14,10,10
2021-04-06,2597,潤弘,2021-04-07,2021-04-20,14,10,5
2021-04-07,1517,利奇,2021-04-08,2021-04-21,14,10,5
2021-04-08,1438,三地開發,2021-04-09,2021-04-22,14,10,5
2021-04-08,2108,南帝,2021-04-09,2021-04-22,14,10,5
2021-04-08,2457,飛宏,2021-04-09,2021-04-22,14,10,20
2021-04-08,2465,麗臺,2021-04-09,2021-04-22,14,10,20
2021-04-08,2609,陽明,2021-04-09,2021-04-22,14,10,20
2021-04-08,3149,正達,2021-04-09,2021-04-22,14,10,5
2021-04-09,2399,映泰,2021-04-12,2021-04-23,12,10,20
2021-04-12,1471,首利,2021-04-13,2021-04-26,14,10,5
2021-04-12,1517,利奇,2021-04-13,2021-04-26,14,10,20
2021-04-12,2014,中鴻,2021-04-13,2021-04-26,14,10,5
2021-04-12,3046,建碁,2021-04-13,2021-04-26,14,10,5
2021-04-12,3058,立德,2021-04-13,2021-04-26,14,10,5
2021-04-12,3308,聯德,2021-04-13,2021-04-26,14,10,5
2021-04-12,6582,申豐,2021-04-13,2021-04-26,14,10,5
2021-04-12,6668,中揚光,2021-04-13,2021-04-26,14,10,5
2021-04-13,1418,東華,2021-04-14,2021-04-27,14,10,10
2021-04-13,2108,南帝,2021-04-14,2021-04-27,14,10,20
2021-04-13,3006,晶豪科,2021-04-14,2021-04-27,14,10,5
2021-04-14,911616,杜康-DR,2021-04-15,2021-04-28,14,10,20
2021-04-15,3661,世芯-KY,2021-04-16,2021-04-29,14,10,5
2021-04-16,3138,耀登,2021-04-19,2021-05-03,15,10,5
2021-04-16,9105,泰金寶-DR,2021-04-19,2021-05-03,15,10,20
2021-04-19,9110,越南控-DR,2021-04-20,2021-05-04,15,10,5
2021-04-20,3661,世芯-KY,2021-04-21,2021-05-05,15,10,20
2021-04-21,1608,華榮,2021-04-22,2021-05-06,15,10,5
2021-04-21,1905,華紙,2021-04-22,2021-05-06,15,10,5
2021-04-21,2007,燁興,2021-04-22,2021-05-06,15,10,5
2021-04-21,2022,聚亨,2021-04-22,2021-05-06,15,10,5
2021-04-21,5608,四維航,2021-04-22,2021-05-06,15,10,20
2021-04-22,1616,億泰,2021-04-23,2021-05-07,15,10,5
2021-04-22,2017,官田鋼,2021-04-23,2021-05-07,15,10,5
2021-04-23,2033,佳大,2021-04-26,2021-05-10,15,10,5
2021-04-23,2605,新興,2021-04-26,2021-05-10,15,10,5
2021-04-23,2637,慧洋-KY,2021-04-26,2021-05-10,15,10,5
2021-04-23,3661,世芯-KY,2021-04-26,2021-05-10,15,10,20
2021-04-23,8261,富鼎,2021-04-26,2021-05-10,15,10,5
2021-04-26,2543,皇昌,2021-04-27,2021-05-11,15,10,5
2021-04-26,2601,益航,2021-04-27,2021-05-11,15,10,5
2021-04-26,3060,銘異,2021-04-27,2021-05-11,15,10,5
2021-04-26,3536,誠創,2021-04-27,2021-05-11,15,10,45
2021-04-26,911868,同方友友-DR,2021-04-27,2021-05-11,15,10,5
2021-04-27,1616,億泰,2021-04-28,2021-05-12,15,10,20
2021-04-28,3057,喬鼎,2021-04-29,2021-05-13,15,10,5
2021-04-29,3060,銘異,2021-05-03,2021-05-14,12,10,20
2021-04-29,3536,誠創,2021-05-03,2021-05-14,12,10,60
2021-04-29,6116,彩晶,2021-05-03,2021-05-14,12,10,5
2021-05-03,2495,普安,2021-05-04,2021-05-17,14,10,5
2021-05-05,079352,中鴻凱基07購01,2021-05-06,2021-05-19,14,10,5
2021-05-05,1441,大東,2021-05-06,2021-05-19,14,10,5
2021-05-11,074008,亞光凱基05購01,2021-05-12,2021-05-25,14,10,5
2021-05-12,078415,立積永豐06購03,2021-05-13,2021-05-26,14,10,5
2021-05-12,2929,淘帝-KY,2021-05-13,2021-05-26,14,10,20
2021-05-14,074008,亞光凱基05購01,2021-05-17,2021-05-28,12,10,20
2021-05-18,1475,業旺,2021-05-19,2021-06-01,14,10,5
2021-05-18,1732,毛寶,2021-05-19,2021-06-01,14,10,5
2021-05-18,2617,台航,2021-05-19,2021-06-01,14,10,5
2021-05-18,9103,美德醫療-DR,2021-05-19,2021-06-01,14,10,5
2021-05-19,033864,聯發科第一15購02,2021-05-20,2021-06-02,14,10,5
2021-05-19,033865,聯發科第一15購03,2021-05-20,2021-06-02,14,10,5
2021-05-20,077935,彩晶群益06購01,2021-05-21,2021-06-03,14,10,5
2021-05-20,1760,寶齡富錦,2021-05-21,2021-06-03,14,10,5
2021-05-21,079295,群創元富06購05,2021-05-24,2021-06-04,12,10,5
2021-05-21,079994,晶豪科元富06購02,2021-05-24,2021-06-04,12,10,5
2021-05-24,031566,華榮凱基0A購01,2021-05-25,2021-06-07,14,10,5
2021-05-24,078882,友達元大06購07,2021-05-25,2021-06-07,14,10,5
2021-05-24,081514,新光鋼富邦08購01,2021-05-25,2021-06-07,14,10,5
2021-05-25,074743,群創元大07購01,2021-05-26,2021-06-08,14,10,5
2021-05-25,077931,群創群益06購01,2021-05-26,2021-06-08,14,10,5
2021-05-25,077977,群創元大08購01,2021-05-26,2021-06-08,14,10,5
2021-05-25,078372,群創元大08購03,2021-05-26,2021-06-08,14,10,5
2021-05-25,078439,群創群益09購02,2021-05-26,2021-06-08,14,10,5
2021-05-25,079553,群創群益07購02,2021-05-26,2021-06-08,14,10,5
2021-05-25,080727,群創群益07購04,2021-05-26,2021-06-08,14,10,5
2021-05-25,082743,群創群益09購04,2021-05-26,2021-06-08,14,10,5
2021-05-26,079534,群創元大06購08,2021-05-27,2021-06-09,14,10,5
2021-05-26,083289,友達元大07購12,2021-05-27,2021-06-09,14,10,5
2021-05-26,084124,群創群益08購01,2021-05-27,2021-06-09,14,10,5
2021-05-26,084437,群創群益08購02,2021-05-27,2021-06-09,14,10,5
2021-05-26,084658,群創群益08購03,2021-05-27,2021-06-09,14,10,5
2021-05-26,084888,群創群益08購04,2021-05-27,2021-06-09,14,10,5
2021-05-26,084929,友達元大08購05,2021-05-27,2021-06-09,14,10,5
2021-05-26,085203,群創群益09購07,2021-05-27,2021-06-09,14,10,5
2021-05-26,911616,杜康-DR,2021-05-27,2021-06-09,14,10,20
2021-05-27,079670,友達元大06購08,2021-05-28,2021-06-10,14,10,5
2021-05-28,1435,中福,2021-05-31,2021-06-11,12,10,5
2021-05-28,2491,吉祥全,2021-05-31,2021-06-11,12,10,5
2021-05-28,2615,萬海,2021-05-31,2021-06-11,12,10,5
2021-05-28,2642,宅配通,2021-05-31,2021-06-11,12,10,5
2021-05-28,4746,台耀,2021-05-31,2021-06-11,12,10,5
2021-05-31,081548,長榮永豐07購05,2021-06-01,2021-06-15,15,10,5
2021-06-01,2014,中鴻,2021-06-02,2021-06-16,15,10,5
2021-06-02,2636,台驊投控,2021-06-03,2021-06-17,15,10,5
2021-06-02,2642,宅配通,2021-06-03,2021-06-17,15,10,20
2021-06-03,1455,集盛,2021-06-04,2021-06-18,15,10,5
2021-06-03,2465,麗臺,2021-06-04,2021-06-18,15,10,5
2021-06-04,2028,威致,2021-06-07,2021-06-21,15,10,5
2021-06-04,2038,海光,2021-06-07,2021-06-21,15,10,5
2021-06-08,3530,晶相光,2021-06-09,2021-06-23,15,10,5
2021-06-16,2614,東森,2021-06-17,2021-06-30,14,10,5
2021-06-17,2603,長榮,2021-06-18,2021-07-01,14,10,5
2021-06-17,5608,四維航,2021-06-18,2021-07-01,14,10,5
2021-06-21,2609,陽明,2021-06-22,2021-07-05,14,10,5
2021-06-21,2614,東森,2021-06-22,2021-07-05,14,10,20
2021-06-21,6756,威鋒電子,2021-06-22,2021-07-05,14,10,5
2021-06-22,5608,四維航,2021-06-23,2021-07-06,14,10,20
2021-06-23,066965,鴻海元富07購07,2021-06-24,2021-07-07,14,10,5
2021-06-23,1905,華紙,2021-06-24,2021-07-07,14,10,5
2021-06-23,8429,金麗-KY,2021-06-24,2021-07-07,14,10,5
2021-06-24,1455,集盛,2021-06-25,2021-07-08,14,10,20
2021-06-24,6756,威鋒電子,2021-06-25,2021-07-08,14,10,20
2021-06-25,2605,新興,2021-06-28,2021-07-09,12,10,5
2021-06-28,066965,鴻海元富07購07,2021-06-29,2021-07-12,14,10,20
2021-06-28,2601,益航,2021-06-29,2021-07-12,14,10,5
2021-06-28,2613,中櫃,2021-06-29,2021-07-12,14,10,5
2021-06-29,2612,中航,2021-06-30,2021-07-13,14,10,5
2021-06-30,2022,聚亨,2021-07-01,2021-07-14,14,10,5
2021-06-30,2607,榮運,2021-07-01,2021-07-14,14,10,5
2021-06-30,2611,志信,2021-07-01,2021-07-14,14,10,5
2021-06-30,9110,越南控-DR,2021-07-01,2021-07-14,14,10,5
2021-06-30,911616,杜康-DR,2021-07-01,2021-07-14,14,10,20
2021-07-01,2007,燁興,2021-07-02,2021-07-15,14,10,5
2021-07-01,2030,彰源,2021-07-02,2021-07-15,14,10,5
2021-07-01,2033,佳大,2021-07-02,2021-07-15,14,10,5
2021-07-01,911622,泰聚亨-DR,2021-07-02,2021-07-15,14,10,5
2021-07-02,2024,志聯,2021-07-05,2021-07-16,12,10,5
2021-07-02,2025,千興,2021-07-05,2021-07-16,12,10,45
2021-07-05,2023,燁輝,2021-07-06,2021-07-19,14,10,5
2021-07-05,2032,新鋼,2021-07-06,2021-07-19,14,10,5
2021-07-05,2069,運錩,2021-07-06,2021-07-19,14,10,5
2021-07-06,030001,萬海中信0B購01,2021-07-07,2021-07-20,14,10,5
2021-07-06,034763,長榮統一11購07,2021-07-07,2021-07-20,14,10,5
2021-07-06,035145,長榮統一0C購18,2021-07-07,2021-07-20,14,10,5
2021-07-06,071342,友達元富09購01,2021-07-07,2021-07-20,14,10,5
2021-07-06,080950,萬海群益08購01,2021-07-07,2021-07-20,14,10,5
2021-07-06,083161,萬海群益08購05,2021-07-07,2021-07-20,14,10,5
2021-07-06,2603,長榮,2021-07-07,2021-07-20,14,10,20
2021-07-06,911622,泰聚亨-DR,2021-07-07,2021-07-20,14,10,20
2021-07-06,9188,精熙-DR,2021-07-07,2021-07-20,14,10,5
2021-07-07,035354,萬海中信13購01,2021-07-08,2021-07-21,14,10,5
2021-07-07,2025,千興,2021-07-08,2021-07-21,14,10,60
2021-07-08,033285,長榮統一15購01,2021-07-09,2021-07-22,14,10,5
2021-07-08,068524,友達元富07購01,2021-07-09,2021-07-22,14,10,5
2021-07-08,911616,杜康-DR,2021-07-09,2021-07-22,14,10,20
2021-07-09,2486,一詮,2021-07-12,2021-07-23,12,10,5
2021-07-09,6573,虹揚-KY,2021-07-12,2021-07-23,12,10,5
2021-07-12,034683,長榮第一15購01,2021-07-13,2021-07-26,14,10,5
2021-07-13,079322,群創中信0A購02,2021-07-14,2021-07-27,14,10,5
2021-07-13,2614,東森,2021-07-14,2021-07-27,14,10,20
2021-07-14,3035,智原,2021-07-15,2021-07-28,14,10,5
2021-07-15,911616,杜康-DR,2021-07-16,2021-07-29,14,10,20
2021-07-20,076936,群創國泰07購02,2021-07-21,2021-08-03,14,10,5
2021-07-23,080914,長榮凱基0B購01,2021-07-26,2021-08-06,12,10,5
2021-07-23,081836,萬海凱基0A購01,2021-07-26,2021-08-06,12,10,5
2021-07-23,088527,彩晶國泰0B購01,2021-07-26,2021-08-06,12,10,5
2021-07-26,030133,長榮凱基13購01,2021-07-27,2021-08-09,14,10,5
2021-07-26,034672,長榮凱基0B購10,2021-07-27,2021-08-09,14,10,5
2021-07-26,6226,光鼎,2021-07-27,2021-08-09,14,10,5
2021-07-27,031161,長榮國泰0C購01,2021-07-28,2021-08-10,14,10,5
2021-07-27,033284,長榮統一12購03,2021-07-28,2021-08-10,14,10,5
2021-07-27,034683,長榮第一15購01,2021-07-28,2021-08-10,14,10,20
2021-07-27,035145,長榮統一0C購18,2021-07-28,2021-08-10,14,10,20
2021-07-27,079910,長榮國泰08購03,2021-07-28,2021-08-10,14,10,5
2021-07-27,080025,長榮國泰08購04,2021-07-28,2021-08-10,14,10,5
2021-07-27,084815,彩晶永豐08購01,2021-07-28,2021-08-10,14,10,5
2021-07-28,032264,台航元大0A購02,2021-07-29,2021-08-11,14,10,5
2021-07-28,032265,台航元大0B購01,2021-07-29,2021-08-11,14,10,5
2021-07-28,035143,長榮統一0C購16,2021-07-29,2021-08-11,14,10,5
2021-07-28,2609,陽明,2021-07-29,2021-08-11,14,10,20
2021-07-30,030049,長榮元大0A購06,2021-08-02,2021-08-13,12,10,5
2021-07-30,030211,慧洋凱基0A購01,2021-08-02,2021-08-13,12,10,5
2021-07-30,030412,長榮元大0C購05,2021-08-02,2021-08-13,12,10,5
2021-07-30,033284,長榮統一12購03,2021-08-02,2021-08-13,12,10,20
2021-07-30,034683,長榮第一15購01,2021-08-02,2021-08-13,12,10,20
2021-07-30,034763,長榮統一11購07,2021-08-02,2021-08-13,12,10,20
2021-07-30,034772,長榮國票0C購05,2021-08-02,2021-08-13,12,10,5
2021-07-30,035145,長榮統一0C購18,2021-08-02,2021-08-13,12,10,20
2021-07-30,080182,萬海統一08購02,2021-08-02,2021-08-13,12,10,5
2021-07-30,081225,長榮統一09購04,2021-08-02,2021-08-13,12,10,5
2021-07-30,089684,長榮元大09購09,2021-08-02,2021-08-13,12,10,5
2021-08-02,030047,長榮元大0A購04,2021-08-03,2021-08-16,14,10,5
2021-08-02,030413,長榮元大0C購06,2021-08-03,2021-08-16,14,10,5
2021-08-02,030613,長榮元大0A購08,2021-08-03,2021-08-16,14,10,5
2021-08-02,030614,長榮元大0A購09,2021-08-03,2021-08-16,14,10,5
2021-08-02,030984,長榮元大0A購13,2021-08-03,2021-08-16,14,10,5
2021-08-02,030985,長榮元大0A購14,2021-08-03,2021-08-16,14,10,5
2021-08-02,031334,長榮元大0A購16,2021-08-03,2021-08-16,14,10,5
2021-08-02,031668,長榮元大0B購04,2021-08-03,2021-08-16,14,10,5
2021-08-02,031965,長榮元大0A購20,2021-08-03,2021-08-16,14,10,5
2021-08-02,034757,長榮統一0B購10,2021-08-03,2021-08-16,14,10,5
2021-08-02,079045,長榮元大09購01,2021-08-03,2021-08-16,14,10,5
2021-08-02,079160,長榮元大08購04,2021-08-03,2021-08-16,14,10,5
2021-08-02,080401,長榮元大09購02,2021-08-03,2021-08-16,14,10,5
2021-08-02,080402,長榮元大09購03,2021-08-03,2021-08-16,14,10,5
2021-08-02,081616,長榮元大08購06,2021-08-03,2021-08-16,14,10,5
2021-08-02,087538,裕民統一0B購01,2021-08-03,2021-08-16,14,10,5
2021-08-02,089361,長榮元大12購01,2021-08-03,2021-08-16,14,10,5
2021-08-02,089685,長榮元大0B購01,2021-08-03,2021-08-16,14,10,5
2021-08-02,089686,長榮元大0C購02,2021-08-03,2021-08-16,14,10,5
2021-08-02,089848,長榮元大09購11,2021-08-03,2021-08-16,14,10,5
2021-08-02,089975,長榮元大0A購01,2021-08-03,2021-08-16,14,10,5
2021-08-02,089976,長榮元大0A購02,2021-08-03,2021-08-16,14,10,5
2021-08-02,089977,長榮元大0C購04,2021-08-03,2021-08-16,14,10,5
2021-08-03,1783,和康生,2021-08-04,2021-08-17,14,10,5
2021-08-04,033284,長榮統一12購03,2021-08-05,2021-08-18,14,10,20
2021-08-04,034683,長榮第一15購01,2021-08-05,2021-08-18,14,10,20
2021-08-04,034763,長榮統一11購07,2021-08-05,2021-08-18,14,10,20
2021-08-04,035145,長榮統一0C購18,2021-08-05,2021-08-18,14,10,20
2021-08-04,089455,長榮統一0C購01,2021-08-05,2021-08-18,14,10,5
2021-08-04,089457,長榮統一13購01,2021-08-05,2021-08-18,14,10,5
2021-08-05,032559,長榮群益0C購06,2021-08-06,2021-08-19,14,10,5
2021-08-06,089323,長榮富邦0B購01,2021-08-09,2021-08-20,12,10,5
2021-08-06,089497,新興元富09購02,2021-08-09,2021-08-20,12,10,5
2021-08-09,1734,杏輝,2021-08-10,2021-08-23,14,10,5
2021-08-11,082566,新興統一09購01,2021-08-12,2021-08-25,14,10,5
2021-08-12,035141,長榮統一0B購12,2021-08-13,2021-08-26,14,10,5
2021-08-13,032537,長榮凱基14購05,2021-08-16,2021-08-27,12,10,5
2021-08-16,079872,萬海統一08購01,2021-08-17,2021-08-30,14,10,5
2021-08-16,089456,長榮統一0C購02,2021-08-17,2021-08-30,14,10,5
2021-08-16,089564,長榮統一0B購06,2021-08-17,2021-08-30,14,10,5
2021-08-16,089565,長榮統一0B購07,2021-08-17,2021-08-30,14,10,5
2021-08-17,089323,長榮富邦0B購01,2021-08-18,2021-08-31,14,10,20
2021-08-20,089323,長榮富邦0B購01,2021-08-23,2021-09-03,12,10,20
2021-08-26,089563,長榮統一0B購05,2021-08-27,2021-09-09,14,10,5
2021-08-27,2013,中鋼構,2021-08-30,2021-09-10,12,10,5
2021-08-31,9105,泰金寶-DR,2021-09-01,2021-09-14,14,10,5
2021-09-07,3701,大眾控,2021-09-08,2021-09-23,16,10,5
2021-09-08,083187,晶豪科國票0A購01,2021-09-09,2021-09-24,16,10,5
2021-09-10,032535,長榮凱基0A購17,2021-09-13,2021-09-28,16,10,5
2021-09-15,030210,台驊控凱基0C購01,2021-09-16,2021-10-01,16,10,5
2021-09-16,1727,中華化,2021-09-17,2021-10-04,18,10,5
2021-09-22,089215,長榮群益0B購01,2021-09-23,2021-10-06,14,10,5
2021-09-22,089440,長榮群益0A購03,2021-09-23,2021-10-06,14,10,5
2021-09-22,089609,長榮群益0B購03,2021-09-23,2021-10-06,14,10,5
2021-09-23,9105,泰金寶-DR,2021-09-24,2021-10-07,14,10,20
2021-09-24,032718,長榮群益0C購07,2021-09-27,2021-10-08,12,10,5
2021-09-27,085433,晶豪科統一0A購02,2021-09-28,2021-10-12,15,10,5
2021-10-01,4141,龍燈-KY,2021-10-04,2021-10-20,17,12,5
2021-10-08,089256,長榮統一0B購02,2021-10-12,2021-10-25,14,10,5
2021-10-15,089457,長榮統一13購01,2021-10-18,2021-10-29,12,10,5
2021-10-15,1721,三晃,2021-10-18,2021-10-29,12,10,5
2021-10-18,2243,宏旭-KY,2021-10-19,2021-11-01,14,10,5
2021-10-19,035144,長榮統一0C購17,2021-10-20,2021-11-02,14,10,5
2021-10-20,1721,三晃,2021-10-21,2021-11-03,14,10,20
2021-10-21,9105,泰金寶-DR,2021-10-22,2021-11-04,14,10,20
2021-10-25,089310,長榮國票0A購03,2021-10-26,2021-11-08,14,10,5
2021-10-25,2498,宏達電,2021-10-26,2021-11-10,16,12,5
2021-10-28,2498,宏達電,2021-10-29,2021-11-11,14,10,20
2021-10-28,4968,立積,2021-10-29,2021-11-11,14,10,5
2021-10-29,031109,裕民群益0B購01,2021-11-01,2021-11-12,12,10,5
2021-10-29,6172,互億,2021-11-01,2021-11-12,12,10,5
2021-11-01,034607,萬海統一0C購06,2021-11-02,2021-11-15,14,10,5
2021-11-01,089455,長榮統一0C購01,2021-11-02,2021-11-15,14,10,5
2021-11-04,034607,萬海統一0C購06,2021-11-05,2021-11-18,14,10,20
2021-11-04,1611,中電,2021-11-05,2021-11-18,14,10,5
2021-11-05,9105,泰金寶-DR,2021-11-08,2021-11-19,12,10,20
2021-11-11,1721,三晃,2021-11-12,2021-11-29,18,12,20
2021-11-16,3419,譁裕,2021-11-17,2021-11-30,14,10,5
2021-11-18,8427,基勝-KY,2021-11-19,2021-12-02,14,10,5
2021-11-19,1236,宏亞,2021-11-22,2021-12-03,12,10,5
2021-11-19,9105,泰金寶-DR,2021-11-22,2021-12-03,12,10,20
2021-11-22,4943,康控-KY,2021-11-23,2021-12-06,14,10,5
2021-11-23,034421,萬海統一11購03,2021-11-24,2021-12-07,14,10,5
2021-11-23,3016,嘉晶,2021-11-24,2021-12-09,16,12,5
2021-11-24,3046,建碁,2021-11-25,2021-12-08,14,10,5
2021-11-29,047934,光磊凱基16購01,2021-11-30,2021-12-13,14,10,5
2021-11-29,049808,光磊凱基15購02,2021-11-30,2021-12-13,14,10,5
2021-11-30,2497,怡利電,2021-12-01,2021-12-16,16,12,5
2021-12-01,9103,美德醫療-DR,2021-12-02,2021-12-15,14,10,5
2021-12-02,047934,光磊凱基16購01,2021-12-03,2021-12-16,14,10,20
2021-12-02,051551,嘉晶元大15購05,2021-12-03,2021-12-16,14,10,5
2021-12-07,047934,光磊凱基16購01,2021-12-08,2021-12-21,14,10,20
2021-12-08,6235,華孚,2021-12-09,2021-12-22,14,10,5
2021-12-10,047934,光磊凱基16購01,2021-12-13,2021-12-24,12,10,20
2021-12-14,3051,力特,2021-12-15,2021-12-28,14,10,5
2021-12-15,1236,宏亞,2021-12-16,2021-12-29,14,10,20
2021-12-15,2405,浩鑫,2021-12-16,2021-12-29,14,10,5
2021-12-17,051551,嘉晶元大15購05,2021-12-20,2022-01-03,15,10,20
2021-12-17,2406,國碩,2021-12-20,2022-01-05,17,12,5
2021-12-17,9103,美德醫療-DR,2021-12-20,2022-01-03,15,10,20
2021-12-20,3308,聯德,2021-12-21,2022-01-04,15,10,5
2021-12-24,2939,凱羿-KY,2021-12-27,2022-01-10,15,10,5
2021-12-28,3383,新世紀,2021-12-29,2022-01-12,15,10,45
2021-12-30,4755,三福化,2022-01-03,2022-01-18,16,12,5
2022-01-03,3383,新世紀,2022-01-04,2022-01-17,14,10,60
2022-01-04,9103,美德醫療-DR,2022-01-05,2022-01-18,14,10,20
2022-01-05,2323,中環,2022-01-06,2022-01-19,14,10,5
2022-01-05,2359,所羅門,2022-01-06,2022-01-19,14,10,5
2022-01-06,3383,新世紀,2022-01-07,2022-01-20,14,10,60
2022-01-10,2443,昶虹,2022-01-11,2022-01-24,14,10,45
2022-01-14,6225,天瀚,2022-01-17,2022-02-08,23,10,45
2022-01-17,3383,新世紀,2022-01-18,2022-02-09,23,10,60
2022-01-17,9103,美德醫療-DR,2022-01-18,2022-02-09,23,10,20
2022-01-26,046272,宏達電統一15購02,2022-02-07,2022-02-18,12,10,5
2022-02-07,1529,樂士,2022-02-08,2022-02-23,16,12,5
2022-02-07,8454,富邦媒,2022-02-08,2022-02-21,14,10,5
2022-02-11,2497,怡利電,2022-02-14,2022-03-02,17,12,5
2022-02-18,9103,美德醫療-DR,2022-02-21,2022-03-07,15,10,20
2022-02-21,045210,大榮永豐13購02,2022-02-22,2022-03-08,15,10,5
2022-02-24,045210,大榮永豐13購02,2022-02-25,2022-03-11,15,10,20
2022-02-24,9955,佳龍,2022-02-25,2022-03-15,19,12,5
2022-02-25,1435,中福,2022-03-01,2022-03-14,14,10,5
2022-03-02,2497,怡利電,2022-03-03,2022-03-16,14,10,20
2022-03-03,1435,中福,2022-03-04,2022-03-17,14,10,20
2022-03-07,2936,客思達-KY,2022-03-08,2022-03-21,14,10,5
2022-03-08,2024,志聯,2022-03-09,2022-03-22,14,10,5
2022-03-10,046626,泰鼎永豐13購04,2022-03-11,2022-03-24,14,10,5
2022-03-14,049291,光磊永豐14購02,2022-03-15,2022-03-28,14,10,5
2022-03-16,9105,泰金寶-DR,2022-03-17,2022-03-30,14,10,5
2022-03-21,9103,美德醫療-DR,2022-03-22,2022-04-06,16,10,20
2022-03-23,1432,大魯閣,2022-03-24,2022-04-08,16,10,5
2022-03-28,3011,今皓,2022-03-29,2022-04-13,16,10,5
2022-04-11,1453,大將,2022-04-12,2022-04-25,14,10,5
2022-04-11,9103,美德醫療-DR,2022-04-12,2022-04-25,14,10,20
2022-04-12,4133,亞諾法,2022-04-13,2022-04-28,16,12,5
2022-04-15,4133,亞諾法,2022-04-18,2022-05-04,17,12,20
2022-04-15,4148,全宇生技-KY,2022-04-18,2022-05-04,17,12,5
2022-04-18,047770,光磊群益15購01,2022-04-19,2022-05-03,15,10,5
2022-04-18,050550,台勝科永豐15購01,2022-04-19,2022-05-03,15,10,5
2022-04-18,6598,ABC-KY,2022-04-19,2022-05-03,15,10,5
2022-04-20,1760,寶齡富錦,2022-04-21,2022-05-09,19,12,5
2022-04-22,4106,雃博,2022-04-25,2022-05-09,15,10,5
2022-04-25,9103,美德醫療-DR,2022-04-26,2022-05-10,15,10,20
2022-04-29,1453,大將,2022-05-03,2022-05-16,14,10,20
2022-05-18,2482,連宇,2022-05-19,2022-06-01,14,10,5
2022-05-18,9105,泰金寶-DR,2022-05-19,2022-06-01,14,10,5
2022-05-19,3535,晶彩科,2022-05-20,2022-06-07,19,12,5
2022-05-23,1453,大將,2022-05-24,2022-06-09,17,12,20
2022-05-23,2482,連宇,2022-05-24,2022-06-07,15,10,20
2022-05-23,2929,淘帝-KY,2022-05-24,2022-06-07,15,10,5
2022-05-24,1524,耿鼎,2022-05-25,2022-06-10,17,12,5
2022-05-26,1568,倉佑,2022-05-27,2022-06-10,15,10,5
2022-05-30,1539,巨庭,2022-05-31,2022-06-16,17,12,5
2022-06-06,2364,倫飛,2022-06-07,2022-06-20,14,10,5
2022-06-06,5258,虹堡,2022-06-07,2022-06-22,16,12,5
2022-06-06,9105,泰金寶-DR,2022-06-07,2022-06-20,14,10,20
2022-06-14,3494,誠研,2022-06-15,2022-06-28,14,10,5
2022-06-22,8467,波力-KY,2022-06-23,2022-07-06,14,10,5
2022-06-23,8222,寶一,2022-06-24,2022-07-11,18,12,5
2022-06-28,058855,東鹼凱基17購02,2022-06-29,2022-07-12,14,10,5
2022-07-08,060199,華新永豐17購01,2022-07-11,2022-07-22,12,10,5
2022-07-08,6225,天瀚,2022-07-11,2022-07-22,12,10,45
2022-07-13,6796,晉弘,2022-07-14,2022-07-27,14,10,5
2022-07-21,6133,金橋,2022-07-22,2022-08-08,18,12,5
2022-07-22,2305,全友,2022-07-25,2022-08-09,16,12,5
2022-07-26,6225,天瀚,2022-07-27,2022-08-09,14,10,60
2022-07-27,2305,全友,2022-07-28,2022-08-10,14,10,20
2022-07-27,2388,威盛,2022-07-28,2022-08-12,16,12,5
2022-07-27,9103,美德醫療-DR,2022-07-28,2022-08-10,14,10,5
2022-07-28,2380,虹光,2022-07-29,2022-08-11,14,10,5
2022-08-05,9912,偉聯,2022-08-08,2022-08-19,12,10,5
2022-08-10,3432,台端,2022-08-11,2022-08-24,14,10,5
2022-08-18,2364,倫飛,2022-08-19,2022-09-01,14,10,5
2022-08-18,9103,美德醫療-DR,2022-08-19,2022-09-01,14,10,20
2022-08-19,1449,佳和,2022-08-22,2022-09-02,12,10,5
2022-08-22,1539,巨庭,2022-08-23,2022-09-05,14,10,5
2022-08-22,2468,華經,2022-08-23,2022-09-05,14,10,5
2022-08-23,8478,東哥遊艇,2022-08-24,2022-09-08,16,12,5
2022-08-25,3043,科風,2022-08-26,2022-09-08,14,10,45
2022-08-25,9928,中視,2022-08-26,2022-09-08,14,10,5
2022-08-26,4770,上品,2022-08-29,2022-09-12,15,10,5
2022-08-30,3043,科風,2022-08-31,2022-09-14,15,10,60
2022-09-01,6666,羅麗芬-KY,2022-09-02,2022-09-16,15,10,5
2022-09-02,3383,新世紀,2022-09-05,2022-09-19,15,10,45
2022-09-12,2364,倫飛,2022-09-13,2022-09-26,14,10,20
2022-09-15,9105,泰金寶-DR,2022-09-16,2022-09-29,14,10,5
2022-09-28,054196,元石油凱基1A購01,2022-09-29,2022-10-13,15,10,5
2022-10-03,6550,北極星藥業-KY,2022-10-04,2022-10-20,17,12,5
2022-10-05,2364,倫飛,2022-10-06,2022-10-24,19,12,20
2022-10-05,9103,美德醫療-DR,2022-10-06,2022-10-20,15,10,5
2022-10-11,2540,愛山林,2022-10-12,2022-10-25,14,10,5
2022-10-14,3686,達能,2022-10-17,2022-10-28,12,10,5
2022-10-31,9103,美德醫療-DR,2022-11-01,2022-11-14,14,10,20
2022-11-02,9105,泰金寶-DR,2022-11-03,2022-11-16,14,10,5
2022-11-04,9928,中視,2022-11-07,2022-11-18,12,10,5
2022-11-08,8033,雷虎,2022-11-09,2022-11-22,14,10,5
2022-11-15,9103,美德醫療-DR,2022-11-16,2022-11-29,14,10,20
2022-11-23,4943,康控-KY,2022-11-24,2022-12-07,14,10,45
2022-11-28,1795,美時,2022-11-29,2022-12-14,16,12,5
2022-11-28,1810,和成,2022-11-29,2022-12-14,16,12,5
2022-11-30,8222,寶一,2022-12-01,2022-12-16,16,12,5
2022-12-01,030035,元石油元大25購02,2022-12-02,2022-12-15,14,10,5
2022-12-01,9103,美德醫療-DR,2022-12-02,2022-12-15,14,10,20
2022-12-06,030035,元石油元大25購02,2022-12-07,2022-12-20,14,10,20
2022-12-08,1342,八貫,2022-12-09,2022-12-26,18,12,5
2022-12-08,9105,泰金寶-DR,2022-12-09,2022-12-22,14,10,20
2022-12-14,087272,世紀鋼富邦26購01,2022-12-15,2022-12-28,14,10,5
2022-12-16,1701,中化,2022-12-19,2022-12-30,12,10,5
2022-12-19,9103,美德醫療-DR,2022-12-20,2023-01-03,15,10,20
2022-12-26,4943,康控-KY,2022-12-27,2023-01-10,15,10,60
2022-12-29,4943,康控-KY,2022-12-30,2023-01-13,15,10,60
2023-01-04,4943,康控-KY,2023-01-05,2023-01-30,26,10,60
2023-02-01,033904,裕民元富27購01,2023-02-02,2023-02-15,14,10,5
2023-02-03,9105,泰金寶-DR,2023-02-06,2023-02-17,12,10,5
2023-02-06,2482,連宇,2023-02-07,2023-02-22,16,12,5
2023-02-15,2453,凌群,2023-02-16,2023-03-07,20,12,5
2023-02-20,9105,泰金寶-DR,2023-02-21,2023-03-08,16,10,20
2023-02-22,8940,新天地,2023-02-23,2023-03-10,16,10,5
2023-02-23,3058,立德,2023-02-24,2023-03-13,18,10,5
2023-02-23,9103,美德醫療-DR,2023-02-24,2023-03-13,18,10,5
2023-02-24,2739,寒舍,2023-03-01,2023-03-14,14,10,5
2023-03-02,8996,高力,2023-03-03,2023-03-20,18,12,5
2023-03-03,2739,寒舍,2023-03-06,2023-03-17,12,10,20
2023-03-06,8033,雷虎,2023-03-07,2023-03-20,14,10,5
2023-03-10,2429,銘旺科,2023-03-13,2023-03-24,12,10,5
2023-03-13,911608,明輝-DR,2023-03-14,2023-03-27,14,10,5
2023-03-15,9105,泰金寶-DR,2023-03-16,2023-03-29,14,10,20
2023-03-24,1435,中福,2023-03-27,2023-04-12,17,10,5
2023-03-27,4763,材料-KY,2023-03-28,2023-04-13,17,10,5
2023-03-27,8033,雷虎,2023-03-28,2023-04-13,17,10,20
2023-03-27,8478,東哥遊艇,2023-03-28,2023-04-17,21,12,5
2023-03-27,8996,高力,2023-03-28,2023-04-13,17,10,20
2023-04-07,2482,連宇,2023-04-10,2023-04-21,12,10,5
2023-04-12,4763,材料-KY,2023-04-13,2023-04-26,14,10,20
2023-04-13,2358,廷鑫,2023-04-14,2023-04-27,14,10,10
2023-04-14,3308,聯德,2023-04-17,2023-04-28,12,10,5
2023-04-14,3494,誠研,2023-04-17,2023-04-28,12,10,10
2023-04-14,9105,泰金寶-DR,2023-04-17,2023-04-28,12,10,20
2023-04-19,1529,樂事綠能,2023-04-20,2023-05-04,15,10,5
2023-04-19,2630,亞航,2023-04-20,2023-05-04,15,10,5
2023-04-19,3308,聯德,2023-04-20,2023-05-04,15,10,20
2023-04-20,1810,和成,2023-04-21,2023-05-05,15,10,5
2023-04-20,8033,雷虎,2023-04-21,2023-05-05,15,10,20
2023-04-21,3058,立德,2023-04-24,2023-05-08,15,10,5
2023-04-24,6235,華孚,2023-04-25,2023-05-09,15,10,5
2023-04-28,087182,晶睿永豐25購02,2023-05-02,2023-05-15,14,10,5
2023-04-28,1727,中華化,2023-05-02,2023-05-15,14,10,5
2023-05-08,2424,隴華,2023-05-09,2023-05-22,14,10,5
2023-05-08,9105,泰金寶-DR,2023-05-09,2023-05-22,14,10,20
2023-05-12,8033,雷虎,2023-05-15,2023-05-26,12,10,20
2023-05-17,911608,明輝-DR,2023-05-18,2023-05-31,14,10,5
2023-05-22,2427,三商電,2023-05-23,2023-06-05,14,10,5
2023-05-23,9105,泰金寶-DR,2023-05-24,2023-06-06,14,10,20
2023-05-24,9103,美德醫療-DR,2023-05-25,2023-06-07,14,10,5
2023-06-07,8996,高力,2023-06-08,2023-06-21,14,10,5
2023-06-07,9105,泰金寶-DR,2023-06-08,2023-06-21,14,10,20
2023-06-12,2432,倚天酷碁-創,2023-06-13,2023-06-28,16,10,5
2023-06-12,6625,必應,2023-06-13,2023-06-30,18,12,5
2023-06-19,6235,華孚,2023-06-20,2023-07-07,18,12,5
2023-06-20,2468,華經,2023-06-21,2023-07-06,16,10,5
2023-06-26,2722,夏都,2023-06-27,2023-07-12,16,12,5
2023-06-26,6120,達運,2023-06-27,2023-07-10,14,10,5
2023-06-28,1471,首利,2023-06-29,2023-07-12,14,10,5
2023-06-28,2059,川湖,2023-06-29,2023-07-12,14,10,5
2023-06-29,1519,華城,2023-06-30,2023-07-13,14,10,5
2023-07-03,2059,川湖,2023-07-04,2023-07-17,14,10,20
2023-07-03,9105,泰金寶-DR,2023-07-04,2023-07-17,14,10,20
2023-07-04,8996,高力,2023-07-05,2023-07-18,14,10,20
2023-07-05,6451,訊芯-KY,2023-07-06,2023-07-19,14,10,5
2023-07-06,3013,晟銘電,2023-07-07,2023-07-20,14,10,5
2023-07-07,6117,迎廣,2023-07-10,2023-07-21,12,10,5
2023-07-10,3018,隆銘綠能,2023-07-11,2023-07-24,14,10,45
2023-07-13,3231,緯創,2023-07-14,2023-07-27,14,10,5
2023-07-17,1519,華城,2023-07-18,2023-07-31,14,10,20
2023-07-17,2388,威盛,2023-07-18,2023-07-31,14,10,5
2023-07-19,2356,英業達,2023-07-20,2023-08-02,14,10,5
2023-07-19,3706,神達,2023-07-20,2023-08-02,14,10,5
2023-07-20,040282,智原凱基2A購04,2023-07-21,2023-08-03,14,10,5
2023-07-20,6442,光聖,2023-07-21,2023-08-03,14,10,5
2023-07-20,6579,研揚,2023-07-21,2023-08-03,14,10,5
2023-07-21,2316,楠梓電,2023-07-24,2023-08-04,12,10,5
2023-07-24,3035,智原,2023-07-25,2023-08-09,16,12,5
2023-07-24,8210,勤誠,2023-07-25,2023-08-07,14,10,5
2023-07-25,8996,高力,2023-07-26,2023-08-08,14,10,20
2023-07-27,2421,建準,2023-07-28,2023-08-10,14,10,5
2023-07-27,9105,泰金寶-DR,2023-07-28,2023-08-10,14,10,20
2023-07-31,2329,華泰,2023-08-01,2023-08-14,14,10,5
2023-08-18,3043,科風,2023-08-21,2023-09-01,12,10,5
2023-08-24,6117,迎廣,2023-08-25,2023-09-11,18,12,5
2023-09-06,9103,美德醫療-DR,2023-09-07,2023-09-20,14,10,5
2023-09-07,2816,旺旺保,2023-09-08,2023-09-21,14,10,5
2023-09-08,2358,廷鑫,2023-09-11,2023-09-22,12,10,5
2023-09-28,050964,技嘉元大35購01,2023-10-02,2023-10-17,16,10,5
2023-09-28,9103,美德醫療-DR,2023-10-02,2023-10-17,16,10,20
2023-10-04,6117,迎廣,2023-10-05,2023-10-24,20,12,20
2023-10-05,9105,泰金寶-DR,2023-10-06,2023-10-23,18,10,5
2023-10-06,2417,圓剛,2023-10-11,2023-10-26,16,12,5
2023-10-17,2363,矽統,2023-10-18,2023-11-02,16,12,5
2023-10-18,2364,倫飛,2023-10-19,2023-11-01,14,10,5
2023-10-25,3041,揚智,2023-10-26,2023-11-08,14,10,5
2023-11-02,3715,定穎投控,2023-11-03,2023-11-16,14,10,5
2023-11-06,9103,美德醫療-DR,2023-11-07,2023-11-20,14,10,20
2023-11-07,911608,明輝-DR,2023-11-08,2023-11-21,14,10,5
2023-11-08,1449,佳和,2023-11-09,2023-11-22,14,10,5
2023-11-08,9105,泰金寶-DR,2023-11-09,2023-11-22,14,10,20
2023-11-17,1515,力山,2023-11-20,2023-12-05,16,12,5
2023-11-20,2543,皇昌,2023-11-21,2023-12-04,14,10,5
2023-11-22,8467,波力-KY,2023-11-23,2023-12-06,14,10,5
2023-11-23,2380,虹光,2023-11-24,2023-12-07,14,10,10
2023-11-23,9105,泰金寶-DR,2023-11-24,2023-12-07,14,10,20
2023-11-27,911608,明輝-DR,2023-11-28,2023-12-11,14,10,20
2023-11-28,3437,榮創,2023-11-29,2023-12-12,14,10,5
2023-11-28,9103,美德醫療-DR,2023-11-29,2023-12-12,14,10,20
2023-12-01,1325,恆大,2023-12-04,2023-12-15,12,10,5
2023-12-04,911868,同方友友-DR,2023-12-05,2023-12-18,14,10,5
2023-12-04,9919,康那香,2023-12-05,2023-12-20,16,12,5
2023-12-05,9103,美德醫療-DR,2023-12-06,2023-12-19,14,10,20
2023-12-07,6117,迎廣,2023-12-08,2023-12-21,14,10,5
2023-12-19,9103,美德醫療-DR,2023-12-20,2024-01-03,15,10,20
2024-01-02,911608,明輝-DR,2024-01-03,2024-01-16,14,10,20
2024-01-11,8467,波力-KY,2024-01-12,2024-01-29,18,12,5
2024-01-11,9103,美德醫療-DR,2024-01-12,2024-01-25,14,10,20
2024-01-25,9103,美德醫療-DR,2024-01-26,2024-02-19,25,10,20
2024-01-26,9105,泰金寶-DR,2024-01-29,2024-02-20,23,10,5
2024-01-29,9136,巨騰-DR,2024-01-30,2024-02-21,23,10,5
2024-02-02,1418,東華,2024-02-05,2024-02-27,23,10,5
2024-02-16,2465,麗臺,2024-02-19,2024-03-04,15,10,5
2024-02-16,6805,富世達,2024-02-19,2024-03-04,15,10,5
2024-02-19,2365,昆盈,2024-02-20,2024-03-07,17,12,5
2024-02-21,2465,麗臺,2024-02-22,2024-03-07,15,10,20
2024-02-22,3321,同泰,2024-02-23,2024-03-08,15,10,5
2024-02-22,5284,jpp-KY,2024-02-23,2024-03-08,15,10,5
2024-02-23,1519,華城,2024-02-26,2024-03-11,15,10,5
2024-02-23,1809,中釉,2024-02-26,2024-03-11,15,10,5
2024-02-23,6442,光聖,2024-02-26,2024-03-13,17,12,5
2024-02-26,4588,玖鼎電力,2024-02-27,2024-03-12,15,10,5
2024-02-29,1809,中釉,2024-03-01,2024-03-14,14,10,20
2024-03-05,1725,元禎,2024-03-06,2024-03-19,14,10,5
2024-03-07,3376,新日興,2024-03-08,2024-03-25,18,12,5
2024-03-08,069954,中興電中信38購01,2024-03-11,2024-03-22,12,10,5
2024-03-08,3013,晟銘電,2024-03-11,2024-03-26,16,12,5
2024-03-08,4943,康控-KY,2024-03-11,2024-03-22,12,10,45
2024-03-11,2417,圓剛,2024-03-12,2024-03-25,14,10,5
2024-03-12,2404,漢唐,2024-03-13,2024-03-26,14,10,5
2024-03-14,4994,傳奇,2024-03-15,2024-03-28,14,10,5
2024-03-18,1519,華城,2024-03-19,2024-04-03,16,12,20
2024-03-19,6230,尼得科超眾,2024-03-20,2024-04-02,14,10,5
2024-03-20,9103,美德醫療-DR,2024-03-21,2024-04-03,14,10,5
2024-03-22,1503,士電,2024-03-25,2024-04-09,16,10,5
2024-03-25,6753,龍德造船,2024-03-26,2024-04-10,16,10,5
2024-03-26,2359,所羅門,2024-03-27,2024-04-11,16,10,5
2024-03-28,1616,億泰,2024-03-29,2024-04-15,18,10,5
2024-04-02,6197,佳必琪,2024-04-03,2024-04-18,16,10,5
2024-04-08,2359,所羅門,2024-04-09,2024-04-22,14,10,20
2024-04-08,6139,亞翔,2024-04-09,2024-04-24,16,12,5
2024-04-09,1587,吉茂,2024-04-10,2024-04-23,14,10,5
2024-04-12,2363,矽統,2024-04-15,2024-04-26,12,10,5
2024-04-12,6949,沛爾生醫-創,2024-04-15,2024-04-26,12,10,5
2024-04-15,1453,大將,2024-04-16,2024-04-29,14,10,5
2024-04-15,1514,亞力,2024-04-16,2024-05-02,17,12,5
2024-04-16,3060,銘異,2024-04-17,2024-04-30,14,10,5
2024-04-18,6283,淳安,2024-04-19,2024-05-03,15,10,5
2024-04-19,4588,玖鼎電力,2024-04-22,2024-05-06,15,10,5
2024-04-19,9955,佳龍,2024-04-22,2024-05-06,15,10,5
2024-04-22,1617,榮星,2024-04-23,2024-05-07,15,10,5
2024-05-02,6230,尼得科超眾,2024-05-03,2024-05-16,14,10,20
2024-05-02,6552,易華電,2024-05-03,2024-05-20,18,12,5
2024-05-07,8996,高力,2024-05-08,2024-05-23,16,12,5
2024-05-08,6442,光聖,2024-05-09,2024-05-24,16,12,5
2024-05-13,4562,穎漢,2024-05-14,2024-05-27,14,10,5
2024-05-15,2615,萬海,2024-05-16,2024-05-31,16,12,5
2024-05-15,9103,美德醫療-DR,2024-05-16,2024-05-29,14,10,5
2024-05-16,2609,陽明,2024-05-17,2024-05-30,14,10,5
2024-05-16,6863,永道-KY,2024-05-17,2024-05-30,14,10,5
2024-05-20,2362,藍天,2024-05-21,2024-06-03,14,10,5
2024-05-21,6442,光聖,2024-05-22,2024-06-04,14,10,20
2024-05-21,6446,藥華藥,2024-05-22,2024-06-04,14,10,5
2024-05-22,2374,佳能,2024-05-23,2024-06-07,16,12,5
2024-05-23,8033,雷虎,2024-05-24,2024-06-06,14,10,5
2024-05-24,2359,所羅門,2024-05-27,2024-06-12,17,12,5
2024-05-27,2392,正崴,2024-05-28,2024-06-11,15,10,5
2024-05-28,2365,昆盈,2024-05-29,2024-06-12,15,10,5
2024-05-29,8374,羅昇,2024-05-30,2024-06-13,15,10,5
2024-05-29,9136,巨騰-DR,2024-05-30,2024-06-13,15,10,5
2024-05-30,8996,高力,2024-05-31,2024-06-14,15,10,20
2024-06-03,3312,弘憶股,2024-06-04,2024-06-20,17,12,5
2024-06-03,6695,芯鼎,2024-06-04,2024-06-18,15,10,5
2024-06-03,8374,羅昇,2024-06-04,2024-06-18,15,10,20
2024-06-04,6117,迎廣,2024-06-05,2024-06-19,15,10,5
2024-06-11,5484,慧友,2024-06-12,2024-06-25,14,10,5
2024-06-11,6442,光聖,2024-06-12,2024-06-27,16,12,20
2024-06-12,3229,晟鈦,2024-06-13,2024-06-26,14,10,5
2024-06-14,5484,慧友,2024-06-17,2024-06-28,12,10,20
2024-06-17,9105,泰金寶-DR,2024-06-18,2024-07-01,14,10,5
2024-06-18,1519,華城,2024-06-19,2024-07-04,16,12,5
2024-06-18,9103,美德醫療-DR,2024-06-19,2024-07-02,14,10,20
2024-06-18,911608,明輝-DR,2024-06-19,2024-07-02,14,10,5
2024-06-19,088432,第一銅凱基43購02,2024-06-20,2024-07-03,14,10,5
2024-06-19,2486,一詮,2024-06-20,2024-07-03,14,10,5
2024-06-20,6451,訊芯-KY,2024-06-21,2024-07-04,14,10,5
2024-06-21,2438,翔耀,2024-06-24,2024-07-05,12,10,5
2024-06-24,6598,ABC-KY,2024-06-25,2024-07-08,14,10,5
2024-06-26,2438,翔耀,2024-06-27,2024-07-10,14,10,20
2024-06-26,4526,東台,2024-06-27,2024-07-12,16,12,5
2024-06-26,6431,光麗-KY,2024-06-27,2024-07-10,14,10,5
2024-06-27,6869,雲豹能源,2024-06-28,2024-07-11,14,10,5
2024-06-27,911868,同方友友-DR,2024-06-28,2024-07-11,14,10,5
2024-06-28,3652,精聯,2024-07-01,2024-07-12,12,10,5
2024-07-01,9110,越南控-DR,2024-07-02,2024-07-15,14,10,10
2024-07-02,3686,達能,2024-07-03,2024-07-16,14,10,5
2024-07-02,6869,雲豹能源,2024-07-03,2024-07-18,16,12,20
2024-07-03,2429,銘旺科,2024-07-04,2024-07-17,14,10,5
2024-07-04,1587,吉茂,2024-07-05,2024-07-18,14,10,5
2024-07-04,2349,錸德,2024-07-05,2024-07-18,14,10,5
2024-07-04,6658,聯策,2024-07-05,2024-07-18,14,10,5
2024-07-05,2467,志聖,2024-07-08,2024-07-23,16,12,5
2024-07-05,3018,隆銘綠能,2024-07-08,2024-07-19,12,10,45
2024-07-05,5484,慧友,2024-07-08,2024-07-19,12,10,20
2024-07-05,6541,泰福-KY,2024-07-08,2024-07-19,12,10,10
2024-07-05,6698,旭暉應材,2024-07-08,2024-07-23,16,12,5
2024-07-05,8104,錸寶,2024-07-08,2024-07-19,12,10,5
2024-07-08,2486,一詮,2024-07-09,2024-07-22,14,10,20
2024-07-08,4562,穎漢,2024-07-09,2024-07-22,14,10,5
2024-07-08,8374,羅昇,2024-07-09,2024-07-22,14,10,20
2024-07-08,911608,明輝-DR,2024-07-09,2024-07-22,14,10,20
2024-07-09,2349,錸德,2024-07-10,2024-07-23,14,10,20
2024-07-10,6133,金橋,2024-07-11,2024-07-24,14,10,5
2024-07-11,3047,訊舟,2024-07-12,2024-07-25,14,10,5
2024-07-11,6937,天虹,2024-07-12,2024-07-25,14,10,5
2024-07-12,3593,力銘,2024-07-15,2024-07-26,12,10,5
2024-07-15,3535,晶彩科,2024-07-16,2024-07-29,14,10,5
2024-07-16,2243,宏旭-KY,2024-07-17,2024-07-30,14,10,5
2024-07-16,4927,泰鼎-KY,2024-07-17,2024-07-30,14,10,5
2024-07-16,5484,慧友,2024-07-17,2024-07-30,14,10,20
2024-07-17,6442,光聖,2024-07-18,2024-07-31,14,10,20
2024-07-19,069954,中興電中信38購01,2024-07-22,2024-08-02,12,10,5
2024-07-19,2243,宏旭-KY,2024-07-22,2024-08-02,12,10,20
2024-08-02,2524,京城,2024-08-05,2024-08-20,16,12,5
2024-08-08,1540,喬福,2024-08-09,2024-08-26,18,12,5
2024-08-09,911868,同方友友-DR,2024-08-12,2024-08-23,12,10,20
2024-08-15,6754,匯僑設計,2024-08-16,2024-08-29,14,10,5
2024-08-19,1225,福懋油,2024-08-20,2024-09-02,14,10,5
2024-08-20,9103,美德醫療-DR,2024-08-21,2024-09-03,14,10,5
2024-08-21,2438,翔耀,2024-08-22,2024-09-04,14,10,5
2024-08-27,9105,泰金寶-DR,2024-08-28,2024-09-10,14,10,5
2024-08-28,911608,明輝-DR,2024-08-29,2024-09-11,14,10,5
2024-08-29,2424,隴華,2024-08-30,2024-09-12,14,10,5
2024-08-29,3550,聯穎,2024-08-30,2024-09-12,14,10,5
2024-08-29,8039,台虹,2024-08-30,2024-09-12,14,10,5
2024-09-02,2425,承啟,2024-09-03,2024-09-16,14,10,5
2024-09-02,4526,東台,2024-09-03,2024-09-19,17,12,5
2024-09-02,4583,台灣精銳,2024-09-03,2024-09-16,14,10,5
2024-09-03,3450,聯鈞,2024-09-04,2024-09-20,17,12,5
2024-09-05,1735,日勝化,2024-09-06,2024-09-20,15,10,5
2024-09-06,4569,六方科-KY,2024-09-09,2024-09-23,15,10,5
2024-09-11,4569,六方科-KY,2024-09-12,2024-09-26,15,10,20
2024-09-16,8249,菱光,2024-09-18,2024-10-01,14,10,5
2024-09-18,070280,T50反1群益3B購02,2024-09-19,2024-10-02,14,10,5
2024-09-18,911608,明輝-DR,2024-09-19,2024-10-02,14,10,20
2024-09-19,8996,高力,2024-09-20,2024-10-03,14,10,5
2024-09-20,2033,佳大,2024-09-23,2024-10-04,12,10,5
2024-09-20,5234,達興材料,2024-09-23,2024-10-08,16,12,5
2024-09-23,1721,三晃,2024-09-24,2024-10-07,14,10,5
2024-09-24,3167,大量,2024-09-25,2024-10-11,17,12,5
2024-09-25,6706,惠特,2024-09-26,2024-10-09,14,10,5
2024-09-26,6969,成信實業*-創,2024-09-27,2024-10-11,15,10,5
2024-10-04,068389,T50反1元大3B購01,2024-10-07,2024-10-21,15,10,5
2024-10-07,5907,大洋-KY,2024-10-08,2024-10-22,15,10,5
2024-10-08,2929,淘帝-KY,2024-10-09,2024-10-23,15,10,5
2024-10-08,8404,百和興業-KY,2024-10-09,2024-10-23,15,10,5
2024-10-16,4956,光鋐,2024-10-17,2024-11-01,16,12,5
2024-10-18,6854,錼創科技-KY創,2024-10-21,2024-11-01,12,10,5
2024-10-22,4576,大銀微系統,2024-10-23,2024-11-07,16,12,5
2024-10-28,3447,展達,2024-10-29,2024-11-13,16,12,5
2024-11-01,2424,隴華,2024-11-04,2024-11-15,12,10,5
2024-11-05,6442,光聖,2024-11-06,2024-11-19,14,10,5
2024-11-12,6781,AES-KY,2024-11-13,2024-11-26,14,10,5
2024-11-15,6781,AES-KY,2024-11-18,2024-11-29,12,10,20
2024-11-22,3593,力銘,2024-11-25,2024-12-06,12,10,10
2024-11-27,3593,力銘,2024-11-28,2024-12-11,14,10,25
2024-11-29,8101,華冠,2024-12-02,2024-12-13,12,10,10
2024-12-04,8101,華冠,2024-12-05,2024-12-18,14,10,25
2024-12-06,6781,AES-KY,2024-12-09,2024-12-20,12,10,20
2024-12-09,6426,統新,2024-12-10,2024-12-23,14,10,5
2024-12-13,6442,光聖,2024-12-16,2024-12-31,16,12,20
2024-12-18,4540,全球傳動,2024-12-19,2025-01-06,19,12,5
2024-12-19,911608,明輝-DR,2024-12-20,2025-01-03,15,10,5
2024-12-20,3019,亞光,2024-12-23,2025-01-08,17,12,5
2024-12-23,4571,鈞興-KY,2024-12-24,2025-01-09,17,12,5
2024-12-24,2466,冠西電,2024-12-25,2025-01-08,15,10,5
2024-12-25,2250,IKKA-KY,2024-12-26,2025-01-09,15,10,5
2024-12-25,9103,美德醫療-DR,2024-12-26,2025-01-09,15,10,5
2024-12-27,2466,冠西電,2024-12-30,2025-01-13,15,10,20
2024-12-27,9136,巨騰-DR,2024-12-30,2025-01-13,15,10,5
2025-01-03,8033,雷虎,2025-01-06,2025-01-17,12,10,5
2025-01-08,6442,光聖,2025-01-09,2025-01-22,14,10,20
2025-01-09,6477,安集,2025-01-10,2025-02-05,27,12,5
2025-01-09,9103,美德醫療-DR,2025-01-10,2025-02-03,25,10,20
2025-01-10,8045,達運光電,2025-01-13,2025-02-04,23,10,5
2025-02-04,6558,興能高,2025-02-05,2025-02-18,14,10,5
2025-02-04,9103,美德醫療-DR,2025-02-05,2025-02-18,14,10,20
2025-02-11,6215,和椿,2025-02-12,2025-02-27,16,12,5
2025-02-14,2438,翔耀,2025-02-17,2025-03-03,15,10,5
2025-02-14,6854,錼創科技-KY創,2025-02-17,2025-03-03,15,10,5
2025-02-19,9103,美德醫療-DR,2025-02-20,2025-03-06,15,10,20
2025-02-19,911608,明輝-DR,2025-02-20,2025-03-06,15,10,5
2025-03-06,3321,同泰,2025-03-07,2025-03-20,14,10,10
2025-03-14,3528,安馳,2025-03-17,2025-04-01,16,12,5
2025-03-21,9103,美德醫療-DR,2025-03-24,2025-04-08,16,10,20
2025-03-24,2314,台揚,2025-03-25,2025-04-09,16,10,10
2025-03-24,4943,康控-KY,2025-03-25,2025-04-09,16,10,45
2025-03-25,8033,雷虎,2025-03-26,2025-04-14,20,12,5
2025-03-27,2314,台揚,2025-03-28,2025-04-14,18,10,25
2025-03-27,2468,華經,2025-03-28,2025-04-16,20,12,5
2025-03-27,4949,有成精密,2025-03-28,2025-04-14,18,10,5
2025-04-14,07076P,致茂凱基49售01,2025-04-15,2025-04-28,14,10,5
2025-04-14,3055,蔚華科,2025-04-15,2025-04-28,14,10,5
2025-04-14,6668,中揚光,2025-04-15,2025-04-28,14,10,5
2025-04-15,911608,明輝-DR,2025-04-16,2025-04-29,14,10,5
2025-04-21,6916,華凌,2025-04-22,2025-05-06,15,10,5
2025-05-05,07907P,AES統一4C售01,2025-05-06,2025-05-19,14,10,5
2025-05-15,6442,光聖,2025-05-16,2025-05-29,14,10,5
2025-05-16,911608,明輝-DR,2025-05-19,2025-06-02,15,10,20
2025-05-19,6591,動力-KY,2025-05-20,2025-06-03,15,10,5
2025-05-19,9103,美德醫療-DR,2025-05-20,2025-06-03,15,10,5
2025-05-22,036269,長榮凱基45購04,2025-05-23,2025-06-06,15,10,5
2025-05-23,1419,新紡,2025-05-26,2025-06-09,15,10,5
2025-05-27,062736,台光電台新46購03,2025-05-28,2025-06-11,15,10,5
2025-05-29,9902,台火,2025-06-02,2025-06-13,12,10,5
2025-06-02,1235,興泰,2025-06-03,2025-06-16,14,10,5
2025-06-09,6885,全福生技,2025-06-10,2025-06-23,14,10,5
2025-06-24,911608,明輝-DR,2025-06-25,2025-07-08,14,10,20
2025-06-25,3040,遠見,2025-06-26,2025-07-09,14,10,5
2025-06-26,2314,台揚,2025-06-27,2025-07-10,14,10,45
2025-07-04,074123,SGBR2X元大4C購01,2025-07-07,2025-07-18,12,10,5
2025-07-15,8499,鼎炫-KY,2025-07-16,2025-07-29,14,10,5
2025-07-16,3708,上緯投控,2025-07-17,2025-08-01,16,12,5
2025-07-17,6933,AMAX-KY,2025-07-18,2025-07-31,14,10,5
2025-07-18,8210,勤誠,2025-07-21,2025-08-01,12,10,5
2025-07-18,8499,鼎炫-KY,2025-07-21,2025-08-01,12,10,20
2025-07-22,6933,AMAX-KY,2025-07-23,2025-08-05,14,10,20
2025-07-24,4989,榮科,2025-07-25,2025-08-07,14,10,5
2025-07-24,6442,光聖,2025-07-25,2025-08-11,18,12,5
2025-07-31,6928,攸泰科技,2025-08-01,2025-08-18,18,12,5
2025-07-31,8033,雷虎,2025-08-01,2025-08-18,18,12,5
2025-07-31,8045,達運光電,2025-08-01,2025-08-14,14,10,5
2025-08-04,2429,銘旺科,2025-08-05,2025-08-20,16,12,5
2025-08-06,6949,沛爾生醫-創,2025-08-07,2025-08-20,14,10,5
2025-08-07,8033,雷虎,2025-08-08,2025-08-21,14,10,20
2025-08-08,8021,尖點,2025-08-11,2025-08-22,12,10,5
2025-08-11,2406,國碩,2025-08-12,2025-08-25,14,10,5
2025-08-11,2493,揚博,2025-08-12,2025-08-25,14,10,5
2025-08-11,6949,沛爾生醫-創,2025-08-12,2025-08-25,14,10,20
2025-08-14,6215,和椿,2025-08-15,2025-09-01,18,12,5
2025-08-18,2630,亞航,2025-08-19,2025-09-03,16,12,5
2025-08-18,3694,海華,2025-08-19,2025-09-03,16,12,5
2025-08-18,4989,榮科,2025-08-19,2025-09-01,14,10,20
2025-08-18,6283,淳安,2025-08-19,2025-09-01,14,10,5
2025-08-19,1717,長興,2025-08-20,2025-09-02,14,10,5
2025-08-19,1802,台玻,2025-08-20,2025-09-04,16,12,5
2025-08-19,911608,明輝-DR,2025-08-20,2025-09-02,14,10,5
2025-08-20,4722,國精化,2025-08-21,2025-09-03,14,10,5
2025-08-21,2380,虹光,2025-08-22,2025-09-04,14,10,45
2025-08-21,6213,聯茂,2025-08-22,2025-09-04,14,10,5
