date,stock_id,market_value
2025-01-02,3679,8350445343
2025-01-03,3679,8287423114
2025-01-06,3679,8413467572
2025-01-07,3679,8444978686
2025-01-08,3679,8697067602
2025-01-09,3679,8728578717
2025-01-10,3679,8949156518
2025-01-13,3679,9138223205
2025-01-14,3679,9138223205
2025-01-15,3679,9106712091
2025-01-16,3679,9043689862
2025-01-17,3679,9169734320
2025-01-20,3679,9169734320
2025-01-21,3679,9264267663
2025-01-22,3679,9138223205
2025-02-03,3679,9106712091
2025-02-04,3679,9358801007
2025-02-05,3679,9421823236
2025-02-06,3679,9327289892
2025-02-07,3679,9327289892
2025-02-10,3679,9516356579
2025-02-11,3679,9642401037
2025-02-12,3679,9484845465
2025-02-13,3679,9547867694
2025-02-14,3679,9610889923
2025-02-17,3679,9831467724
2025-02-18,3679,9831467724
2025-02-19,3679,9957512182
2025-02-20,3679,9862978839
2025-02-21,3679,9894489953
2025-02-24,3679,9831467724
2025-02-25,3679,9862978839
2025-02-26,3679,9989023297
2025-02-27,3679,10335645556
2025-03-03,3679,9516356579
2025-03-04,3679,9799956610
2025-03-05,3679,9894489953
2025-03-06,3679,10178089984
2025-03-07,3679,10020534411
2025-03-10,3679,10052045526
2025-03-11,3679,9862978839
2025-03-12,3679,9926001068
2025-03-13,3679,9831467724
2025-03-14,3679,9768445495
2025-03-17,3679,9673912152
2025-03-18,3679,9642401037
2025-03-19,3679,9516356579
2025-03-20,3679,9484845465
2025-03-21,3679,9453334350
2025-03-24,3679,9421823236
2025-03-25,3679,9390312121
2025-03-26,3679,9327289892
2025-03-27,3679,9264267663
2025-03-28,3679,9106712091
2025-03-31,3679,8823112060
2025-04-01,3679,8980667633
2025-04-02,3679,9075200976
2025-04-07,3679,8192889770
2025-04-08,3679,7531156366
2025-04-09,3679,7121511877
2025-04-10,3679,7814756396
2025-04-11,3679,8003823083
2025-04-14,3679,8129867541
2025-04-15,3679,8381956457
2025-04-16,3679,8255911999
2025-04-17,3679,8287423114
2025-04-18,3679,8444978686
2025-04-21,3679,8255911999
2025-04-22,3679,8287423114
2025-04-23,3679,8665556488
2025-04-24,3679,8602534259
2025-04-25,3679,8823112060
2025-04-28,3679,8760089831
2025-04-29,3679,8697067602
2025-04-30,3679,8634045373
2025-05-02,3679,8697067602
2025-05-05,3679,8413467572
2025-05-06,3679,8444978686
2025-05-07,3679,8413467572
2025-05-08,3679,8508000915
2025-05-09,3679,8602534259
2025-05-12,3679,8602534259
2025-05-13,3679,8665556488
2025-05-14,3679,8728578717
2025-05-15,3679,8791600946
2025-05-16,3679,8728578717
2025-05-19,3679,8665556488
2025-05-20,3679,8760089831
2025-05-21,3679,8760089831
2025-05-22,3679,8760089831
2025-05-23,3679,8697067602
2025-05-26,3679,8854623175
2025-05-27,3679,8791600946
2025-05-28,3679,8728578717
2025-05-29,3679,8697067602
2025-06-02,3679,8697067602
2025-06-03,3679,8697067602
2025-06-04,3679,8728578717
2025-06-05,3679,8791600946
2025-06-06,3679,8823112060
2025-06-09,3679,8760089831
2025-06-10,3679,8854623175
2025-06-11,3679,9106712091
2025-06-12,3679,8413467572
2025-06-13,3679,8161378656
2025-06-16,3679,8003823083
2025-06-17,3679,8035334198
2025-06-18,3679,8192889770
2025-06-19,3679,8066845312
2025-06-20,3679,7972311969
2025-06-23,3679,7909289740
2025-06-24,3679,8161378656
2025-06-25,3679,8066845312
2025-06-26,3679,8161378656
2025-06-27,3679,8161378656
2025-06-30,3679,8066845312
2025-07-01,3679,8224400885
2025-07-02,3679,8255911999
2025-07-03,3679,8287423114
2025-07-04,3679,8161378656
2025-07-07,3679,8098356427
2025-07-08,3679,7940800854
2025-07-09,3679,8066845312
2025-07-10,3679,7972311969
2025-07-11,3679,8003823083
2025-07-14,3679,7940800854
2025-07-15,3679,7972311969
2025-07-16,3679,7972311969
2025-07-17,3679,8161378656
2025-07-18,3679,8161378656
2025-07-21,3679,8192889770
2025-07-22,3679,8129867541
2025-07-23,3679,8444978686
2025-07-24,3679,8318934228
2025-07-25,3679,8350445343
2025-07-28,3679,7625689709
2025-07-29,3679,7688711938
2025-07-30,3679,7625689709
2025-07-31,3679,7342089679
2025-08-01,3679,7310578564
2025-08-04,3679,7279067450
2025-08-05,3679,7247556335
2025-08-06,3679,7184534106
2025-08-07,3679,7184534106
2025-08-08,3679,7153022992
2025-08-11,3679,7058489648
2025-08-12,3679,7121511877
2025-08-13,3679,7058489648
2025-08-14,3679,7090000763
2025-08-15,3679,7058489648
2025-08-18,3679,7121511877
2025-08-19,3679,7026978534
2025-08-20,3679,7090000763
2025-08-21,3679,7090000763
2025-08-22,3679,7090000763
2025-08-25,3679,7279067450
2025-08-26,3679,7279067450
2025-08-27,3679,7247556335
2025-08-28,3679,7342089679
2025-08-29,3679,7279067450
2025-09-01,3679,7121511877
2025-09-02,3679,7153022992
2025-09-03,3679,7153022992
2025-09-04,3679,7153022992
2025-09-05,3679,7184534106
2025-09-08,3679,7594178595
2025-09-09,3679,7436623022
2025-09-10,3679,7247556335
2025-09-11,3679,7121511877
2025-09-12,3679,7090000763
2025-09-15,3679,7121511877
2025-09-16,3679,7153022992
2025-09-17,3679,7184534106
2025-09-18,3679,7216045221
2025-09-19,3679,7184534106
2025-09-22,3679,7247556335
2025-09-23,3679,7247556335
2025-09-24,3679,7279067450
2025-09-25,3679,7279067450
2025-09-26,3679,7153022992
2025-09-30,3679,7247556335
2025-10-01,3679,7247556335
2025-10-02,3679,7342089679
2025-10-03,3679,7184534106
2025-10-07,3679,7279067450
2025-10-08,3679,7310578564
2025-10-09,3679,7216045221
2025-10-13,3679,7247556335
2025-10-14,3679,7436623022
2025-10-15,3679,7468134137
2025-10-16,3679,7625689709
2025-10-17,3679,7531156366
2025-10-20,3679,7499645251
2025-10-21,3679,7499645251
2025-10-22,3679,7531156366
2025-10-23,3679,7531156366
2025-10-27,3679,7625689709
2025-10-28,3679,7531156366
2025-10-29,3679,7814756396
2025-10-30,3679,7846267511
2025-10-31,3679,8003823083
2025-11-03,3679,7783245282
2025-11-04,3679,7657200824
2025-11-05,3679,7720223053
2025-11-06,3679,7877778625
2025-11-07,3679,7814756396
2025-11-10,3679,7531156366
2025-11-11,3679,7373600793
2025-11-12,3679,7405111908
2025-11-13,3679,7279067450
2025-11-14,3679,7216045221
2025-11-17,3679,7216045221
2025-11-18,3679,7184534106
2025-11-19,3679,7153022992
2025-11-20,3679,7247556335
2025-11-21,3679,7121511877
2025-11-24,3679,7184534106
2025-11-25,3679,7184534106
2025-11-26,3679,7216045221
2025-11-27,3679,7279067450
2025-11-28,3679,7342089679
2025-12-01,3679,7310578564
2025-12-02,3679,7373600793
2025-12-03,3679,7373600793
2025-12-04,3679,7373600793
2025-12-05,3679,7405111908
2025-12-08,3679,7373600793
2025-12-09,3679,7373600793
2025-12-10,3679,7216045221
2025-12-11,3679,7184534106
2025-12-12,3679,7121511877
2025-12-15,3679,7247556335
2025-12-16,3679,7342089679
2025-12-17,3679,7247556335
2025-12-18,3679,7153022992
2025-12-19,3679,7216045221
2025-12-22,3679,7247556335
2025-12-23,3679,7184534106
2025-12-24,3679,7121511877
2025-12-26,3679,7184534106
2025-12-29,3679,7216045221
2025-12-30,3679,7184534106
2025-12-31,3679,7153022992
