date,broker_id,stock_id
2025-06-02,1480,1235
2025-06-02,700C,1235
2025-06-02,8440,1235
2025-06-02,1440,1235
2025-06-02,7790,1235
2025-06-02,1650,1235
2025-06-02,8150,1235
2025-06-02,8888,1235
2025-06-02,9268,1235
2025-06-02,9800,1235
2025-06-02,1440,2314
2025-06-02,1480,2314
2025-06-02,8440,2314
2025-06-02,8560,2314
2025-06-02,7790,2314
2025-06-02,8150,2314
2025-06-02,9268,2314
2025-06-02,8888,2314
2025-06-02,9800,2314
2025-06-02,1560,3040
2025-06-02,8440,3040
2025-06-02,1440,3040
2025-06-02,1650,3040
2025-06-02,5854,3040
2025-06-02,8560,3040
2025-06-02,8888,3040
2025-06-02,1480,3040
2025-06-02,7790,3040
2025-06-02,9268,3040
2025-06-02,9800,3040
2025-06-02,1440,3081
2025-06-02,5850,3081
2025-06-02,8150,3081
2025-06-02,8560,3081
2025-06-02,1480,3081
2025-06-02,1560,3081
2025-06-02,1650,3081
2025-06-02,8440,3081
2025-06-02,8880,3081
2025-06-02,9600,3081
2025-06-02,9666,3081
2025-06-02,9A9R,3081
2025-06-02,9101,3081
2025-06-02,9268,3081
2025-06-02,9692,3081
2025-06-02,9800,3081
2025-06-02,8888,3081
2025-06-02,9227,3081
2025-06-02,980K,3081
2025-06-02,9A89,3081
2025-06-02,1560,3363
2025-06-02,5854,3363
2025-06-02,7790,3363
2025-06-02,8150,3363
2025-06-02,1440,3363
2025-06-02,1480,3363
2025-06-02,585U,3363
2025-06-02,779Z,3363
2025-06-02,8440,3363
2025-06-02,8560,3363
2025-06-02,1650,3363
2025-06-02,5850,3363
2025-06-02,5920,3363
2025-06-02,592A,3363
2025-06-02,700C,3363
2025-06-02,8888,3363
2025-06-02,9692,3363
2025-06-02,9800,3363
2025-06-02,980K,3363
2025-06-02,9268,3363
2025-06-02,9600,3363
2025-06-02,9A89,3363
2025-06-02,8880,3363
2025-06-02,918E,3363
2025-06-02,9227,3363
2025-06-02,9300,3363
2025-06-02,9A9R,3363
2025-06-02,5854,4168
2025-06-02,700C,4168
2025-06-02,7790,4168
2025-06-02,1480,4168
2025-06-02,5850,4168
2025-06-02,8150,4168
2025-06-02,8440,4168
2025-06-02,8560,4168
2025-06-02,9300,4168
2025-06-02,9600,4168
2025-06-02,9666,4168
2025-06-02,9692,4168
2025-06-02,918E,4168
2025-06-02,9227,4168
2025-06-02,9268,4168
2025-06-02,8888,4168
2025-06-02,9101,4168
2025-06-02,9800,4168
2025-06-02,980K,4168
2025-06-02,8888,4804
2025-06-02,1440,6276
2025-06-02,1650,6276
2025-06-02,5850,6276
2025-06-02,585U,6276
2025-06-02,592A,6276
2025-06-02,1480,6276
2025-06-02,8150,6276
2025-06-02,8560,6276
2025-06-02,8888,6276
2025-06-02,1560,6276
2025-06-02,5854,6276
2025-06-02,7790,6276
2025-06-02,8440,6276
2025-06-02,8880,6276
2025-06-02,9268,6276
2025-06-02,980K,6276
2025-06-02,9A89,6276
2025-06-02,9227,6276
2025-06-02,9300,6276
2025-06-02,9600,6276
2025-06-02,9692,6276
2025-06-02,9800,6276
2025-06-02,9101,6276
2025-06-02,918E,6276
2025-06-02,9666,6276
2025-06-02,8150,6499
2025-06-02,8560,6499
2025-06-02,1480,6499
2025-06-02,1650,6499
2025-06-02,592A,6499
2025-06-02,700C,6499
2025-06-02,779Z,6499
2025-06-02,8880,6499
2025-06-02,8888,6499
2025-06-02,5850,6499
2025-06-02,5920,6499
2025-06-02,9300,6499
2025-06-02,9692,6499
2025-06-02,918E,6499
2025-06-02,980K,6499
2025-06-02,9A9R,6499
2025-06-02,9101,6499
2025-06-02,9227,6499
2025-06-02,9268,6499
2025-06-02,9600,6499
2025-06-02,9666,6499
2025-06-02,9800,6499
2025-06-02,1440,6593
2025-06-02,1560,6593
2025-06-02,5850,6593
2025-06-02,5854,6593
2025-06-02,5920,6593
2025-06-02,7790,6593
2025-06-02,8440,6593
2025-06-02,1480,6593
2025-06-02,1650,6593
2025-06-02,585U,6593
2025-06-02,592A,6593
2025-06-02,700C,6593
2025-06-02,8880,6593
2025-06-02,8150,6593
2025-06-02,8888,6593
2025-06-02,9300,6593
2025-06-02,9600,6593
2025-06-02,9666,6593
2025-06-02,9800,6593
2025-06-02,9101,6593
2025-06-02,918E,6593
2025-06-02,9268,6593
2025-06-02,980K,6593
2025-06-02,8560,6593
2025-06-02,9227,6593
2025-06-02,9692,6593
2025-06-02,9A89,6593
2025-06-02,5854,6739
2025-06-02,5920,6739
2025-06-02,1480,6739
2025-06-02,8150,6739
2025-06-02,8440,6739
2025-06-02,1440,6739
2025-06-02,1560,6739
2025-06-02,1650,6739
2025-06-02,5850,6739
2025-06-02,7790,6739
2025-06-02,8560,6739
2025-06-02,9227,6739
2025-06-02,9268,6739
2025-06-02,9666,6739
2025-06-02,9300,6739
2025-06-02,9692,6739
2025-06-02,8888,6739
2025-06-02,9800,6739
2025-06-02,700C,6885
2025-06-02,7790,6885
2025-06-02,8150,6885
2025-06-02,1480,6885
2025-06-02,1560,6885
2025-06-02,5850,6885
2025-06-02,8440,6885
2025-06-02,1440,6885
2025-06-02,1650,6885
2025-06-02,8560,6885
2025-06-02,9227,6885
2025-06-02,9666,6885
2025-06-02,8888,6885
2025-06-02,9268,6885
2025-06-02,9300,6885
2025-06-02,7790,6895
2025-06-02,8150,6895
2025-06-02,1480,6895
2025-06-02,1560,6895
2025-06-02,1440,6895
2025-06-02,1650,6895
2025-06-02,8560,6895
2025-06-02,9800,6895
2025-06-02,9268,6895
2025-06-02,8150,7642
2025-06-02,8440,7642
2025-06-02,5920,7642
2025-06-02,7790,7642
2025-06-02,8560,7642
2025-06-02,9101,7642
2025-06-02,585U,7642
2025-06-02,592A,7642
2025-06-02,8880,7642
2025-06-02,9227,7642
2025-06-02,9300,7642
2025-06-02,980K,7642
2025-06-02,8888,7642
2025-06-02,9268,7642
2025-06-02,9600,7642
2025-06-02,9666,7642
2025-06-02,9800,7642
2025-06-02,9A89,7642
2025-06-03,8560,1235
2025-06-03,9268,1235
2025-06-03,9800,1235
2025-06-03,1440,2314
2025-06-03,8150,2314
2025-06-03,8560,2314
2025-06-03,980K,2314
2025-06-03,1480,2314
2025-06-03,592A,2314
2025-06-03,9268,2314
2025-06-03,8440,2314
2025-06-03,8888,2314
2025-06-03,1440,3040
2025-06-03,1480,3040
2025-06-03,1560,3040
2025-06-03,8440,3040
2025-06-03,8560,3040
2025-06-03,1650,3040
2025-06-03,5850,3040
2025-06-03,7790,3040
2025-06-03,9692,3040
2025-06-03,8150,3040
2025-06-03,8888,3040
2025-06-03,9268,3040
2025-06-03,1480,3081
2025-06-03,1440,3081
2025-06-03,8888,3081
2025-06-03,9268,3081
2025-06-03,9600,3081
2025-06-03,9800,3081
2025-06-03,980K,3081
2025-06-03,5850,3081
2025-06-03,8150,3081
2025-06-03,8560,3081
2025-06-03,9692,3081
2025-06-03,9A9R,3081
2025-06-03,1440,3363
2025-06-03,1560,3363
2025-06-03,585U,3363
2025-06-03,5920,3363
2025-06-03,592A,3363
2025-06-03,5854,3363
2025-06-03,700C,3363
2025-06-03,7790,3363
2025-06-03,8560,3363
2025-06-03,918E,3363
2025-06-03,1480,3363
2025-06-03,1650,3363
2025-06-03,5850,3363
2025-06-03,779Z,3363
2025-06-03,8150,3363
2025-06-03,8888,3363
2025-06-03,9101,3363
2025-06-03,9227,3363
2025-06-03,9268,3363
2025-06-03,9600,3363
2025-06-03,9666,3363
2025-06-03,9800,3363
2025-06-03,980K,3363
2025-06-03,8440,3363
2025-06-03,8880,3363
2025-06-03,9300,3363
2025-06-03,9692,3363
2025-06-03,9A89,3363
2025-06-03,9A9R,3363
2025-06-03,1560,4168
2025-06-03,5850,4168
2025-06-03,585U,4168
2025-06-03,7790,4168
2025-06-03,9101,4168
2025-06-03,9227,4168
2025-06-03,9268,4168
2025-06-03,9300,4168
2025-06-03,8440,4168
2025-06-03,8888,4168
2025-06-03,8150,4168
2025-06-03,8560,4168
2025-06-03,9666,4168
2025-06-03,9692,4168
2025-06-03,980K,4804
2025-06-03,8888,4804
2025-06-03,1440,6276
2025-06-03,1560,6276
2025-06-03,1650,6276
2025-06-03,1480,6276
2025-06-03,8150,6276
2025-06-03,8888,6276
2025-06-03,9692,6276
2025-06-03,9800,6276
2025-06-03,980K,6276
2025-06-03,592A,6276
2025-06-03,8880,6276
2025-06-03,9227,6276
2025-06-03,9666,6276
2025-06-03,8440,6276
2025-06-03,8560,6276
2025-06-03,9268,6276
2025-06-03,1480,6499
2025-06-03,1650,6499
2025-06-03,8560,6499
2025-06-03,8880,6499
2025-06-03,9101,6499
2025-06-03,9268,6499
2025-06-03,9300,6499
2025-06-03,9666,6499
2025-06-03,9800,6499
2025-06-03,980K,6499
2025-06-03,5850,6499
2025-06-03,5920,6499
2025-06-03,592A,6499
2025-06-03,918E,6499
2025-06-03,9227,6499
2025-06-03,9692,6499
2025-06-03,9A89,6499
2025-06-03,8150,6499
2025-06-03,8440,6499
2025-06-03,8888,6499
2025-06-03,9600,6499
2025-06-03,585U,6593
2025-06-03,1480,6593
2025-06-03,5850,6593
2025-06-03,779Z,6593
2025-06-03,8560,6593
2025-06-03,8880,6593
2025-06-03,9600,6593
2025-06-03,9666,6593
2025-06-03,980K,6593
2025-06-03,5854,6593
2025-06-03,5920,6593
2025-06-03,700C,6593
2025-06-03,8150,6593
2025-06-03,8888,6593
2025-06-03,9101,6593
2025-06-03,9268,6593
2025-06-03,9300,6593
2025-06-03,9692,6593
2025-06-03,9A89,6593
2025-06-03,7790,6593
2025-06-03,9800,6593
2025-06-03,1440,6739
2025-06-03,1480,6739
2025-06-03,5920,6739
2025-06-03,5850,6739
2025-06-03,7790,6739
2025-06-03,779Z,6739
2025-06-03,8150,6739
2025-06-03,9666,6739
2025-06-03,9800,6739
2025-06-03,980K,6739
2025-06-03,1560,6739
2025-06-03,1650,6739
2025-06-03,8440,6739
2025-06-03,8888,6739
2025-06-03,9227,6739
2025-06-03,592A,6739
2025-06-03,8560,6739
2025-06-03,9268,6739
2025-06-03,9692,6739
2025-06-03,1440,6885
2025-06-03,1480,6885
2025-06-03,1560,6885
2025-06-03,1650,6885
2025-06-03,5854,6885
2025-06-03,8440,6885
2025-06-03,918E,6885
2025-06-03,9600,6885
2025-06-03,9692,6885
2025-06-03,5850,6885
2025-06-03,7790,6885
2025-06-03,8560,6885
2025-06-03,8888,6885
2025-06-03,9101,6885
2025-06-03,9268,6885
2025-06-03,9300,6885
2025-06-03,9800,6885
2025-06-03,8150,6885
2025-06-03,1480,6895
2025-06-03,1560,6895
2025-06-03,1650,6895
2025-06-03,700C,6895
2025-06-03,8440,6895
2025-06-03,1440,6895
2025-06-03,7790,6895
2025-06-03,8560,6895
2025-06-03,9268,6895
2025-06-03,9800,6895
2025-06-03,8150,6895
2025-06-03,5920,7642
2025-06-03,700C,7642
2025-06-03,8560,7642
2025-06-03,8888,7642
2025-06-03,7790,7642
2025-06-03,8440,7642
2025-06-03,9101,7642
2025-06-03,9800,7642
2025-06-03,9A89,7642
2025-06-03,592A,7642
2025-06-03,8880,7642
2025-06-03,9268,7642
2025-06-03,9300,7642
2025-06-03,9666,7642
2025-06-04,7790,1235
2025-06-04,592A,1235
2025-06-04,8440,1235
2025-06-04,8560,1235
2025-06-04,9268,1235
2025-06-04,8888,1235
2025-06-04,1440,2314
2025-06-04,1480,2314
2025-06-04,5850,2314
2025-06-04,8150,2314
2025-06-04,8440,2314
2025-06-04,8560,2314
2025-06-04,9268,2314
2025-06-04,8888,2314
2025-06-04,918E,2314
2025-06-04,9227,2314
2025-06-04,1480,3040
2025-06-04,1440,3040
2025-06-04,1650,3040
2025-06-04,1560,3040
2025-06-04,8150,3040
2025-06-04,9268,3040
2025-06-04,9300,3040
2025-06-04,7790,3040
2025-06-04,9800,3040
2025-06-04,8440,3040
2025-06-04,8560,3040
2025-06-04,8888,3040
2025-06-04,9692,3040
2025-06-04,980K,3040
2025-06-04,1480,3081
2025-06-04,5850,3081
2025-06-04,585U,3081
2025-06-04,592A,3081
2025-06-04,700C,3081
2025-06-04,7790,3081
2025-06-04,779Z,3081
2025-06-04,1440,3081
2025-06-04,1560,3081
2025-06-04,8150,3081
2025-06-04,8440,3081
2025-06-04,8888,3081
2025-06-04,9227,3081
2025-06-04,9300,3081
2025-06-04,1650,3081
2025-06-04,5854,3081
2025-06-04,5920,3081
2025-06-04,8880,3081
2025-06-04,9101,3081
2025-06-04,9268,3081
2025-06-04,9600,3081
2025-06-04,9800,3081
2025-06-04,8560,3081
2025-06-04,918E,3081
2025-06-04,9A9R,3081
2025-06-04,9666,3081
2025-06-04,9692,3081
2025-06-04,980K,3081
2025-06-04,9A89,3081
2025-06-04,1560,3363
2025-06-04,1440,3363
2025-06-04,5850,3363
2025-06-04,585U,3363
2025-06-04,592A,3363
2025-06-04,700C,3363
2025-06-04,1480,3363
2025-06-04,1650,3363
2025-06-04,5920,3363
2025-06-04,7790,3363
2025-06-04,8150,3363
2025-06-04,9101,3363
2025-06-04,9227,3363
2025-06-04,5854,3363
2025-06-04,779Z,3363
2025-06-04,8888,3363
2025-06-04,9692,3363
2025-06-04,980K,3363
2025-06-04,8440,3363
2025-06-04,8560,3363
2025-06-04,8880,3363
2025-06-04,918E,3363
2025-06-04,9268,3363
2025-06-04,9300,3363
2025-06-04,9600,3363
2025-06-04,9666,3363
2025-06-04,9A89,3363
2025-06-04,9A9R,3363
2025-06-04,9800,3363
2025-06-04,5854,4168
2025-06-04,1560,4168
2025-06-04,1650,4168
2025-06-04,7790,4168
2025-06-04,779Z,4168
2025-06-04,8150,4168
2025-06-04,8880,4168
2025-06-04,8888,4168
2025-06-04,918E,4168
2025-06-04,5850,4168
2025-06-04,585U,4168
2025-06-04,592A,4168
2025-06-04,700C,4168
2025-06-04,8560,4168
2025-06-04,9101,4168
2025-06-04,9227,4168
2025-06-04,9268,4168
2025-06-04,9300,4168
2025-06-04,9692,4168
2025-06-04,8440,4168
2025-06-04,9800,4168
2025-06-04,980K,4168
2025-06-04,9666,4168
2025-06-04,9A9R,4168
2025-06-04,8150,4804
2025-06-04,8888,4804
2025-06-04,1440,6276
2025-06-04,1480,6276
2025-06-04,5854,6276
2025-06-04,5920,6276
2025-06-04,592A,6276
2025-06-04,1650,6276
2025-06-04,779Z,6276
2025-06-04,8880,6276
2025-06-04,9268,6276
2025-06-04,1560,6276
2025-06-04,5850,6276
2025-06-04,8150,6276
2025-06-04,9101,6276
2025-06-04,8440,6276
2025-06-04,8560,6276
2025-06-04,8888,6276
2025-06-04,918E,6276
2025-06-04,9227,6276
2025-06-04,9300,6276
2025-06-04,9666,6276
2025-06-04,9692,6276
2025-06-04,980K,6276
2025-06-04,9A89,6276
2025-06-04,9600,6276
2025-06-04,9800,6276
2025-06-04,1480,6499
2025-06-04,5854,6499
2025-06-04,585U,6499
2025-06-04,5850,6499
2025-06-04,5920,6499
2025-06-04,779Z,6499
2025-06-04,1650,6499
2025-06-04,8560,6499
2025-06-04,9268,6499
2025-06-04,9692,6499
2025-06-04,8150,6499
2025-06-04,8440,6499
2025-06-04,8880,6499
2025-06-04,8888,6499
2025-06-04,9101,6499
2025-06-04,9227,6499
2025-06-04,9300,6499
2025-06-04,980K,6499
2025-06-04,9600,6499
2025-06-04,9800,6499
2025-06-04,5850,6593
2025-06-04,779Z,6593
2025-06-04,8150,6593
2025-06-04,1480,6593
2025-06-04,5854,6593
2025-06-04,8560,6593
2025-06-04,9268,6593
2025-06-04,9600,6593
2025-06-04,700C,6593
2025-06-04,9666,6593
2025-06-04,9692,6593
2025-06-04,8888,6593
2025-06-04,9800,6593
2025-06-04,980K,6593
2025-06-04,9A89,6593
2025-06-04,9A9R,6593
2025-06-04,1440,6739
2025-06-04,1480,6739
2025-06-04,779Z,6739
2025-06-04,1560,6739
2025-06-04,7790,6739
2025-06-04,8888,6739
2025-06-04,1650,6739
2025-06-04,5850,6739
2025-06-04,700C,6739
2025-06-04,8440,6739
2025-06-04,9268,6739
2025-06-04,9666,6739
2025-06-04,8150,6739
2025-06-04,8560,6739
2025-06-04,9101,6739
2025-06-04,9800,6739
2025-06-04,9692,6739
2025-06-04,1560,6885
2025-06-04,7790,6885
2025-06-04,8560,6885
2025-06-04,8888,6885
2025-06-04,9268,6885
2025-06-04,9300,6885
2025-06-04,8150,6885
2025-06-04,9600,6885
2025-06-04,9800,6885
2025-06-04,1560,6895
2025-06-04,7790,6895
2025-06-04,1650,6895
2025-06-04,8440,6895
2025-06-04,8560,6895
2025-06-04,9268,6895
2025-06-04,1480,6895
2025-06-04,9800,6895
2025-06-04,585U,7642
2025-06-04,8150,7642
2025-06-04,9227,7642
2025-06-04,9268,7642
2025-06-04,9300,7642
2025-06-04,5920,7642
2025-06-04,592A,7642
2025-06-04,7790,7642
2025-06-04,779Z,7642
2025-06-04,8880,7642
2025-06-04,8888,7642
2025-06-04,8440,7642
2025-06-04,8560,7642
2025-06-04,918E,7642
2025-06-04,9666,7642
2025-06-04,9692,7642
2025-06-04,9800,7642
2025-06-04,980K,7642
2025-06-05,8888,1235
2025-06-05,9800,1235
2025-06-05,8440,2314
2025-06-05,1480,2314
2025-06-05,5854,2314
2025-06-05,1440,2314
2025-06-05,5850,2314
2025-06-05,5920,2314
2025-06-05,8150,2314
2025-06-05,8888,2314
2025-06-05,8560,2314
2025-06-05,9268,2314
2025-06-05,1650,3040
2025-06-05,7790,3040
2025-06-05,8150,3040
2025-06-05,1440,3040
2025-06-05,1480,3040
2025-06-05,1560,3040
2025-06-05,8560,3040
2025-06-05,9268,3040
2025-06-05,9300,3040
2025-06-05,8888,3040
2025-06-05,980K,3040
2025-06-05,1560,3081
2025-06-05,1650,3081
2025-06-05,5850,3081
2025-06-05,585U,3081
2025-06-05,779Z,3081
2025-06-05,8440,3081
2025-06-05,1480,3081
2025-06-05,5854,3081
2025-06-05,7790,3081
2025-06-05,8150,3081
2025-06-05,1440,3081
2025-06-05,5920,3081
2025-06-05,592A,3081
2025-06-05,700C,3081
2025-06-05,8880,3081
2025-06-05,9101,3081
2025-06-05,918E,3081
2025-06-05,8560,3081
2025-06-05,8888,3081
2025-06-05,9300,3081
2025-06-05,9A89,3081
2025-06-05,9A9R,3081
2025-06-05,9227,3081
2025-06-05,9268,3081
2025-06-05,9600,3081
2025-06-05,9666,3081
2025-06-05,9692,3081
2025-06-05,9800,3081
2025-06-05,980K,3081
2025-06-05,1650,3363
2025-06-05,592A,3363
2025-06-05,700C,3363
2025-06-05,8440,3363
2025-06-05,1560,3363
2025-06-05,5854,3363
2025-06-05,5920,3363
2025-06-05,7790,3363
2025-06-05,779Z,3363
2025-06-05,1440,3363
2025-06-05,1480,3363
2025-06-05,5850,3363
2025-06-05,585U,3363
2025-06-05,8150,3363
2025-06-05,918E,3363
2025-06-05,9300,3363
2025-06-05,9600,3363
2025-06-05,8560,3363
2025-06-05,8880,3363
2025-06-05,9101,3363
2025-06-05,9227,3363
2025-06-05,9268,3363
2025-06-05,9666,3363
2025-06-05,9800,3363
2025-06-05,980K,3363
2025-06-05,8888,3363
2025-06-05,9692,3363
2025-06-05,9A89,3363
2025-06-05,9A9R,3363
2025-06-05,1560,4168
2025-06-05,5854,4168
2025-06-05,700C,4168
2025-06-05,779Z,4168
2025-06-05,8440,4168
2025-06-05,1650,4168
2025-06-05,5850,4168
2025-06-05,592A,4168
2025-06-05,7790,4168
2025-06-05,8150,4168
2025-06-05,9101,4168
2025-06-05,9268,4168
2025-06-05,8888,4168
2025-06-05,8560,4168
2025-06-05,8880,4168
2025-06-05,918E,4168
2025-06-05,9692,4168
2025-06-05,9600,4168
2025-06-05,9666,4168
2025-06-05,9800,4168
2025-06-05,980K,4168
2025-06-05,8560,4804
2025-06-05,8888,4804
2025-06-05,5920,6276
2025-06-05,8150,6276
2025-06-05,1560,6276
2025-06-05,5850,6276
2025-06-05,5854,6276
2025-06-05,592A,6276
2025-06-05,8440,6276
2025-06-05,1440,6276
2025-06-05,1480,6276
2025-06-05,1650,6276
2025-06-05,700C,6276
2025-06-05,7790,6276
2025-06-05,779Z,6276
2025-06-05,9268,6276
2025-06-05,8560,6276
2025-06-05,8888,6276
2025-06-05,9101,6276
2025-06-05,918E,6276
2025-06-05,9227,6276
2025-06-05,9800,6276
2025-06-05,8880,6276
2025-06-05,9300,6276
2025-06-05,9692,6276
2025-06-05,9A89,6276
2025-06-05,9600,6276
2025-06-05,9666,6276
2025-06-05,980K,6276
2025-06-05,5850,6499
2025-06-05,7790,6499
2025-06-05,1650,6499
2025-06-05,5854,6499
2025-06-05,585U,6499
2025-06-05,5920,6499
2025-06-05,8560,6499
2025-06-05,779Z,6499
2025-06-05,8150,6499
2025-06-05,8888,6499
2025-06-05,9300,6499
2025-06-05,8440,6499
2025-06-05,9101,6499
2025-06-05,9227,6499
2025-06-05,9268,6499
2025-06-05,9692,6499
2025-06-05,9800,6499
2025-06-05,9A9R,6499
2025-06-05,8880,6499
2025-06-05,9666,6499
2025-06-05,9A89,6499
2025-06-05,9600,6499
2025-06-05,980K,6499
2025-06-05,5850,6593
2025-06-05,8150,6593
2025-06-05,1480,6593
2025-06-05,700C,6593
2025-06-05,779Z,6593
2025-06-05,8888,6593
2025-06-05,9268,6593
2025-06-05,9692,6593
2025-06-05,9800,6593
2025-06-05,8560,6593
2025-06-05,9666,6593
2025-06-05,9600,6593
2025-06-05,980K,6593
2025-06-05,1560,6739
2025-06-05,779Z,6739
2025-06-05,8150,6739
2025-06-05,1480,6739
2025-06-05,1650,6739
2025-06-05,5850,6739
2025-06-05,1440,6739
2025-06-05,700C,6739
2025-06-05,7790,6739
2025-06-05,8440,6739
2025-06-05,8560,6739
2025-06-05,9268,6739
2025-06-05,8888,6739
2025-06-05,9666,6739
2025-06-05,9692,6739
2025-06-05,9800,6739
2025-06-05,1560,6885
2025-06-05,779Z,6885
2025-06-05,7790,6885
2025-06-05,8150,6885
2025-06-05,8440,6885
2025-06-05,918E,6885
2025-06-05,9227,6885
2025-06-05,9268,6885
2025-06-05,9300,6885
2025-06-05,980K,6885
2025-06-05,8560,6885
2025-06-05,8888,6885
2025-06-05,9101,6885
2025-06-05,9800,6885
2025-06-05,9A89,6885
2025-06-05,1560,6895
2025-06-05,1650,6895
2025-06-05,5850,6895
2025-06-05,585U,6895
2025-06-05,1480,6895
2025-06-05,7790,6895
2025-06-05,1440,6895
2025-06-05,8150,6895
2025-06-05,8440,6895
2025-06-05,9268,6895
2025-06-05,9600,6895
2025-06-05,980K,6895
2025-06-05,8888,6895
2025-06-05,9800,6895
2025-06-05,9300,6895
2025-06-05,9A89,6895
2025-06-05,592A,7642
2025-06-05,8440,7642
2025-06-05,7790,7642
2025-06-05,8150,7642
2025-06-05,8888,7642
2025-06-05,9268,7642
2025-06-05,8560,7642
2025-06-05,8880,7642
2025-06-05,9600,7642
2025-06-05,980K,7642
2025-06-05,9300,7642
2025-06-05,9666,7642
2025-06-05,9692,7642
2025-06-05,9800,7642
2025-06-06,9800,1235
2025-06-06,9A89,1235
2025-06-06,9268,1235
2025-06-06,1440,2314
2025-06-06,1480,2314
2025-06-06,5850,2314
2025-06-06,8560,2314
2025-06-06,8888,2314
2025-06-06,9268,2314
2025-06-06,9300,2314
2025-06-06,1440,3040
2025-06-06,5920,3040
2025-06-06,8560,3040
2025-06-06,1480,3040
2025-06-06,1560,3040
2025-06-06,1650,3040
2025-06-06,7790,3040
2025-06-06,8150,3040
2025-06-06,9300,3040
2025-06-06,980K,3040
2025-06-06,8888,3040
2025-06-06,9268,3040
2025-06-06,9800,3040
2025-06-06,1440,3081
2025-06-06,1480,3081
2025-06-06,5920,3081
2025-06-06,700C,3081
2025-06-06,8560,3081
2025-06-06,1650,3081
2025-06-06,779Z,3081
2025-06-06,8150,3081
2025-06-06,8440,3081
2025-06-06,8880,3081
2025-06-06,1560,3081
2025-06-06,5850,3081
2025-06-06,5854,3081
2025-06-06,585U,3081
2025-06-06,592A,3081
2025-06-06,7790,3081
2025-06-06,8888,3081
2025-06-06,9101,3081
2025-06-06,9600,3081
2025-06-06,9666,3081
2025-06-06,9800,3081
2025-06-06,9A89,3081
2025-06-06,9227,3081
2025-06-06,9268,3081
2025-06-06,9300,3081
2025-06-06,980K,3081
2025-06-06,9A9R,3081
2025-06-06,918E,3081
2025-06-06,9692,3081
2025-06-06,1440,3363
2025-06-06,1480,3363
2025-06-06,700C,3363
2025-06-06,8440,3363
2025-06-06,5850,3363
2025-06-06,5920,3363
2025-06-06,8560,3363
2025-06-06,1560,3363
2025-06-06,8150,3363
2025-06-06,8880,3363
2025-06-06,8888,3363
2025-06-06,9268,3363
2025-06-06,9800,3363
2025-06-06,918E,3363
2025-06-06,9300,3363
2025-06-06,9666,3363
2025-06-06,980K,3363
2025-06-06,7790,4168
2025-06-06,1440,4168
2025-06-06,585U,4168
2025-06-06,8150,4168
2025-06-06,5850,4168
2025-06-06,592A,4168
2025-06-06,8560,4168
2025-06-06,8880,4168
2025-06-06,8888,4168
2025-06-06,9692,4168
2025-06-06,9300,4168
2025-06-06,9666,4168
2025-06-06,9800,4168
2025-06-06,9227,4168
2025-06-06,9268,4168
2025-06-06,980K,4168
2025-06-06,8560,4804
2025-06-06,8888,4804
2025-06-06,9101,4804
2025-06-06,1440,6276
2025-06-06,1480,6276
2025-06-06,5854,6276
2025-06-06,585U,6276
2025-06-06,8150,6276
2025-06-06,8440,6276
2025-06-06,1560,6276
2025-06-06,1650,6276
2025-06-06,5850,6276
2025-06-06,7790,6276
2025-06-06,779Z,6276
2025-06-06,8888,6276
2025-06-06,5920,6276
2025-06-06,592A,6276
2025-06-06,8880,6276
2025-06-06,9101,6276
2025-06-06,918E,6276
2025-06-06,9268,6276
2025-06-06,9300,6276
2025-06-06,9692,6276
2025-06-06,980K,6276
2025-06-06,9A9R,6276
2025-06-06,8560,6276
2025-06-06,9227,6276
2025-06-06,9800,6276
2025-06-06,9600,6276
2025-06-06,9666,6276
2025-06-06,8440,6499
2025-06-06,585U,6499
2025-06-06,5920,6499
2025-06-06,779Z,6499
2025-06-06,8150,6499
2025-06-06,1480,6499
2025-06-06,1650,6499
2025-06-06,5850,6499
2025-06-06,5854,6499
2025-06-06,592A,6499
2025-06-06,7790,6499
2025-06-06,8560,6499
2025-06-06,8880,6499
2025-06-06,918E,6499
2025-06-06,9268,6499
2025-06-06,9800,6499
2025-06-06,980K,6499
2025-06-06,9A89,6499
2025-06-06,9A9R,6499
2025-06-06,8888,6499
2025-06-06,9101,6499
2025-06-06,9227,6499
2025-06-06,9300,6499
2025-06-06,9666,6499
2025-06-06,9692,6499
2025-06-06,1480,6593
2025-06-06,8150,6593
2025-06-06,5850,6593
2025-06-06,592A,6593
2025-06-06,779Z,6593
2025-06-06,8560,6593
2025-06-06,700C,6593
2025-06-06,8888,6593
2025-06-06,9227,6593
2025-06-06,980K,6593
2025-06-06,9268,6593
2025-06-06,9300,6593
2025-06-06,9692,6593
2025-06-06,9800,6593
2025-06-06,1440,6739
2025-06-06,1560,6739
2025-06-06,7790,6739
2025-06-06,779Z,6739
2025-06-06,8880,6739
2025-06-06,1480,6739
2025-06-06,1650,6739
2025-06-06,5850,6739
2025-06-06,700C,6739
2025-06-06,8150,6739
2025-06-06,8440,6739
2025-06-06,8560,6739
2025-06-06,8888,6739
2025-06-06,918E,6739
2025-06-06,9600,6739
2025-06-06,9800,6739
2025-06-06,9A89,6739
2025-06-06,9101,6739
2025-06-06,9300,6739
2025-06-06,9666,6739
2025-06-06,9692,6739
2025-06-06,980K,6739
2025-06-06,9227,6739
2025-06-06,9268,6739
2025-06-06,1440,6885
2025-06-06,1560,6885
2025-06-06,5850,6885
2025-06-06,5920,6885
2025-06-06,700C,6885
2025-06-06,779Z,6885
2025-06-06,1480,6885
2025-06-06,1650,6885
2025-06-06,592A,6885
2025-06-06,8440,6885
2025-06-06,8560,6885
2025-06-06,8888,6885
2025-06-06,5854,6885
2025-06-06,585U,6885
2025-06-06,7790,6885
2025-06-06,8150,6885
2025-06-06,9268,6885
2025-06-06,9600,6885
2025-06-06,9666,6885
2025-06-06,9A89,6885
2025-06-06,9300,6885
2025-06-06,9800,6885
2025-06-06,9A9R,6885
2025-06-06,9101,6885
2025-06-06,918E,6885
2025-06-06,9227,6885
2025-06-06,9692,6885
2025-06-06,980K,6885
2025-06-06,1560,6895
2025-06-06,1650,6895
2025-06-06,5850,6895
2025-06-06,1480,6895
2025-06-06,8440,6895
2025-06-06,1440,6895
2025-06-06,7790,6895
2025-06-06,8150,6895
2025-06-06,8888,6895
2025-06-06,9600,6895
2025-06-06,9A89,6895
2025-06-06,9268,6895
2025-06-06,9300,6895
2025-06-06,9800,6895
2025-06-06,9227,6895
2025-06-06,980K,6895
2025-06-06,779Z,7642
2025-06-06,8440,7642
2025-06-06,8150,7642
2025-06-06,585U,7642
2025-06-06,9300,7642
2025-06-06,9600,7642
2025-06-06,9666,7642
2025-06-06,8560,7642
2025-06-06,8888,7642
2025-06-09,9800,1235
2025-06-09,5920,1235
2025-06-09,9300,1235
2025-06-09,8440,2314
2025-06-09,8560,2314
2025-06-09,9268,2314
2025-06-09,9300,2314
2025-06-09,9666,2314
2025-06-09,8888,2314
2025-06-09,1440,3040
2025-06-09,1480,3040
2025-06-09,1650,3040
2025-06-09,8150,3040
2025-06-09,1560,3040
2025-06-09,5850,3040
2025-06-09,5920,3040
2025-06-09,7790,3040
2025-06-09,8440,3040
2025-06-09,8560,3040
2025-06-09,9268,3040
2025-06-09,9300,3040
2025-06-09,9800,3040
2025-06-09,8888,3040
2025-06-09,980K,3040
2025-06-09,1440,3081
2025-06-09,1560,3081
2025-06-09,1650,3081
2025-06-09,5850,3081
2025-06-09,5854,3081
2025-06-09,7790,3081
2025-06-09,8440,3081
2025-06-09,1480,3081
2025-06-09,5920,3081
2025-06-09,592A,3081
2025-06-09,700C,3081
2025-06-09,8150,3081
2025-06-09,585U,3081
2025-06-09,779Z,3081
2025-06-09,8560,3081
2025-06-09,8880,3081
2025-06-09,8888,3081
2025-06-09,9101,3081
2025-06-09,9268,3081
2025-06-09,9300,3081
2025-06-09,9666,3081
2025-06-09,9800,3081
2025-06-09,9A9R,3081
2025-06-09,918E,3081
2025-06-09,9227,3081
2025-06-09,9692,3081
2025-06-09,980K,3081
2025-06-09,9A89,3081
2025-06-09,1440,3363
2025-06-09,1480,3363
2025-06-09,5920,3363
2025-06-09,1560,3363
2025-06-09,5850,3363
2025-06-09,8440,3363
2025-06-09,8560,3363
2025-06-09,9227,3363
2025-06-09,9692,3363
2025-06-09,5854,3363
2025-06-09,779Z,3363
2025-06-09,8150,3363
2025-06-09,9A89,3363
2025-06-09,8888,3363
2025-06-09,9268,3363
2025-06-09,9666,3363
2025-06-09,980K,3363
2025-06-09,9A9R,3363
2025-06-09,700C,4168
2025-06-09,1480,4168
2025-06-09,5850,4168
2025-06-09,8150,4168
2025-06-09,8560,4168
2025-06-09,8888,4168
2025-06-09,7790,4168
2025-06-09,9692,4168
2025-06-09,8880,4168
2025-06-09,9268,4168
2025-06-09,980K,4168
2025-06-09,8888,4804
2025-06-09,9300,4804
2025-06-09,9101,4804
2025-06-09,9666,4804
2025-06-09,1440,6276
2025-06-09,1480,6276
2025-06-09,1560,6276
2025-06-09,1650,6276
2025-06-09,5854,6276
2025-06-09,585U,6276
2025-06-09,5920,6276
2025-06-09,7790,6276
2025-06-09,5850,6276
2025-06-09,592A,6276
2025-06-09,779Z,6276
2025-06-09,8150,6276
2025-06-09,8880,6276
2025-06-09,8888,6276
2025-06-09,9101,6276
2025-06-09,8440,6276
2025-06-09,9227,6276
2025-06-09,9268,6276
2025-06-09,9300,6276
2025-06-09,9600,6276
2025-06-09,980K,6276
2025-06-09,9A89,6276
2025-06-09,8560,6276
2025-06-09,9666,6276
2025-06-09,9692,6276
2025-06-09,9A9R,6276
2025-06-09,9800,6276
2025-06-09,1480,6499
2025-06-09,5854,6499
2025-06-09,585U,6499
2025-06-09,5920,6499
2025-06-09,5850,6499
2025-06-09,7790,6499
2025-06-09,779Z,6499
2025-06-09,8150,6499
2025-06-09,9666,6499
2025-06-09,9800,6499
2025-06-09,1650,6499
2025-06-09,700C,6499
2025-06-09,8880,6499
2025-06-09,9268,6499
2025-06-09,9A89,6499
2025-06-09,8440,6499
2025-06-09,8560,6499
2025-06-09,8888,6499
2025-06-09,9101,6499
2025-06-09,9300,6499
2025-06-09,9692,6499
2025-06-09,980K,6499
2025-06-09,1480,6593
2025-06-09,7790,6593
2025-06-09,592A,6593
2025-06-09,779Z,6593
2025-06-09,8150,6593
2025-06-09,8888,6593
2025-06-09,918E,6593
2025-06-09,9268,6593
2025-06-09,9300,6593
2025-06-09,5850,6593
2025-06-09,5920,6593
2025-06-09,700C,6593
2025-06-09,8560,6593
2025-06-09,9101,6593
2025-06-09,9800,6593
2025-06-09,980K,6593
2025-06-09,1480,6739
2025-06-09,1560,6739
2025-06-09,5854,6739
2025-06-09,8440,6739
2025-06-09,5850,6739
2025-06-09,7790,6739
2025-06-09,8560,6739
2025-06-09,8880,6739
2025-06-09,8888,6739
2025-06-09,9268,6739
2025-06-09,1650,6739
2025-06-09,8150,6739
2025-06-09,9666,6739
2025-06-09,9692,6739
2025-06-09,9800,6739
2025-06-09,9227,6739
2025-06-09,980K,6739
2025-06-09,1560,6885
2025-06-09,1440,6885
2025-06-09,1480,6885
2025-06-09,5850,6885
2025-06-09,5920,6885
2025-06-09,592A,6885
2025-06-09,8150,6885
2025-06-09,7790,6885
2025-06-09,8560,6885
2025-06-09,918E,6885
2025-06-09,1650,6885
2025-06-09,5854,6885
2025-06-09,585U,6885
2025-06-09,8440,6885
2025-06-09,8888,6885
2025-06-09,9101,6885
2025-06-09,9600,6885
2025-06-09,9692,6885
2025-06-09,9A89,6885
2025-06-09,9A9R,6885
2025-06-09,9268,6885
2025-06-09,9300,6885
2025-06-09,9666,6885
2025-06-09,9800,6885
2025-06-09,980K,6885
2025-06-09,1560,6895
2025-06-09,1440,6895
2025-06-09,1480,6895
2025-06-09,5850,6895
2025-06-09,8150,6895
2025-06-09,7790,6895
2025-06-09,8560,6895
2025-06-09,9692,6895
2025-06-09,1650,6895
2025-06-09,585U,6895
2025-06-09,8440,6895
2025-06-09,8888,6895
2025-06-09,9227,6895
2025-06-09,9268,6895
2025-06-09,9800,6895
2025-06-09,1440,7642
2025-06-09,5850,7642
2025-06-09,592A,7642
2025-06-09,1480,7642
2025-06-09,1560,7642
2025-06-09,1650,7642
2025-06-09,8888,7642
2025-06-09,9300,7642
2025-06-09,9692,7642
2025-06-09,585U,7642
2025-06-09,8150,7642
2025-06-09,8560,7642
2025-06-09,9600,7642
2025-06-09,9A9R,7642
2025-06-09,8440,7642
2025-06-09,9227,7642
2025-06-09,9666,7642
2025-06-09,980K,7642
2025-06-09,9800,7642
2025-06-10,8888,1235
2025-06-10,8150,1235
2025-06-10,9666,1235
2025-06-10,8440,2314
2025-06-10,592A,2314
2025-06-10,8150,2314
2025-06-10,8888,2314
2025-06-10,9692,2314
2025-06-10,8560,2314
2025-06-10,918E,2314
2025-06-10,9268,2314
2025-06-10,9300,2314
2025-06-10,1650,3040
2025-06-10,5850,3040
2025-06-10,1440,3040
2025-06-10,8560,3040
2025-06-10,1480,3040
2025-06-10,1560,3040
2025-06-10,8150,3040
2025-06-10,9268,3040
2025-06-10,7790,3040
2025-06-10,8440,3040
2025-06-10,8888,3040
2025-06-10,9300,3040
2025-06-10,9800,3040
2025-06-10,1560,3081
2025-06-10,1650,3081
2025-06-10,1480,3081
2025-06-10,585U,3081
2025-06-10,592A,3081
2025-06-10,7790,3081
2025-06-10,8440,3081
2025-06-10,8888,3081
2025-06-10,9101,3081
2025-06-10,1440,3081
2025-06-10,5850,3081
2025-06-10,5854,3081
2025-06-10,5920,3081
2025-06-10,700C,3081
2025-06-10,779Z,3081
2025-06-10,9227,3081
2025-06-10,8150,3081
2025-06-10,8560,3081
2025-06-10,8880,3081
2025-06-10,918E,3081
2025-06-10,9268,3081
2025-06-10,9300,3081
2025-06-10,9692,3081
2025-06-10,9800,3081
2025-06-10,980K,3081
2025-06-10,9A9R,3081
2025-06-10,9600,3081
2025-06-10,9666,3081
2025-06-10,9A89,3081
2025-06-10,5850,3363
2025-06-10,8440,3363
2025-06-10,8560,3363
2025-06-10,1480,3363
2025-06-10,8150,3363
2025-06-10,9268,3363
2025-06-10,5920,3363
2025-06-10,8888,3363
2025-06-10,9666,3363
2025-06-10,9692,3363
2025-06-10,980K,3363
2025-06-10,9A9R,3363
2025-06-10,9800,3363
2025-06-10,5850,4168
2025-06-10,700C,4168
2025-06-10,7790,4168
2025-06-10,8150,4168
2025-06-10,8560,4168
2025-06-10,8888,4168
2025-06-10,1480,4168
2025-06-10,9227,4168
2025-06-10,592A,4168
2025-06-10,9268,4168
2025-06-10,9800,4168
2025-06-10,8888,4804
2025-06-10,1480,6276
2025-06-10,1650,6276
2025-06-10,5850,6276
2025-06-10,1560,6276
2025-06-10,5854,6276
2025-06-10,585U,6276
2025-06-10,5920,6276
2025-06-10,592A,6276
2025-06-10,700C,6276
2025-06-10,7790,6276
2025-06-10,1440,6276
2025-06-10,779Z,6276
2025-06-10,8150,6276
2025-06-10,8440,6276
2025-06-10,8888,6276
2025-06-10,9227,6276
2025-06-10,9300,6276
2025-06-10,9600,6276
2025-06-10,9666,6276
2025-06-10,8560,6276
2025-06-10,8880,6276
2025-06-10,9101,6276
2025-06-10,918E,6276
2025-06-10,9268,6276
2025-06-10,9692,6276
2025-06-10,980K,6276
2025-06-10,9800,6276
2025-06-10,9A89,6276
2025-06-10,9A9R,6276
2025-06-10,1480,6499
2025-06-10,1650,6499
2025-06-10,5850,6499
2025-06-10,585U,6499
2025-06-10,700C,6499
2025-06-10,779Z,6499
2025-06-10,8880,6499
2025-06-10,8888,6499
2025-06-10,5854,6499
2025-06-10,5920,6499
2025-06-10,8150,6499
2025-06-10,8560,6499
2025-06-10,9227,6499
2025-06-10,9666,6499
2025-06-10,9101,6499
2025-06-10,9268,6499
2025-06-10,9800,6499
2025-06-10,9300,6499
2025-06-10,9692,6499
2025-06-10,980K,6499
2025-06-10,9A89,6499
2025-06-10,9A9R,6499
2025-06-10,7790,6593
2025-06-10,1480,6593
2025-06-10,5850,6593
2025-06-10,779Z,6593
2025-06-10,8150,6593
2025-06-10,8560,6593
2025-06-10,8888,6593
2025-06-10,9800,6593
2025-06-10,9A89,6593
2025-06-10,9268,6593
2025-06-10,980K,6593
2025-06-10,1440,6739
2025-06-10,1650,6739
2025-06-10,1480,6739
2025-06-10,1560,6739
2025-06-10,592A,6739
2025-06-10,700C,6739
2025-06-10,7790,6739
2025-06-10,8150,6739
2025-06-10,9227,6739
2025-06-10,9692,6739
2025-06-10,5850,6739
2025-06-10,5920,6739
2025-06-10,779Z,6739
2025-06-10,8440,6739
2025-06-10,8888,6739
2025-06-10,9268,6739
2025-06-10,9666,6739
2025-06-10,9800,6739
2025-06-10,5850,6885
2025-06-10,592A,6885
2025-06-10,8150,6885
2025-06-10,8888,6885
2025-06-10,5854,6885
2025-06-10,8560,6885
2025-06-10,980K,6885
2025-06-10,9101,6885
2025-06-10,918E,6885
2025-06-10,9268,6885
2025-06-10,9300,6885
2025-06-10,9666,6885
2025-06-10,9692,6885
2025-06-10,1440,6895
2025-06-10,1560,6895
2025-06-10,1650,6895
2025-06-10,5920,6895
2025-06-10,1480,6895
2025-06-10,5850,6895
2025-06-10,8888,6895
2025-06-10,585U,6895
2025-06-10,7790,6895
2025-06-10,8560,6895
2025-06-10,9268,6895
2025-06-10,9300,6895
2025-06-10,9800,6895
2025-06-10,9692,6895
2025-06-10,1560,7642
2025-06-10,8560,7642
2025-06-10,5850,7642
2025-06-10,592A,7642
2025-06-10,9227,7642
2025-06-10,8150,7642
2025-06-10,8888,7642
2025-06-10,9300,7642
2025-06-10,9666,7642
2025-06-10,9692,7642
2025-06-10,9A89,7642
2025-06-10,9800,7642
2025-06-10,980K,7642
2025-06-11,8150,1235
2025-06-11,5850,2314
2025-06-11,8150,2314
2025-06-11,8440,2314
2025-06-11,9268,2314
2025-06-11,592A,2314
2025-06-11,8560,2314
2025-06-11,8888,2314
2025-06-11,9300,2314
2025-06-11,9666,2314
2025-06-11,9692,2314
2025-06-11,1480,3040
2025-06-11,5920,3040
2025-06-11,1440,3040
2025-06-11,5854,3040
2025-06-11,7790,3040
2025-06-11,1560,3040
2025-06-11,1650,3040
2025-06-11,5850,3040
2025-06-11,8150,3040
2025-06-11,8560,3040
2025-06-11,9268,3040
2025-06-11,8888,3040
2025-06-11,9300,3040
2025-06-11,9692,3040
2025-06-11,9800,3040
2025-06-11,1560,3081
2025-06-11,1650,3081
2025-06-11,585U,3081
2025-06-11,5920,3081
2025-06-11,7790,3081
2025-06-11,779Z,3081
2025-06-11,1480,3081
2025-06-11,5854,3081
2025-06-11,592A,3081
2025-06-11,700C,3081
2025-06-11,8150,3081
2025-06-11,8440,3081
2025-06-11,8560,3081
2025-06-11,918E,3081
2025-06-11,1440,3081
2025-06-11,5850,3081
2025-06-11,8880,3081
2025-06-11,8888,3081
2025-06-11,9692,3081
2025-06-11,9800,3081
2025-06-11,980K,3081
2025-06-11,9A89,3081
2025-06-11,9101,3081
2025-06-11,9227,3081
2025-06-11,9268,3081
2025-06-11,9600,3081
2025-06-11,9A9R,3081
2025-06-11,9300,3081
2025-06-11,9666,3081
2025-06-11,592A,3363
2025-06-11,8440,3363
2025-06-11,1480,3363
2025-06-11,5850,3363
2025-06-11,585U,3363
2025-06-11,779Z,3363
2025-06-11,8150,3363
2025-06-11,8560,3363
2025-06-11,8888,3363
2025-06-11,918E,3363
2025-06-11,1440,3363
2025-06-11,5854,3363
2025-06-11,9101,3363
2025-06-11,9300,3363
2025-06-11,9666,3363
2025-06-11,9692,3363
2025-06-11,9268,3363
2025-06-11,9600,3363
2025-06-11,9A89,3363
2025-06-11,980K,3363
2025-06-11,9A9R,3363
2025-06-11,700C,4168
2025-06-11,8150,4168
2025-06-11,1480,4168
2025-06-11,5850,4168
2025-06-11,8888,4168
2025-06-11,8560,4168
2025-06-11,9227,4168
2025-06-11,9300,4168
2025-06-11,9800,4168
2025-06-11,9268,4168
2025-06-11,980K,4168
2025-06-11,8560,4804
2025-06-11,8888,4804
2025-06-11,9300,4804
2025-06-11,5920,6276
2025-06-11,779Z,6276
2025-06-11,592A,6276
2025-06-11,7790,6276
2025-06-11,8888,6276
2025-06-11,5850,6276
2025-06-11,585U,6276
2025-06-11,700C,6276
2025-06-11,8150,6276
2025-06-11,8560,6276
2025-06-11,9227,6276
2025-06-11,9692,6276
2025-06-11,980K,6276
2025-06-11,9268,6276
2025-06-11,9300,6276
2025-06-11,9600,6276
2025-06-11,9800,6276
2025-06-11,1650,6499
2025-06-11,779Z,6499
2025-06-11,8150,6499
2025-06-11,1480,6499
2025-06-11,5850,6499
2025-06-11,5920,6499
2025-06-11,592A,6499
2025-06-11,8880,6499
2025-06-11,8888,6499
2025-06-11,9268,6499
2025-06-11,5854,6499
2025-06-11,700C,6499
2025-06-11,8440,6499
2025-06-11,9101,6499
2025-06-11,918E,6499
2025-06-11,9227,6499
2025-06-11,8560,6499
2025-06-11,9300,6499
2025-06-11,9692,6499
2025-06-11,980K,6499
2025-06-11,9A9R,6499
2025-06-11,9666,6499
2025-06-11,9800,6499
2025-06-11,1480,6593
2025-06-11,7790,6593
2025-06-11,5850,6593
2025-06-11,779Z,6593
2025-06-11,8888,6593
2025-06-11,700C,6593
2025-06-11,8150,6593
2025-06-11,8560,6593
2025-06-11,918E,6593
2025-06-11,9300,6593
2025-06-11,9800,6593
2025-06-11,9268,6593
2025-06-11,9692,6593
2025-06-11,9666,6593
2025-06-11,1560,6739
2025-06-11,1480,6739
2025-06-11,1650,6739
2025-06-11,585U,6739
2025-06-11,7790,6739
2025-06-11,8150,6739
2025-06-11,9227,6739
2025-06-11,1440,6739
2025-06-11,5850,6739
2025-06-11,700C,6739
2025-06-11,9800,6739
2025-06-11,8440,6739
2025-06-11,8560,6739
2025-06-11,8888,6739
2025-06-11,9666,6739
2025-06-11,9268,6739
2025-06-11,9300,6739
2025-06-11,9692,6739
2025-06-11,980K,6739
2025-06-11,5850,6885
2025-06-11,8888,6885
2025-06-11,7790,6885
2025-06-11,8150,6885
2025-06-11,8560,6885
2025-06-11,918E,6885
2025-06-11,9268,6885
2025-06-11,980K,6885
2025-06-11,9666,6885
2025-06-11,9300,6885
2025-06-11,9692,6885
2025-06-11,9800,6885
2025-06-11,1480,6895
2025-06-11,1560,6895
2025-06-11,1650,6895
2025-06-11,5850,6895
2025-06-11,9227,6895
2025-06-11,7790,6895
2025-06-11,8150,6895
2025-06-11,8440,6895
2025-06-11,8888,6895
2025-06-11,9268,6895
2025-06-11,9692,6895
2025-06-11,9800,6895
2025-06-11,5850,7642
2025-06-11,700C,7642
2025-06-11,7790,7642
2025-06-11,1440,7642
2025-06-11,585U,7642
2025-06-11,8150,7642
2025-06-11,8440,7642
2025-06-11,8888,7642
2025-06-11,9227,7642
2025-06-11,1480,7642
2025-06-11,1560,7642
2025-06-11,1650,7642
2025-06-11,592A,7642
2025-06-11,918E,7642
2025-06-11,9666,7642
2025-06-11,9692,7642
2025-06-11,9800,7642
2025-06-11,9A89,7642
2025-06-11,8560,7642
2025-06-11,9268,7642
2025-06-11,9300,7642
2025-06-11,980K,7642
2025-06-11,9A9R,7642
2025-06-11,9600,7642
2025-06-12,9800,1235
2025-06-12,8440,2314
2025-06-12,1480,2314
2025-06-12,9268,2314
2025-06-12,9300,2314
2025-06-12,8150,2314
2025-06-12,8560,2314
2025-06-12,8888,2314
2025-06-12,9692,2314
2025-06-12,5920,3040
2025-06-12,1440,3040
2025-06-12,1480,3040
2025-06-12,1650,3040
2025-06-12,7790,3040
2025-06-12,8150,3040
2025-06-12,8560,3040
2025-06-12,8888,3040
2025-06-12,9800,3040
2025-06-12,9268,3040
2025-06-12,9692,3040
2025-06-12,9300,3040
2025-06-12,1440,3081
2025-06-12,1480,3081
2025-06-12,1650,3081
2025-06-12,5920,3081
2025-06-12,1560,3081
2025-06-12,5850,3081
2025-06-12,592A,3081
2025-06-12,779Z,3081
2025-06-12,5854,3081
2025-06-12,585U,3081
2025-06-12,700C,3081
2025-06-12,7790,3081
2025-06-12,8150,3081
2025-06-12,8560,3081
2025-06-12,8880,3081
2025-06-12,9101,3081
2025-06-12,918E,3081
2025-06-12,9227,3081
2025-06-12,9268,3081
2025-06-12,9666,3081
2025-06-12,9692,3081
2025-06-12,9A89,3081
2025-06-12,8440,3081
2025-06-12,8888,3081
2025-06-12,9A9R,3081
2025-06-12,9300,3081
2025-06-12,9600,3081
2025-06-12,9800,3081
2025-06-12,980K,3081
2025-06-12,5850,3363
2025-06-12,5920,3363
2025-06-12,8150,3363
2025-06-12,8440,3363
2025-06-12,1480,3363
2025-06-12,8888,3363
2025-06-12,9800,3363
2025-06-12,980K,3363
2025-06-12,9A9R,3363
2025-06-12,8560,3363
2025-06-12,8880,3363
2025-06-12,9101,3363
2025-06-12,918E,3363
2025-06-12,9268,3363
2025-06-12,9692,3363
2025-06-12,1480,4168
2025-06-12,5850,4168
2025-06-12,700C,4168
2025-06-12,5854,4168
2025-06-12,5920,4168
2025-06-12,8560,4168
2025-06-12,8888,4168
2025-06-12,9268,4168
2025-06-12,8150,4168
2025-06-12,8880,4168
2025-06-12,980K,4168
2025-06-12,9300,4168
2025-06-12,9666,4168
2025-06-12,8888,4804
2025-06-12,592A,6276
2025-06-12,700C,6276
2025-06-12,7790,6276
2025-06-12,5854,6276
2025-06-12,8888,6276
2025-06-12,9800,6276
2025-06-12,779Z,6276
2025-06-12,8150,6276
2025-06-12,8560,6276
2025-06-12,980K,6276
2025-06-12,9268,6276
2025-06-12,9300,6276
2025-06-12,9600,6276
2025-06-12,9692,6276
2025-06-12,1480,6499
2025-06-12,5850,6499
2025-06-12,592A,6499
2025-06-12,7790,6499
2025-06-12,700C,6499
2025-06-12,8150,6499
2025-06-12,8560,6499
2025-06-12,918E,6499
2025-06-12,5854,6499
2025-06-12,5920,6499
2025-06-12,8880,6499
2025-06-12,9268,6499
2025-06-12,779Z,6499
2025-06-12,8888,6499
2025-06-12,9300,6499
2025-06-12,9800,6499
2025-06-12,9A89,6499
2025-06-12,9227,6499
2025-06-12,9692,6499
2025-06-12,980K,6499
2025-06-12,9A9R,6499
2025-06-12,700C,6593
2025-06-12,8560,6593
2025-06-12,8888,6593
2025-06-12,1480,6593
2025-06-12,5850,6593
2025-06-12,7790,6593
2025-06-12,8150,6593
2025-06-12,9268,6593
2025-06-12,9666,6593
2025-06-12,980K,6593
2025-06-12,1480,6739
2025-06-12,1560,6739
2025-06-12,1440,6739
2025-06-12,1650,6739
2025-06-12,5850,6739
2025-06-12,8560,6739
2025-06-12,9101,6739
2025-06-12,585U,6739
2025-06-12,8888,6739
2025-06-12,9227,6739
2025-06-12,9268,6739
2025-06-12,9600,6739
2025-06-12,9666,6739
2025-06-12,7790,6739
2025-06-12,779Z,6739
2025-06-12,8150,6739
2025-06-12,8440,6739
2025-06-12,9692,6739
2025-06-12,9800,6739
2025-06-12,9300,6739
2025-06-12,980K,6739
2025-06-12,9A89,6739
2025-06-12,5850,6885
2025-06-12,8560,6885
2025-06-12,585U,6885
2025-06-12,7790,6885
2025-06-12,8150,6885
2025-06-12,8880,6885
2025-06-12,8888,6885
2025-06-12,9101,6885
2025-06-12,918E,6885
2025-06-12,9268,6885
2025-06-12,9300,6885
2025-06-12,9692,6885
2025-06-12,9A9R,6885
2025-06-12,9666,6885
2025-06-12,9800,6885
2025-06-12,1440,6895
2025-06-12,1650,6895
2025-06-12,5850,6895
2025-06-12,1480,6895
2025-06-12,8440,6895
2025-06-12,1560,6895
2025-06-12,7790,6895
2025-06-12,8150,6895
2025-06-12,8888,6895
2025-06-12,9268,6895
2025-06-12,9692,6895
2025-06-12,8560,6895
2025-06-12,1480,7642
2025-06-12,1560,7642
2025-06-12,1650,7642
2025-06-12,8150,7642
2025-06-12,8888,7642
2025-06-12,1440,7642
2025-06-12,5850,7642
2025-06-12,592A,7642
2025-06-12,779Z,7642
2025-06-12,8560,7642
2025-06-12,8880,7642
2025-06-12,9101,7642
2025-06-12,918E,7642
2025-06-12,9268,7642
2025-06-12,9692,7642
2025-06-12,9800,7642
2025-06-12,7790,7642
2025-06-12,8440,7642
2025-06-12,9227,7642
2025-06-12,9300,7642
2025-06-12,9600,7642
2025-06-12,9666,7642
2025-06-13,8150,2314
2025-06-13,8560,2314
2025-06-13,9A9R,2314
2025-06-13,8888,2314
2025-06-13,9268,2314
2025-06-13,1440,3040
2025-06-13,8150,3040
2025-06-13,8560,3040
2025-06-13,9268,3040
2025-06-13,1480,3040
2025-06-13,1560,3040
2025-06-13,1650,3040
2025-06-13,5850,3040
2025-06-13,5920,3040
2025-06-13,7790,3040
2025-06-13,8888,3040
2025-06-13,9800,3040
2025-06-13,9300,3040
2025-06-13,9692,3040
2025-06-13,1480,3081
2025-06-13,585U,3081
2025-06-13,1560,3081
2025-06-13,1650,3081
2025-06-13,5850,3081
2025-06-13,5854,3081
2025-06-13,7790,3081
2025-06-13,8150,3081
2025-06-13,8880,3081
2025-06-13,9101,3081
2025-06-13,918E,3081
2025-06-13,1440,3081
2025-06-13,5920,3081
2025-06-13,700C,3081
2025-06-13,779Z,3081
2025-06-13,8440,3081
2025-06-13,8560,3081
2025-06-13,9600,3081
2025-06-13,9666,3081
2025-06-13,9A9R,3081
2025-06-13,8888,3081
2025-06-13,9227,3081
2025-06-13,9268,3081
2025-06-13,9300,3081
2025-06-13,9692,3081
2025-06-13,9A89,3081
2025-06-13,9800,3081
2025-06-13,980K,3081
2025-06-13,1480,3363
2025-06-13,5850,3363
2025-06-13,5920,3363
2025-06-13,779Z,3363
2025-06-13,5854,3363
2025-06-13,8150,3363
2025-06-13,8560,3363
2025-06-13,8888,3363
2025-06-13,918E,3363
2025-06-13,9268,3363
2025-06-13,8440,3363
2025-06-13,980K,3363
2025-06-13,9600,3363
2025-06-13,9666,3363
2025-06-13,9692,3363
2025-06-13,9A9R,3363
2025-06-13,8560,4168
2025-06-13,5850,4168
2025-06-13,8150,4168
2025-06-13,8888,4168
2025-06-13,9268,4168
2025-06-13,9800,4168
2025-06-13,9692,4168
2025-06-13,8888,4804
2025-06-13,5850,6276
2025-06-13,779Z,6276
2025-06-13,8888,6276
2025-06-13,8150,6276
2025-06-13,8560,6276
2025-06-13,9268,6276
2025-06-13,9300,6276
2025-06-13,9692,6276
2025-06-13,980K,6276
2025-06-13,9800,6276
2025-06-13,1480,6499
2025-06-13,5854,6499
2025-06-13,5920,6499
2025-06-13,592A,6499
2025-06-13,700C,6499
2025-06-13,7790,6499
2025-06-13,8440,6499
2025-06-13,918E,6499
2025-06-13,1440,6499
2025-06-13,1560,6499
2025-06-13,5850,6499
2025-06-13,585U,6499
2025-06-13,8150,6499
2025-06-13,8560,6499
2025-06-13,8880,6499
2025-06-13,8888,6499
2025-06-13,9101,6499
2025-06-13,9227,6499
2025-06-13,9268,6499
2025-06-13,9600,6499
2025-06-13,9692,6499
2025-06-13,9A89,6499
2025-06-13,9300,6499
2025-06-13,9800,6499
2025-06-13,980K,6499
2025-06-13,9A9R,6499
2025-06-13,9666,6499
2025-06-13,1480,6593
2025-06-13,5854,6593
2025-06-13,5850,6593
2025-06-13,700C,6593
2025-06-13,8560,6593
2025-06-13,8888,6593
2025-06-13,9268,6593
2025-06-13,779Z,6593
2025-06-13,8150,6593
2025-06-13,9600,6593
2025-06-13,9800,6593
2025-06-13,9666,6593
2025-06-13,980K,6593
2025-06-13,1480,6739
2025-06-13,5854,6739
2025-06-13,5920,6739
2025-06-13,7790,6739
2025-06-13,8150,6739
2025-06-13,8440,6739
2025-06-13,8888,6739
2025-06-13,9227,6739
2025-06-13,9268,6739
2025-06-13,1440,6739
2025-06-13,1650,6739
2025-06-13,5850,6739
2025-06-13,9300,6739
2025-06-13,9800,6739
2025-06-13,8560,6739
2025-06-13,9666,6739
2025-06-13,9692,6739
2025-06-13,5854,6885
2025-06-13,5850,6885
2025-06-13,8150,6885
2025-06-13,8560,6885
2025-06-13,918E,6885
2025-06-13,9227,6885
2025-06-13,8888,6885
2025-06-13,9268,6885
2025-06-13,9666,6885
2025-06-13,9800,6885
2025-06-13,9A9R,6885
2025-06-13,9101,6885
2025-06-13,9300,6885
2025-06-13,9692,6885
2025-06-13,5854,6895
2025-06-13,1440,6895
2025-06-13,1480,6895
2025-06-13,1560,6895
2025-06-13,1650,6895
2025-06-13,5850,6895
2025-06-13,8150,6895
2025-06-13,8888,6895
2025-06-13,9268,6895
2025-06-13,7790,6895
2025-06-13,8440,6895
2025-06-13,9800,6895
2025-06-13,8560,6895
2025-06-13,9692,6895
2025-06-13,1480,7642
2025-06-13,5850,7642
2025-06-13,5854,7642
2025-06-13,7790,7642
2025-06-13,779Z,7642
2025-06-13,8440,7642
2025-06-13,8888,7642
2025-06-13,9227,7642
2025-06-13,1440,7642
2025-06-13,1560,7642
2025-06-13,1650,7642
2025-06-13,592A,7642
2025-06-13,8150,7642
2025-06-13,8560,7642
2025-06-13,9268,7642
2025-06-13,9300,7642
2025-06-13,9692,7642
2025-06-13,9101,7642
2025-06-13,9800,7642
2025-06-13,9600,7642
2025-06-13,9A89,7642
2025-06-16,8888,1235
2025-06-16,8440,1235
2025-06-16,9800,1235
2025-06-16,8150,2314
2025-06-16,9227,2314
2025-06-16,1480,2314
2025-06-16,779Z,2314
2025-06-16,8560,2314
2025-06-16,8888,2314
2025-06-16,8440,2314
2025-06-16,5920,3040
2025-06-16,7790,3040
2025-06-16,8150,3040
2025-06-16,8440,3040
2025-06-16,1480,3040
2025-06-16,1650,3040
2025-06-16,5850,3040
2025-06-16,779Z,3040
2025-06-16,8560,3040
2025-06-16,8888,3040
2025-06-16,9268,3040
2025-06-16,9666,3040
2025-06-16,1440,3040
2025-06-16,1560,3040
2025-06-16,9800,3040
2025-06-16,9A9R,3040
2025-06-16,9300,3040
2025-06-16,1480,3081
2025-06-16,1650,3081
2025-06-16,5850,3081
2025-06-16,5854,3081
2025-06-16,8888,3081
2025-06-16,918E,3081
2025-06-16,9227,3081
2025-06-16,1440,3081
2025-06-16,700C,3081
2025-06-16,779Z,3081
2025-06-16,9268,3081
2025-06-16,9300,3081
2025-06-16,9692,3081
2025-06-16,1560,3081
2025-06-16,7790,3081
2025-06-16,8150,3081
2025-06-16,8560,3081
2025-06-16,8880,3081
2025-06-16,980K,3081
2025-06-16,9A9R,3081
2025-06-16,9800,3081
2025-06-16,592A,3363
2025-06-16,8150,3363
2025-06-16,8440,3363
2025-06-16,8560,3363
2025-06-16,7790,3363
2025-06-16,918E,3363
2025-06-16,9692,3363
2025-06-16,9A89,3363
2025-06-16,1480,3363
2025-06-16,5850,3363
2025-06-16,5854,3363
2025-06-16,779Z,3363
2025-06-16,8888,3363
2025-06-16,9800,3363
2025-06-16,9268,3363
2025-06-16,980K,3363
2025-06-16,5850,4168
2025-06-16,5854,4168
2025-06-16,7790,4168
2025-06-16,779Z,4168
2025-06-16,9227,4168
2025-06-16,980K,4168
2025-06-16,8150,4168
2025-06-16,8560,4168
2025-06-16,8888,4168
2025-06-16,9692,4168
2025-06-16,9268,4168
2025-06-16,9800,4168
2025-06-16,8888,4804
2025-06-16,8150,6276
2025-06-16,5850,6276
2025-06-16,8560,6276
2025-06-16,8888,6276
2025-06-16,9A9R,6276
2025-06-16,700C,6276
2025-06-16,9268,6276
2025-06-16,9600,6276
2025-06-16,9692,6276
2025-06-16,1480,6499
2025-06-16,5850,6499
2025-06-16,5854,6499
2025-06-16,585U,6499
2025-06-16,779Z,6499
2025-06-16,5920,6499
2025-06-16,8150,6499
2025-06-16,8440,6499
2025-06-16,8560,6499
2025-06-16,8888,6499
2025-06-16,918E,6499
2025-06-16,9800,6499
2025-06-16,980K,6499
2025-06-16,9A89,6499
2025-06-16,9A9R,6499
2025-06-16,1560,6499
2025-06-16,1650,6499
2025-06-16,7790,6499
2025-06-16,9101,6499
2025-06-16,9227,6499
2025-06-16,9268,6499
2025-06-16,9300,6499
2025-06-16,9600,6499
2025-06-16,9692,6499
2025-06-16,9666,6499
2025-06-16,1480,6593
2025-06-16,5850,6593
2025-06-16,7790,6593
2025-06-16,779Z,6593
2025-06-16,8150,6593
2025-06-16,9268,6593
2025-06-16,700C,6593
2025-06-16,8888,6593
2025-06-16,9692,6593
2025-06-16,980K,6593
2025-06-16,8560,6593
2025-06-16,9101,6593
2025-06-16,9800,6593
2025-06-16,1650,6739
2025-06-16,9227,6739
2025-06-16,1440,6739
2025-06-16,5920,6739
2025-06-16,8440,6739
2025-06-16,8888,6739
2025-06-16,1480,6739
2025-06-16,5854,6739
2025-06-16,7790,6739
2025-06-16,8150,6739
2025-06-16,8560,6739
2025-06-16,9268,6739
2025-06-16,9666,6739
2025-06-16,9692,6739
2025-06-16,9800,6739
2025-06-16,592A,6885
2025-06-16,8150,6885
2025-06-16,8560,6885
2025-06-16,8888,6885
2025-06-16,9666,6885
2025-06-16,5850,6885
2025-06-16,8440,6885
2025-06-16,9268,6885
2025-06-16,9A9R,6885
2025-06-16,9692,6885
2025-06-16,980K,6885
2025-06-16,1650,6895
2025-06-16,1440,6895
2025-06-16,1560,6895
2025-06-16,5850,6895
2025-06-16,8888,6895
2025-06-16,9800,6895
2025-06-16,1480,7642
2025-06-16,1560,7642
2025-06-16,592A,7642
2025-06-16,779Z,7642
2025-06-16,8560,7642
2025-06-16,8888,7642
2025-06-16,9300,7642
2025-06-16,9666,7642
2025-06-16,1440,7642
2025-06-16,1650,7642
2025-06-16,5850,7642
2025-06-16,5854,7642
2025-06-16,7790,7642
2025-06-16,8150,7642
2025-06-16,8440,7642
2025-06-16,9227,7642
2025-06-16,9268,7642
2025-06-16,9692,7642
2025-06-16,9A89,7642
2025-06-16,9600,7642
2025-06-16,9800,7642
2025-06-17,8150,1235
2025-06-17,9268,1235
2025-06-17,9800,1235
2025-06-17,1480,2314
2025-06-17,8560,2314
2025-06-17,8888,2314
2025-06-17,592A,2314
2025-06-17,700C,2314
2025-06-17,8150,2314
2025-06-17,9227,2314
2025-06-17,9268,2314
2025-06-17,9800,2314
2025-06-17,1440,3040
2025-06-17,1480,3040
2025-06-17,1560,3040
2025-06-17,1650,3040
2025-06-17,7790,3040
2025-06-17,8888,3040
2025-06-17,8150,3040
2025-06-17,9268,3040
2025-06-17,9300,3040
2025-06-17,5850,3040
2025-06-17,8560,3040
2025-06-17,9692,3040
2025-06-17,9800,3040
2025-06-17,1480,3081
2025-06-17,779Z,3081
2025-06-17,8888,3081
2025-06-17,918E,3081
2025-06-17,9227,3081
2025-06-17,9268,3081
2025-06-17,1440,3081
2025-06-17,1560,3081
2025-06-17,1650,3081
2025-06-17,5850,3081
2025-06-17,700C,3081
2025-06-17,8150,3081
2025-06-17,8560,3081
2025-06-17,5920,3081
2025-06-17,7790,3081
2025-06-17,8440,3081
2025-06-17,8880,3081
2025-06-17,9300,3081
2025-06-17,9666,3081
2025-06-17,9692,3081
2025-06-17,980K,3081
2025-06-17,9A89,3081
2025-06-17,9A9R,3081
2025-06-17,1480,3363
2025-06-17,1650,3363
2025-06-17,5850,3363
2025-06-17,5920,3363
2025-06-17,7790,3363
2025-06-17,8150,3363
2025-06-17,8440,3363
2025-06-17,8560,3363
2025-06-17,8888,3363
2025-06-17,9268,3363
2025-06-17,9692,3363
2025-06-17,918E,3363
2025-06-17,9800,3363
2025-06-17,980K,3363
2025-06-17,9A9R,3363
2025-06-17,700C,4168
2025-06-17,8560,4168
2025-06-17,5854,4168
2025-06-17,5920,4168
2025-06-17,592A,4168
2025-06-17,8150,4168
2025-06-17,9268,4168
2025-06-17,9300,4168
2025-06-17,9692,4168
2025-06-17,5850,4168
2025-06-17,7790,4168
2025-06-17,779Z,4168
2025-06-17,8888,4168
2025-06-17,9800,4168
2025-06-17,9666,4168
2025-06-17,8150,4804
2025-06-17,8888,4804
2025-06-17,9600,6276
2025-06-17,5850,6276
2025-06-17,8150,6276
2025-06-17,8560,6276
2025-06-17,779Z,6276
2025-06-17,8888,6276
2025-06-17,9268,6276
2025-06-17,9300,6276
2025-06-17,9692,6276
2025-06-17,1440,6499
2025-06-17,1480,6499
2025-06-17,1560,6499
2025-06-17,5850,6499
2025-06-17,8560,6499
2025-06-17,8888,6499
2025-06-17,9268,6499
2025-06-17,1650,6499
2025-06-17,585U,6499
2025-06-17,5920,6499
2025-06-17,700C,6499
2025-06-17,7790,6499
2025-06-17,8440,6499
2025-06-17,9300,6499
2025-06-17,9600,6499
2025-06-17,9692,6499
2025-06-17,980K,6499
2025-06-17,9A89,6499
2025-06-17,9A9R,6499
2025-06-17,5854,6499
2025-06-17,592A,6499
2025-06-17,779Z,6499
2025-06-17,8150,6499
2025-06-17,8880,6499
2025-06-17,9101,6499
2025-06-17,918E,6499
2025-06-17,9227,6499
2025-06-17,9666,6499
2025-06-17,9800,6499
2025-06-17,1480,6593
2025-06-17,8150,6593
2025-06-17,8888,6593
2025-06-17,9268,6593
2025-06-17,9300,6593
2025-06-17,9692,6593
2025-06-17,5850,6593
2025-06-17,592A,6593
2025-06-17,7790,6593
2025-06-17,779Z,6593
2025-06-17,8560,6593
2025-06-17,9800,6593
2025-06-17,980K,6593
2025-06-17,1480,6739
2025-06-17,1650,6739
2025-06-17,8560,6739
2025-06-17,9268,6739
2025-06-17,5850,6739
2025-06-17,7790,6739
2025-06-17,779Z,6739
2025-06-17,8150,6739
2025-06-17,8888,6739
2025-06-17,9800,6739
2025-06-17,8440,6739
2025-06-17,9227,6739
2025-06-17,9600,6739
2025-06-17,9666,6739
2025-06-17,9A89,6739
2025-06-17,8888,6885
2025-06-17,8150,6885
2025-06-17,8560,6885
2025-06-17,9268,6885
2025-06-17,9666,6885
2025-06-17,5850,6885
2025-06-17,7790,6885
2025-06-17,9692,6885
2025-06-17,9A9R,6885
2025-06-17,8888,6895
2025-06-17,1440,6895
2025-06-17,5920,6895
2025-06-17,9268,6895
2025-06-17,9800,6895
2025-06-17,1480,6895
2025-06-17,7790,6895
2025-06-17,8440,6895
2025-06-17,1440,7642
2025-06-17,5850,7642
2025-06-17,5854,7642
2025-06-17,8888,7642
2025-06-17,9101,7642
2025-06-17,1480,7642
2025-06-17,1650,7642
2025-06-17,779Z,7642
2025-06-17,8150,7642
2025-06-17,8440,7642
2025-06-17,8880,7642
2025-06-17,9227,7642
2025-06-17,9268,7642
2025-06-17,9666,7642
2025-06-17,9800,7642
2025-06-17,1560,7642
2025-06-17,7790,7642
2025-06-17,8560,7642
2025-06-17,9300,7642
2025-06-17,9600,7642
2025-06-17,9692,7642
2025-06-17,9A89,7642
2025-06-18,7790,1235
2025-06-18,1480,1235
2025-06-18,9268,1235
2025-06-18,8888,1235
2025-06-18,9800,1235
2025-06-18,592A,2314
2025-06-18,700C,2314
2025-06-18,8150,2314
2025-06-18,8560,2314
2025-06-18,9666,2314
2025-06-18,9800,2314
2025-06-18,8888,2314
2025-06-18,9268,2314
2025-06-18,9300,2314
2025-06-18,9A9R,2314
2025-06-18,1560,3040
2025-06-18,1440,3040
2025-06-18,779Z,3040
2025-06-18,8150,3040
2025-06-18,1480,3040
2025-06-18,1650,3040
2025-06-18,5850,3040
2025-06-18,5920,3040
2025-06-18,7790,3040
2025-06-18,8440,3040
2025-06-18,8880,3040
2025-06-18,9268,3040
2025-06-18,9300,3040
2025-06-18,8888,3040
2025-06-18,9A9R,3040
2025-06-18,9800,3040
2025-06-18,1440,3081
2025-06-18,1650,3081
2025-06-18,8440,3081
2025-06-18,1480,3081
2025-06-18,5850,3081
2025-06-18,8150,3081
2025-06-18,8560,3081
2025-06-18,8880,3081
2025-06-18,8888,3081
2025-06-18,9268,3081
2025-06-18,9300,3081
2025-06-18,9600,3081
2025-06-18,9666,3081
2025-06-18,9800,3081
2025-06-18,9A9R,3081
2025-06-18,9692,3081
2025-06-18,980K,3081
2025-06-18,1650,3363
2025-06-18,700C,3363
2025-06-18,7790,3363
2025-06-18,1480,3363
2025-06-18,585U,3363
2025-06-18,8880,3363
2025-06-18,8888,3363
2025-06-18,9227,3363
2025-06-18,9268,3363
2025-06-18,5850,3363
2025-06-18,5854,3363
2025-06-18,5920,3363
2025-06-18,779Z,3363
2025-06-18,8440,3363
2025-06-18,9101,3363
2025-06-18,918E,3363
2025-06-18,9800,3363
2025-06-18,8150,3363
2025-06-18,8560,3363
2025-06-18,980K,3363
2025-06-18,9600,3363
2025-06-18,9692,3363
2025-06-18,9A9R,3363
2025-06-18,592A,4168
2025-06-18,7790,4168
2025-06-18,5850,4168
2025-06-18,779Z,4168
2025-06-18,8440,4168
2025-06-18,1650,4168
2025-06-18,5854,4168
2025-06-18,8150,4168
2025-06-18,8560,4168
2025-06-18,8888,4168
2025-06-18,918E,4168
2025-06-18,9227,4168
2025-06-18,9666,4168
2025-06-18,9268,4168
2025-06-18,9300,4168
2025-06-18,9800,4168
2025-06-18,9A9R,4168
2025-06-18,9692,4168
2025-06-18,8888,4804
2025-06-18,592A,6276
2025-06-18,700C,6276
2025-06-18,7790,6276
2025-06-18,779Z,6276
2025-06-18,9227,6276
2025-06-18,5850,6276
2025-06-18,8560,6276
2025-06-18,8880,6276
2025-06-18,8888,6276
2025-06-18,9300,6276
2025-06-18,9800,6276
2025-06-18,8150,6276
2025-06-18,9268,6276
2025-06-18,1440,6499
2025-06-18,1560,6499
2025-06-18,1650,6499
2025-06-18,5850,6499
2025-06-18,5854,6499
2025-06-18,5920,6499
2025-06-18,700C,6499
2025-06-18,8150,6499
2025-06-18,1480,6499
2025-06-18,592A,6499
2025-06-18,779Z,6499
2025-06-18,8440,6499
2025-06-18,8880,6499
2025-06-18,9101,6499
2025-06-18,918E,6499
2025-06-18,585U,6499
2025-06-18,7790,6499
2025-06-18,8888,6499
2025-06-18,9227,6499
2025-06-18,9300,6499
2025-06-18,9666,6499
2025-06-18,980K,6499
2025-06-18,8560,6499
2025-06-18,9268,6499
2025-06-18,9800,6499
2025-06-18,9A89,6499
2025-06-18,9A9R,6499
2025-06-18,9600,6499
2025-06-18,9692,6499
2025-06-18,5920,6593
2025-06-18,700C,6593
2025-06-18,7790,6593
2025-06-18,779Z,6593
2025-06-18,1480,6593
2025-06-18,592A,6593
2025-06-18,8560,6593
2025-06-18,5850,6593
2025-06-18,8150,6593
2025-06-18,8888,6593
2025-06-18,9800,6593
2025-06-18,980K,6593
2025-06-18,9268,6593
2025-06-18,9300,6593
2025-06-18,9692,6593
2025-06-18,9A89,6593
2025-06-18,9A9R,6593
2025-06-18,1650,6739
2025-06-18,5850,6739
2025-06-18,5920,6739
2025-06-18,779Z,6739
2025-06-18,1560,6739
2025-06-18,7790,6739
2025-06-18,8440,6739
2025-06-18,8560,6739
2025-06-18,1480,6739
2025-06-18,8888,6739
2025-06-18,9227,6739
2025-06-18,9268,6739
2025-06-18,9600,6739
2025-06-18,9666,6739
2025-06-18,9A89,6739
2025-06-18,8150,6739
2025-06-18,8880,6739
2025-06-18,9692,6739
2025-06-18,9800,6739
2025-06-18,700C,6885
2025-06-18,8150,6885
2025-06-18,8560,6885
2025-06-18,5850,6885
2025-06-18,5920,6885
2025-06-18,9101,6885
2025-06-18,9600,6885
2025-06-18,9666,6885
2025-06-18,9A89,6885
2025-06-18,8888,6885
2025-06-18,9800,6885
2025-06-18,9268,6885
2025-06-18,9300,6885
2025-06-18,9692,6885
2025-06-18,9A9R,6885
2025-06-18,1560,6895
2025-06-18,7790,6895
2025-06-18,8440,6895
2025-06-18,8888,6895
2025-06-18,9268,6895
2025-06-18,9692,6895
2025-06-18,5850,7642
2025-06-18,7790,7642
2025-06-18,8150,7642
2025-06-18,5854,7642
2025-06-18,779Z,7642
2025-06-18,8880,7642
2025-06-18,9101,7642
2025-06-18,9227,7642
2025-06-18,9666,7642
2025-06-18,9A89,7642
2025-06-18,8560,7642
2025-06-18,8888,7642
2025-06-18,980K,7642
2025-06-18,9268,7642
2025-06-18,9300,7642
2025-06-18,9692,7642
2025-06-18,9800,7642
2025-06-19,1480,1235
2025-06-19,8150,1235
2025-06-19,8440,1235
2025-06-19,7790,1235
2025-06-19,8888,1235
2025-06-19,9268,1235
2025-06-19,9800,1235
2025-06-19,8150,2314
2025-06-19,9300,2314
2025-06-19,779Z,2314
2025-06-19,9101,2314
2025-06-19,9A9R,2314
2025-06-19,8560,2314
2025-06-19,8888,2314
2025-06-19,9800,2314
2025-06-19,980K,2314
2025-06-19,9A89,2314
2025-06-19,1440,3040
2025-06-19,1650,3040
2025-06-19,5854,3040
2025-06-19,5920,3040
2025-06-19,8150,3040
2025-06-19,1480,3040
2025-06-19,5850,3040
2025-06-19,779Z,3040
2025-06-19,8440,3040
2025-06-19,8888,3040
2025-06-19,9268,3040
2025-06-19,1560,3040
2025-06-19,585U,3040
2025-06-19,7790,3040
2025-06-19,9227,3040
2025-06-19,9692,3040
2025-06-19,9A9R,3040
2025-06-19,8560,3040
2025-06-19,918E,3040
2025-06-19,9300,3040
2025-06-19,9600,3040
2025-06-19,980K,3040
2025-06-19,9666,3040
2025-06-19,9800,3040
2025-06-19,1440,3081
2025-06-19,1480,3081
2025-06-19,1560,3081
2025-06-19,5850,3081
2025-06-19,8440,3081
2025-06-19,8560,3081
2025-06-19,779Z,3081
2025-06-19,9268,3081
2025-06-19,8150,3081
2025-06-19,9666,3081
2025-06-19,9A9R,3081
2025-06-19,8888,3081
2025-06-19,918E,3081
2025-06-19,1480,3363
2025-06-19,5850,3363
2025-06-19,5854,3363
2025-06-19,779Z,3363
2025-06-19,7790,3363
2025-06-19,8560,3363
2025-06-19,8888,3363
2025-06-19,9268,3363
2025-06-19,5920,3363
2025-06-19,8150,3363
2025-06-19,8440,3363
2025-06-19,9600,3363
2025-06-19,9800,3363
2025-06-19,8880,3363
2025-06-19,9101,3363
2025-06-19,918E,3363
2025-06-19,9227,3363
2025-06-19,9692,3363
2025-06-19,9A9R,3363
2025-06-19,980K,3363
2025-06-19,9A89,3363
2025-06-19,8150,4168
2025-06-19,5850,4168
2025-06-19,9268,4168
2025-06-19,1650,4168
2025-06-19,5854,4168
2025-06-19,592A,4168
2025-06-19,700C,4168
2025-06-19,7790,4168
2025-06-19,779Z,4168
2025-06-19,8440,4168
2025-06-19,8560,4168
2025-06-19,8888,4168
2025-06-19,9227,4168
2025-06-19,9300,4168
2025-06-19,9800,4168
2025-06-19,9600,4168
2025-06-19,9692,4168
2025-06-19,8888,4804
2025-06-19,5854,6276
2025-06-19,8150,6276
2025-06-19,9300,6276
2025-06-19,5850,6276
2025-06-19,592A,6276
2025-06-19,700C,6276
2025-06-19,7790,6276
2025-06-19,8560,6276
2025-06-19,9800,6276
2025-06-19,8880,6276
2025-06-19,8888,6276
2025-06-19,9227,6276
2025-06-19,9268,6276
2025-06-19,9692,6276
2025-06-19,1440,6499
2025-06-19,1480,6499
2025-06-19,1560,6499
2025-06-19,5850,6499
2025-06-19,5854,6499
2025-06-19,585U,6499
2025-06-19,5920,6499
2025-06-19,592A,6499
2025-06-19,7790,6499
2025-06-19,8440,6499
2025-06-19,1650,6499
2025-06-19,779Z,6499
2025-06-19,9268,6499
2025-06-19,700C,6499
2025-06-19,8150,6499
2025-06-19,8880,6499
2025-06-19,8888,6499
2025-06-19,9101,6499
2025-06-19,9600,6499
2025-06-19,9666,6499
2025-06-19,8560,6499
2025-06-19,918E,6499
2025-06-19,9227,6499
2025-06-19,9692,6499
2025-06-19,980K,6499
2025-06-19,9300,6499
2025-06-19,9800,6499
2025-06-19,9A89,6499
2025-06-19,9A9R,6499
2025-06-19,1480,6593
2025-06-19,5920,6593
2025-06-19,592A,6593
2025-06-19,700C,6593
2025-06-19,8150,6593
2025-06-19,8440,6593
2025-06-19,1440,6593
2025-06-19,1650,6593
2025-06-19,585U,6593
2025-06-19,7790,6593
2025-06-19,779Z,6593
2025-06-19,5850,6593
2025-06-19,8560,6593
2025-06-19,8888,6593
2025-06-19,9101,6593
2025-06-19,9268,6593
2025-06-19,9600,6593
2025-06-19,9666,6593
2025-06-19,918E,6593
2025-06-19,9227,6593
2025-06-19,9300,6593
2025-06-19,9692,6593
2025-06-19,980K,6593
2025-06-19,9800,6593
2025-06-19,9A89,6593
2025-06-19,9A9R,6593
2025-06-19,1440,6739
2025-06-19,1480,6739
2025-06-19,5850,6739
2025-06-19,779Z,6739
2025-06-19,1560,6739
2025-06-19,1650,6739
2025-06-19,585U,6739
2025-06-19,8150,6739
2025-06-19,8440,6739
2025-06-19,8888,6739
2025-06-19,9227,6739
2025-06-19,9268,6739
2025-06-19,5854,6739
2025-06-19,7790,6739
2025-06-19,9692,6739
2025-06-19,8560,6739
2025-06-19,9300,6739
2025-06-19,9600,6739
2025-06-19,9666,6739
2025-06-19,9800,6739
2025-06-19,980K,6739
2025-06-19,9A89,6739
2025-06-19,7790,6885
2025-06-19,779Z,6885
2025-06-19,8150,6885
2025-06-19,585U,6885
2025-06-19,592A,6885
2025-06-19,5850,6885
2025-06-19,5920,6885
2025-06-19,8560,6885
2025-06-19,9300,6885
2025-06-19,9692,6885
2025-06-19,9800,6885
2025-06-19,9A89,6885
2025-06-19,9A9R,6885
2025-06-19,8440,6885
2025-06-19,8880,6885
2025-06-19,8888,6885
2025-06-19,9101,6885
2025-06-19,918E,6885
2025-06-19,9268,6885
2025-06-19,9600,6885
2025-06-19,9666,6885
2025-06-19,980K,6885
2025-06-19,1560,6895
2025-06-19,8150,6895
2025-06-19,1440,6895
2025-06-19,1650,6895
2025-06-19,7790,6895
2025-06-19,8560,6895
2025-06-19,9227,6895
2025-06-19,9268,6895
2025-06-19,1480,6895
2025-06-19,5850,6895
2025-06-19,5920,6895
2025-06-19,9692,6895
2025-06-19,9800,6895
2025-06-19,8440,6895
2025-06-19,8880,6895
2025-06-19,8888,6895
2025-06-19,9300,6895
2025-06-19,980K,6895
2025-06-19,700C,7642
2025-06-19,779Z,7642
2025-06-19,8150,7642
2025-06-19,5850,7642
2025-06-19,7790,7642
2025-06-19,8560,7642
2025-06-19,9227,7642
2025-06-19,9A89,7642
2025-06-19,9A9R,7642
2025-06-19,8880,7642
2025-06-19,8888,7642
2025-06-19,9268,7642
2025-06-19,9300,7642
2025-06-19,9692,7642
2025-06-19,9800,7642
2025-06-19,980K,7642
2025-06-20,1480,1235
2025-06-20,7790,1235
2025-06-20,8560,1235
2025-06-20,1440,1235
2025-06-20,8888,1235
2025-06-20,9800,1235
2025-06-20,1480,2314
2025-06-20,592A,2314
2025-06-20,8560,2314
2025-06-20,8150,2314
2025-06-20,8888,2314
2025-06-20,9101,2314
2025-06-20,918E,2314
2025-06-20,9268,2314
2025-06-20,9300,2314
2025-06-20,980K,2314
2025-06-20,9666,2314
2025-06-20,9A89,2314
2025-06-20,585U,3040
2025-06-20,5850,3040
2025-06-20,5920,3040
2025-06-20,7790,3040
2025-06-20,8560,3040
2025-06-20,8888,3040
2025-06-20,9268,3040
2025-06-20,5854,3040
2025-06-20,779Z,3040
2025-06-20,8150,3040
2025-06-20,9101,3040
2025-06-20,9227,3040
2025-06-20,9692,3040
2025-06-20,980K,3040
2025-06-20,9300,3040
2025-06-20,9600,3040
2025-06-20,9666,3040
2025-06-20,9800,3040
2025-06-20,9A89,3040
2025-06-20,1440,3081
2025-06-20,1560,3081
2025-06-20,1650,3081
2025-06-20,585U,3081
2025-06-20,8150,3081
2025-06-20,8560,3081
2025-06-20,1480,3081
2025-06-20,5850,3081
2025-06-20,918E,3081
2025-06-20,8440,3081
2025-06-20,9227,3081
2025-06-20,9268,3081
2025-06-20,9692,3081
2025-06-20,980K,3081
2025-06-20,8888,3081
2025-06-20,9300,3081
2025-06-20,9600,3081
2025-06-20,9A9R,3081
2025-06-20,1480,3363
2025-06-20,5850,3363
2025-06-20,585U,3363
2025-06-20,5854,3363
2025-06-20,7790,3363
2025-06-20,9268,3363
2025-06-20,9600,3363
2025-06-20,9666,3363
2025-06-20,5920,3363
2025-06-20,8150,3363
2025-06-20,8440,3363
2025-06-20,8560,3363
2025-06-20,8888,3363
2025-06-20,918E,3363
2025-06-20,9800,3363
2025-06-20,980K,3363
2025-06-20,9A9R,3363
2025-06-20,9692,3363
2025-06-20,1650,4168
2025-06-20,7790,4168
2025-06-20,8440,4168
2025-06-20,8880,4168
2025-06-20,1440,4168
2025-06-20,8888,4168
2025-06-20,9101,4168
2025-06-20,5850,4168
2025-06-20,700C,4168
2025-06-20,8150,4168
2025-06-20,8560,4168
2025-06-20,9227,4168
2025-06-20,9692,4168
2025-06-20,980K,4168
2025-06-20,9A9R,4168
2025-06-20,9268,4168
2025-06-20,9300,4168
2025-06-20,9800,4168
2025-06-20,9666,4168
2025-06-20,9A89,4168
2025-06-20,8560,4804
2025-06-20,8888,4804
2025-06-20,1480,6276
2025-06-20,8560,6276
2025-06-20,5854,6276
2025-06-20,8150,6276
2025-06-20,8888,6276
2025-06-20,9300,6276
2025-06-20,5850,6276
2025-06-20,592A,6276
2025-06-20,779Z,6276
2025-06-20,9800,6276
2025-06-20,9692,6276
2025-06-20,1440,6499
2025-06-20,5850,6499
2025-06-20,8560,6499
2025-06-20,1480,6499
2025-06-20,5854,6499
2025-06-20,700C,6499
2025-06-20,8440,6499
2025-06-20,1650,6499
2025-06-20,7790,6499
2025-06-20,779Z,6499
2025-06-20,8150,6499
2025-06-20,9268,6499
2025-06-20,980K,6499
2025-06-20,9A9R,6499
2025-06-20,8880,6499
2025-06-20,8888,6499
2025-06-20,9101,6499
2025-06-20,918E,6499
2025-06-20,9227,6499
2025-06-20,9300,6499
2025-06-20,9666,6499
2025-06-20,9692,6499
2025-06-20,9800,6499
2025-06-20,1440,6593
2025-06-20,1480,6593
2025-06-20,1650,6593
2025-06-20,5854,6593
2025-06-20,592A,6593
2025-06-20,8150,6593
2025-06-20,5850,6593
2025-06-20,700C,6593
2025-06-20,7790,6593
2025-06-20,8888,6593
2025-06-20,9268,6593
2025-06-20,1560,6593
2025-06-20,8440,6593
2025-06-20,8560,6593
2025-06-20,9600,6593
2025-06-20,9800,6593
2025-06-20,980K,6593
2025-06-20,9A89,6593
2025-06-20,9A9R,6593
2025-06-20,918E,6593
2025-06-20,9227,6593
2025-06-20,9300,6593
2025-06-20,9692,6593
2025-06-20,9666,6593
2025-06-20,1440,6739
2025-06-20,1480,6739
2025-06-20,1560,6739
2025-06-20,5850,6739
2025-06-20,5854,6739
2025-06-20,700C,6739
2025-06-20,8440,6739
2025-06-20,1650,6739
2025-06-20,7790,6739
2025-06-20,8560,6739
2025-06-20,9227,6739
2025-06-20,9268,6739
2025-06-20,9300,6739
2025-06-20,9600,6739
2025-06-20,585U,6739
2025-06-20,5920,6739
2025-06-20,779Z,6739
2025-06-20,8150,6739
2025-06-20,8880,6739
2025-06-20,9101,6739
2025-06-20,9666,6739
2025-06-20,8888,6739
2025-06-20,9692,6739
2025-06-20,9800,6739
2025-06-20,980K,6739
2025-06-20,9A89,6739
2025-06-20,9A9R,6739
2025-06-20,1480,6885
2025-06-20,592A,6885
2025-06-20,700C,6885
2025-06-20,779Z,6885
2025-06-20,5920,6885
2025-06-20,7790,6885
2025-06-20,8150,6885
2025-06-20,918E,6885
2025-06-20,9268,6885
2025-06-20,5850,6885
2025-06-20,9101,6885
2025-06-20,9300,6885
2025-06-20,9692,6885
2025-06-20,9800,6885
2025-06-20,8560,6885
2025-06-20,8888,6885
2025-06-20,9600,6885
2025-06-20,9666,6885
2025-06-20,980K,6885
2025-06-20,9A89,6885
2025-06-20,9A9R,6885
2025-06-20,1440,6895
2025-06-20,1480,6895
2025-06-20,1650,6895
2025-06-20,1560,6895
2025-06-20,5920,6895
2025-06-20,7790,6895
2025-06-20,8150,6895
2025-06-20,8880,6895
2025-06-20,5850,6895
2025-06-20,585U,6895
2025-06-20,8440,6895
2025-06-20,9268,6895
2025-06-20,9692,6895
2025-06-20,8560,6895
2025-06-20,8888,6895
2025-06-20,9600,6895
2025-06-20,9666,6895
2025-06-20,9800,6895
2025-06-20,5850,7642
2025-06-20,592A,7642
2025-06-20,779Z,7642
2025-06-20,8150,7642
2025-06-20,8888,7642
2025-06-20,9227,7642
2025-06-20,7790,7642
2025-06-20,8560,7642
2025-06-20,9101,7642
2025-06-20,9268,7642
2025-06-20,9692,7642
2025-06-20,8880,7642
2025-06-20,9300,7642
2025-06-20,9666,7642
2025-06-20,980K,7642
2025-06-20,9A89,7642
2025-06-23,1560,1235
2025-06-23,7790,1235
2025-06-23,8440,1235
2025-06-23,8888,1235
2025-06-23,9666,1235
2025-06-23,9268,1235
2025-06-23,9800,1235
2025-06-23,9A89,1235
2025-06-23,1480,2314
2025-06-23,8150,2314
2025-06-23,700C,2314
2025-06-23,8560,2314
2025-06-23,9227,2314
2025-06-23,5920,2314
2025-06-23,592A,2314
2025-06-23,9101,2314
2025-06-23,9300,2314
2025-06-23,980K,2314
2025-06-23,8888,2314
2025-06-23,9268,2314
2025-06-23,9600,2314
2025-06-23,9666,2314
2025-06-23,9692,2314
2025-06-23,1440,3040
2025-06-23,1480,3040
2025-06-23,5920,3040
2025-06-23,700C,3040
2025-06-23,8150,3040
2025-06-23,1560,3040
2025-06-23,5850,3040
2025-06-23,779Z,3040
2025-06-23,8560,3040
2025-06-23,8880,3040
2025-06-23,8888,3040
2025-06-23,918E,3040
2025-06-23,1650,3040
2025-06-23,5854,3040
2025-06-23,585U,3040
2025-06-23,592A,3040
2025-06-23,7790,3040
2025-06-23,8440,3040
2025-06-23,9600,3040
2025-06-23,9666,3040
2025-06-23,9A89,3040
2025-06-23,9A9R,3040
2025-06-23,9101,3040
2025-06-23,9268,3040
2025-06-23,9800,3040
2025-06-23,980K,3040
2025-06-23,9227,3040
2025-06-23,9300,3040
2025-06-23,9692,3040
2025-06-23,1440,3081
2025-06-23,1480,3081
2025-06-23,5850,3081
2025-06-23,700C,3081
2025-06-23,7790,3081
2025-06-23,8440,3081
2025-06-23,592A,3081
2025-06-23,8150,3081
2025-06-23,8880,3081
2025-06-23,8888,3081
2025-06-23,918E,3081
2025-06-23,1560,3081
2025-06-23,8560,3081
2025-06-23,9A9R,3081
2025-06-23,9300,3081
2025-06-23,1440,3363
2025-06-23,1480,3363
2025-06-23,5850,3363
2025-06-23,5854,3363
2025-06-23,585U,3363
2025-06-23,8150,3363
2025-06-23,8440,3363
2025-06-23,5920,3363
2025-06-23,7790,3363
2025-06-23,779Z,3363
2025-06-23,8560,3363
2025-06-23,8888,3363
2025-06-23,918E,3363
2025-06-23,9268,3363
2025-06-23,9692,3363
2025-06-23,980K,3363
2025-06-23,9600,3363
2025-06-23,9800,3363
2025-06-23,9A89,3363
2025-06-23,1440,4168
2025-06-23,5850,4168
2025-06-23,585U,4168
2025-06-23,7790,4168
2025-06-23,1650,4168
2025-06-23,5854,4168
2025-06-23,700C,4168
2025-06-23,8150,4168
2025-06-23,8440,4168
2025-06-23,592A,4168
2025-06-23,8560,4168
2025-06-23,8888,4168
2025-06-23,9101,4168
2025-06-23,9227,4168
2025-06-23,9268,4168
2025-06-23,9300,4168
2025-06-23,9800,4168
2025-06-23,9692,4168
2025-06-23,980K,4168
2025-06-23,8560,4804
2025-06-23,8888,4804
2025-06-23,5850,6276
2025-06-23,8150,6276
2025-06-23,8560,6276
2025-06-23,585U,6276
2025-06-23,7790,6276
2025-06-23,9101,6276
2025-06-23,5854,6276
2025-06-23,592A,6276
2025-06-23,918E,6276
2025-06-23,9300,6276
2025-06-23,9800,6276
2025-06-23,9A89,6276
2025-06-23,8888,6276
2025-06-23,9268,6276
2025-06-23,980K,6276
2025-06-23,9692,6276
2025-06-23,5920,6499
2025-06-23,779Z,6499
2025-06-23,8150,6499
2025-06-23,1480,6499
2025-06-23,5850,6499
2025-06-23,585U,6499
2025-06-23,700C,6499
2025-06-23,8560,6499
2025-06-23,5854,6499
2025-06-23,592A,6499
2025-06-23,8440,6499
2025-06-23,980K,6499
2025-06-23,8880,6499
2025-06-23,8888,6499
2025-06-23,9692,6499
2025-06-23,9A9R,6499
2025-06-23,9268,6499
2025-06-23,9300,6499
2025-06-23,9800,6499
2025-06-23,1440,6593
2025-06-23,1480,6593
2025-06-23,1650,6593
2025-06-23,5850,6593
2025-06-23,585U,6593
2025-06-23,5920,6593
2025-06-23,7790,6593
2025-06-23,8150,6593
2025-06-23,8560,6593
2025-06-23,1560,6593
2025-06-23,5854,6593
2025-06-23,592A,6593
2025-06-23,700C,6593
2025-06-23,779Z,6593
2025-06-23,8440,6593
2025-06-23,8888,6593
2025-06-23,9101,6593
2025-06-23,9268,6593
2025-06-23,9600,6593
2025-06-23,9666,6593
2025-06-23,9227,6593
2025-06-23,9300,6593
2025-06-23,9692,6593
2025-06-23,9800,6593
2025-06-23,980K,6593
2025-06-23,9A89,6593
2025-06-23,1440,6739
2025-06-23,5850,6739
2025-06-23,585U,6739
2025-06-23,8150,6739
2025-06-23,1650,6739
2025-06-23,5854,6739
2025-06-23,5920,6739
2025-06-23,592A,6739
2025-06-23,700C,6739
2025-06-23,7790,6739
2025-06-23,779Z,6739
2025-06-23,8440,6739
2025-06-23,8880,6739
2025-06-23,9101,6739
2025-06-23,1480,6739
2025-06-23,1560,6739
2025-06-23,8560,6739
2025-06-23,8888,6739
2025-06-23,9300,6739
2025-06-23,9692,6739
2025-06-23,9800,6739
2025-06-23,9227,6739
2025-06-23,9268,6739
2025-06-23,980K,6739
2025-06-23,9A89,6739
2025-06-23,9A9R,6739
2025-06-23,9600,6739
2025-06-23,9666,6739
2025-06-23,700C,6885
2025-06-23,8440,6885
2025-06-23,5854,6885
2025-06-23,779Z,6885
2025-06-23,8150,6885
2025-06-23,8560,6885
2025-06-23,8888,6885
2025-06-23,9101,6885
2025-06-23,5850,6885
2025-06-23,5920,6885
2025-06-23,7790,6885
2025-06-23,918E,6885
2025-06-23,9692,6885
2025-06-23,9268,6885
2025-06-23,9800,6885
2025-06-23,9A9R,6885
2025-06-23,9227,6885
2025-06-23,9300,6885
2025-06-23,9666,6885
2025-06-23,980K,6885
2025-06-23,1440,6895
2025-06-23,1560,6895
2025-06-23,585U,6895
2025-06-23,700C,6895
2025-06-23,1480,6895
2025-06-23,5854,6895
2025-06-23,779Z,6895
2025-06-23,8150,6895
2025-06-23,8440,6895
2025-06-23,8560,6895
2025-06-23,8888,6895
2025-06-23,1650,6895
2025-06-23,5850,6895
2025-06-23,5920,6895
2025-06-23,7790,6895
2025-06-23,8880,6895
2025-06-23,9268,6895
2025-06-23,9692,6895
2025-06-23,9600,6895
2025-06-23,9800,6895
2025-06-23,918E,6895
2025-06-23,9300,6895
2025-06-23,9666,6895
2025-06-23,9A89,6895
2025-06-23,7790,7642
2025-06-23,8150,7642
2025-06-23,592A,7642
2025-06-23,8888,7642
2025-06-23,9101,7642
2025-06-23,5850,7642
2025-06-23,779Z,7642
2025-06-23,8560,7642
2025-06-23,9300,7642
2025-06-23,9A9R,7642
2025-06-23,918E,7642
2025-06-23,9227,7642
2025-06-23,9268,7642
2025-06-23,980K,7642
2025-06-24,7790,1235
2025-06-24,1480,1235
2025-06-24,9268,1235
2025-06-24,8150,1235
2025-06-24,8888,1235
2025-06-24,9800,1235
2025-06-24,5854,2314
2025-06-24,700C,2314
2025-06-24,1480,2314
2025-06-24,592A,2314
2025-06-24,8150,2314
2025-06-24,8560,2314
2025-06-24,5920,2314
2025-06-24,7790,2314
2025-06-24,9227,2314
2025-06-24,779Z,2314
2025-06-24,8888,2314
2025-06-24,9268,2314
2025-06-24,9600,2314
2025-06-24,9101,2314
2025-06-24,9692,2314
2025-06-24,9A89,2314
2025-06-24,9A9R,2314
2025-06-24,9800,2314
2025-06-24,1560,3040
2025-06-24,1650,3040
2025-06-24,5854,3040
2025-06-24,585U,3040
2025-06-24,7790,3040
2025-06-24,8150,3040
2025-06-24,1440,3040
2025-06-24,1480,3040
2025-06-24,5850,3040
2025-06-24,5920,3040
2025-06-24,592A,3040
2025-06-24,700C,3040
2025-06-24,8560,3040
2025-06-24,8880,3040
2025-06-24,779Z,3040
2025-06-24,8440,3040
2025-06-24,8888,3040
2025-06-24,9101,3040
2025-06-24,918E,3040
2025-06-24,9268,3040
2025-06-24,9692,3040
2025-06-24,9227,3040
2025-06-24,9300,3040
2025-06-24,9600,3040
2025-06-24,9666,3040
2025-06-24,9800,3040
2025-06-24,9A89,3040
2025-06-24,980K,3040
2025-06-24,1480,3081
2025-06-24,1440,3081
2025-06-24,5850,3081
2025-06-24,1560,3081
2025-06-24,5920,3081
2025-06-24,700C,3081
2025-06-24,7790,3081
2025-06-24,8440,3081
2025-06-24,8880,3081
2025-06-24,918E,3081
2025-06-24,9268,3081
2025-06-24,8150,3081
2025-06-24,8560,3081
2025-06-24,9692,3081
2025-06-24,8888,3081
2025-06-24,9227,3081
2025-06-24,9A9R,3081
2025-06-24,9300,3081
2025-06-24,9666,3081
2025-06-24,9800,3081
2025-06-24,980K,3081
2025-06-24,1480,3363
2025-06-24,5920,3363
2025-06-24,700C,3363
2025-06-24,7790,3363
2025-06-24,1650,3363
2025-06-24,592A,3363
2025-06-24,8150,3363
2025-06-24,8440,3363
2025-06-24,1440,3363
2025-06-24,1560,3363
2025-06-24,5850,3363
2025-06-24,5854,3363
2025-06-24,585U,3363
2025-06-24,779Z,3363
2025-06-24,9227,3363
2025-06-24,8560,3363
2025-06-24,8888,3363
2025-06-24,918E,3363
2025-06-24,9300,3363
2025-06-24,9600,3363
2025-06-24,9666,3363
2025-06-24,8880,3363
2025-06-24,9101,3363
2025-06-24,9692,3363
2025-06-24,980K,3363
2025-06-24,9A89,3363
2025-06-24,9268,3363
2025-06-24,9800,3363
2025-06-24,9A9R,3363
2025-06-24,585U,4168
2025-06-24,7790,4168
2025-06-24,1650,4168
2025-06-24,5850,4168
2025-06-24,5854,4168
2025-06-24,700C,4168
2025-06-24,8150,4168
2025-06-24,8440,4168
2025-06-24,1440,4168
2025-06-24,779Z,4168
2025-06-24,8560,4168
2025-06-24,8888,4168
2025-06-24,9300,4168
2025-06-24,9692,4168
2025-06-24,9268,4168
2025-06-24,9600,4168
2025-06-24,9800,4168
2025-06-24,980K,4168
2025-06-24,8150,4804
2025-06-24,8888,4804
2025-06-24,8560,4804
2025-06-24,980K,4804
2025-06-24,9800,4804
2025-06-24,5850,6276
2025-06-24,5920,6276
2025-06-24,779Z,6276
2025-06-24,8150,6276
2025-06-24,8880,6276
2025-06-24,918E,6276
2025-06-24,8560,6276
2025-06-24,9268,6276
2025-06-24,9692,6276
2025-06-24,8888,6276
2025-06-24,9101,6276
2025-06-24,9300,6276
2025-06-24,9800,6276
2025-06-24,980K,6276
2025-06-24,9A9R,6276
2025-06-24,5854,6499
2025-06-24,7790,6499
2025-06-24,5850,6499
2025-06-24,592A,6499
2025-06-24,8150,6499
2025-06-24,1480,6499
2025-06-24,700C,6499
2025-06-24,8888,6499
2025-06-24,9227,6499
2025-06-24,8880,6499
2025-06-24,8560,6499
2025-06-24,9268,6499
2025-06-24,9692,6499
2025-06-24,9300,6499
2025-06-24,9800,6499
2025-06-24,980K,6499
2025-06-24,9A9R,6499
2025-06-24,1440,6593
2025-06-24,1480,6593
2025-06-24,1650,6593
2025-06-24,5850,6593
2025-06-24,5854,6593
2025-06-24,700C,6593
2025-06-24,1560,6593
2025-06-24,592A,6593
2025-06-24,7790,6593
2025-06-24,779Z,6593
2025-06-24,8150,6593
2025-06-24,8888,6593
2025-06-24,9227,6593
2025-06-24,8440,6593
2025-06-24,918E,6593
2025-06-24,8560,6593
2025-06-24,9101,6593
2025-06-24,9268,6593
2025-06-24,9300,6593
2025-06-24,9666,6593
2025-06-24,9692,6593
2025-06-24,980K,6593
2025-06-24,9A89,6593
2025-06-24,9800,6593
2025-06-24,9A9R,6593
2025-06-24,1440,6739
2025-06-24,1560,6739
2025-06-24,1650,6739
2025-06-24,5854,6739
2025-06-24,5920,6739
2025-06-24,592A,6739
2025-06-24,1480,6739
2025-06-24,585U,6739
2025-06-24,7790,6739
2025-06-24,8440,6739
2025-06-24,8560,6739
2025-06-24,5850,6739
2025-06-24,9227,6739
2025-06-24,8150,6739
2025-06-24,918E,6739
2025-06-24,9300,6739
2025-06-24,9600,6739
2025-06-24,8880,6739
2025-06-24,8888,6739
2025-06-24,9101,6739
2025-06-24,9268,6739
2025-06-24,9666,6739
2025-06-24,9800,6739
2025-06-24,9A89,6739
2025-06-24,9692,6739
2025-06-24,980K,6739
2025-06-24,1440,6885
2025-06-24,1480,6885
2025-06-24,592A,6885
2025-06-24,700C,6885
2025-06-24,7790,6885
2025-06-24,1650,6885
2025-06-24,5850,6885
2025-06-24,5854,6885
2025-06-24,779Z,6885
2025-06-24,1560,6885
2025-06-24,8150,6885
2025-06-24,8440,6885
2025-06-24,8888,6885
2025-06-24,918E,6885
2025-06-24,9692,6885
2025-06-24,9800,6885
2025-06-24,8560,6885
2025-06-24,9101,6885
2025-06-24,9268,6885
2025-06-24,9666,6885
2025-06-24,9300,6885
2025-06-24,9600,6885
2025-06-24,980K,6885
2025-06-24,9A9R,6885
2025-06-24,1440,6895
2025-06-24,1480,6895
2025-06-24,700C,6895
2025-06-24,1650,6895
2025-06-24,5850,6895
2025-06-24,5854,6895
2025-06-24,585U,6895
2025-06-24,7790,6895
2025-06-24,1560,6895
2025-06-24,8150,6895
2025-06-24,8440,6895
2025-06-24,8880,6895
2025-06-24,8888,6895
2025-06-24,918E,6895
2025-06-24,9227,6895
2025-06-24,9692,6895
2025-06-24,8560,6895
2025-06-24,9101,6895
2025-06-24,9268,6895
2025-06-24,9300,6895
2025-06-24,9600,6895
2025-06-24,9800,6895
2025-06-24,980K,6895
2025-06-24,9A89,6895
2025-06-24,9A9R,6895
2025-06-24,5850,7642
2025-06-24,5854,7642
2025-06-24,700C,7642
2025-06-24,8888,7642
2025-06-24,9101,7642
2025-06-24,7790,7642
2025-06-24,779Z,7642
2025-06-24,8150,7642
2025-06-24,8560,7642
2025-06-24,918E,7642
2025-06-24,9268,7642
2025-06-24,9300,7642
2025-06-24,9600,7642
2025-06-24,9692,7642
2025-06-24,980K,7642
2025-06-24,9666,7642
2025-06-24,9A89,7642
2025-06-25,7790,1235
2025-06-25,1480,2314
2025-06-25,5850,2314
2025-06-25,5920,2314
2025-06-25,700C,2314
2025-06-25,8150,2314
2025-06-25,9101,2314
2025-06-25,592A,2314
2025-06-25,8560,2314
2025-06-25,8888,2314
2025-06-25,9692,2314
2025-06-25,9666,2314
2025-06-25,9600,2314
2025-06-25,9A89,2314
2025-06-25,9A9R,2314
2025-06-25,1650,3040
2025-06-25,1440,3040
2025-06-25,1480,3040
2025-06-25,5854,3040
2025-06-25,7790,3040
2025-06-25,8150,3040
2025-06-25,5850,3040
2025-06-25,592A,3040
2025-06-25,700C,3040
2025-06-25,779Z,3040
2025-06-25,8880,3040
2025-06-25,585U,3040
2025-06-25,5920,3040
2025-06-25,8888,3040
2025-06-25,9101,3040
2025-06-25,9300,3040
2025-06-25,9692,3040
2025-06-25,9800,3040
2025-06-25,8440,3040
2025-06-25,8560,3040
2025-06-25,9268,3040
2025-06-25,980K,3040
2025-06-25,9666,3040
2025-06-25,9A9R,3040
2025-06-25,1480,3081
2025-06-25,5850,3081
2025-06-25,1560,3081
2025-06-25,7790,3081
2025-06-25,1440,3081
2025-06-25,1650,3081
2025-06-25,5920,3081
2025-06-25,592A,3081
2025-06-25,8150,3081
2025-06-25,8440,3081
2025-06-25,8888,3081
2025-06-25,9268,3081
2025-06-25,9227,3081
2025-06-25,9300,3081
2025-06-25,8560,3081
2025-06-25,918E,3081
2025-06-25,9692,3081
2025-06-25,9A9R,3081
2025-06-25,980K,3081
2025-06-25,1440,3363
2025-06-25,1560,3363
2025-06-25,5850,3363
2025-06-25,585U,3363
2025-06-25,5920,3363
2025-06-25,592A,3363
2025-06-25,779Z,3363
2025-06-25,8150,3363
2025-06-25,1480,3363
2025-06-25,1650,3363
2025-06-25,700C,3363
2025-06-25,8880,3363
2025-06-25,9101,3363
2025-06-25,5854,3363
2025-06-25,7790,3363
2025-06-25,8560,3363
2025-06-25,8888,3363
2025-06-25,918E,3363
2025-06-25,9692,3363
2025-06-25,8440,3363
2025-06-25,9227,3363
2025-06-25,9268,3363
2025-06-25,9300,3363
2025-06-25,9600,3363
2025-06-25,9666,3363
2025-06-25,9800,3363
2025-06-25,9A9R,3363
2025-06-25,980K,3363
2025-06-25,9A89,3363
2025-06-25,1650,4168
2025-06-25,1440,4168
2025-06-25,592A,4168
2025-06-25,700C,4168
2025-06-25,5854,4168
2025-06-25,8150,4168
2025-06-25,9268,4168
2025-06-25,8440,4168
2025-06-25,8888,4168
2025-06-25,9600,4168
2025-06-25,8560,4168
2025-06-25,9800,4168
2025-06-25,9300,4168
2025-06-25,8150,4804
2025-06-25,8888,4804
2025-06-25,8560,4804
2025-06-25,9300,4804
2025-06-25,9800,4804
2025-06-25,9A9R,4804
2025-06-25,5850,6276
2025-06-25,592A,6276
2025-06-25,779Z,6276
2025-06-25,918E,6276
2025-06-25,9268,6276
2025-06-25,8150,6276
2025-06-25,8560,6276
2025-06-25,9300,6276
2025-06-25,9692,6276
2025-06-25,8888,6276
2025-06-25,9800,6276
2025-06-25,980K,6276
2025-06-25,5850,6499
2025-06-25,592A,6499
2025-06-25,1480,6499
2025-06-25,8150,6499
2025-06-25,8440,6499
2025-06-25,8880,6499
2025-06-25,9300,6499
2025-06-25,8560,6499
2025-06-25,8888,6499
2025-06-25,9268,6499
2025-06-25,9692,6499
2025-06-25,9800,6499
2025-06-25,980K,6499
2025-06-25,5850,6593
2025-06-25,1480,6593
2025-06-25,1650,6593
2025-06-25,7790,6593
2025-06-25,8150,6593
2025-06-25,1440,6593
2025-06-25,700C,6593
2025-06-25,779Z,6593
2025-06-25,8560,6593
2025-06-25,8888,6593
2025-06-25,9101,6593
2025-06-25,918E,6593
2025-06-25,592A,6593
2025-06-25,8880,6593
2025-06-25,9227,6593
2025-06-25,9268,6593
2025-06-25,9666,6593
2025-06-25,9800,6593
2025-06-25,8440,6593
2025-06-25,9600,6593
2025-06-25,9A89,6593
2025-06-25,9300,6593
2025-06-25,9692,6593
2025-06-25,980K,6593
2025-06-25,1440,6739
2025-06-25,1560,6739
2025-06-25,1650,6739
2025-06-25,5850,6739
2025-06-25,5920,6739
2025-06-25,1480,6739
2025-06-25,5854,6739
2025-06-25,700C,6739
2025-06-25,7790,6739
2025-06-25,779Z,6739
2025-06-25,8560,6739
2025-06-25,9101,6739
2025-06-25,585U,6739
2025-06-25,592A,6739
2025-06-25,8150,6739
2025-06-25,8888,6739
2025-06-25,9227,6739
2025-06-25,9268,6739
2025-06-25,9666,6739
2025-06-25,8440,6739
2025-06-25,8880,6739
2025-06-25,9800,6739
2025-06-25,9A89,6739
2025-06-25,9300,6739
2025-06-25,9600,6739
2025-06-25,9692,6739
2025-06-25,980K,6739
2025-06-25,9A9R,6739
2025-06-25,1440,6885
2025-06-25,1560,6885
2025-06-25,5850,6885
2025-06-25,5920,6885
2025-06-25,700C,6885
2025-06-25,7790,6885
2025-06-25,1480,6885
2025-06-25,1650,6885
2025-06-25,5854,6885
2025-06-25,592A,6885
2025-06-25,8150,6885
2025-06-25,8440,6885
2025-06-25,8560,6885
2025-06-25,8888,6885
2025-06-25,585U,6885
2025-06-25,779Z,6885
2025-06-25,9268,6885
2025-06-25,9692,6885
2025-06-25,9101,6885
2025-06-25,9300,6885
2025-06-25,9800,6885
2025-06-25,980K,6885
2025-06-25,9A89,6885
2025-06-25,9A9R,6885
2025-06-25,9600,6885
2025-06-25,9666,6885
2025-06-25,1480,6895
2025-06-25,1560,6895
2025-06-25,5920,6895
2025-06-25,7790,6895
2025-06-25,8150,6895
2025-06-25,1650,6895
2025-06-25,8560,6895
2025-06-25,8880,6895
2025-06-25,9227,6895
2025-06-25,5850,6895
2025-06-25,8440,6895
2025-06-25,9692,6895
2025-06-25,8888,6895
2025-06-25,9101,6895
2025-06-25,9300,6895
2025-06-25,9268,6895
2025-06-25,9600,6895
2025-06-25,9800,6895
2025-06-25,8150,7642
2025-06-25,5854,7642
2025-06-25,8888,7642
2025-06-25,9227,7642
2025-06-25,9268,7642
2025-06-25,5850,7642
2025-06-25,7790,7642
2025-06-25,779Z,7642
2025-06-25,8560,7642
2025-06-25,9800,7642
2025-06-25,918E,7642
2025-06-25,9692,7642
2025-06-25,980K,7642
2025-06-25,9A89,7642
2025-06-25,9A9R,7642
2025-06-25,9600,7642
2025-06-25,9666,7642
2025-06-26,7790,1235
2025-06-26,9268,1235
2025-06-26,1440,1235
2025-06-26,8440,1235
2025-06-26,8888,1235
2025-06-26,9800,1235
2025-06-26,700C,2314
2025-06-26,8150,2314
2025-06-26,8560,2314
2025-06-26,1480,2314
2025-06-26,5850,2314
2025-06-26,5854,2314
2025-06-26,8888,2314
2025-06-26,9666,2314
2025-06-26,5920,2314
2025-06-26,592A,2314
2025-06-26,779Z,2314
2025-06-26,9268,2314
2025-06-26,9692,2314
2025-06-26,980K,2314
2025-06-26,9800,2314
2025-06-26,9A89,2314
2025-06-26,1440,3040
2025-06-26,1650,3040
2025-06-26,5920,3040
2025-06-26,592A,3040
2025-06-26,5850,3040
2025-06-26,779Z,3040
2025-06-26,8150,3040
2025-06-26,8440,3040
2025-06-26,8560,3040
2025-06-26,8888,3040
2025-06-26,8880,3040
2025-06-26,9101,3040
2025-06-26,9268,3040
2025-06-26,9692,3040
2025-06-26,1480,3040
2025-06-26,9600,3040
2025-06-26,9800,3040
2025-06-26,9A89,3040
2025-06-26,9A9R,3040
2025-06-26,9300,3040
2025-06-26,980K,3040
2025-06-26,1480,3081
2025-06-26,1560,3081
2025-06-26,5920,3081
2025-06-26,592A,3081
2025-06-26,1440,3081
2025-06-26,5850,3081
2025-06-26,700C,3081
2025-06-26,8150,3081
2025-06-26,9101,3081
2025-06-26,918E,3081
2025-06-26,9268,3081
2025-06-26,8560,3081
2025-06-26,8880,3081
2025-06-26,9227,3081
2025-06-26,9692,3081
2025-06-26,1650,3081
2025-06-26,8440,3081
2025-06-26,8888,3081
2025-06-26,9600,3081
2025-06-26,9A9R,3081
2025-06-26,9300,3081
2025-06-26,9800,3081
2025-06-26,980K,3081
2025-06-26,1440,3363
2025-06-26,5854,3363
2025-06-26,779Z,3363
2025-06-26,8440,3363
2025-06-26,1560,3363
2025-06-26,1650,3363
2025-06-26,5850,3363
2025-06-26,585U,3363
2025-06-26,5920,3363
2025-06-26,700C,3363
2025-06-26,7790,3363
2025-06-26,8560,3363
2025-06-26,8888,3363
2025-06-26,9227,3363
2025-06-26,9600,3363
2025-06-26,1480,3363
2025-06-26,592A,3363
2025-06-26,8150,3363
2025-06-26,8880,3363
2025-06-26,9101,3363
2025-06-26,918E,3363
2025-06-26,9268,3363
2025-06-26,9692,3363
2025-06-26,9800,3363
2025-06-26,980K,3363
2025-06-26,9300,3363
2025-06-26,9666,3363
2025-06-26,9A89,3363
2025-06-26,9A9R,3363
2025-06-26,8440,4168
2025-06-26,8150,4168
2025-06-26,8888,4168
2025-06-26,9227,4168
2025-06-26,1650,4168
2025-06-26,700C,4168
2025-06-26,8560,4168
2025-06-26,9268,4168
2025-06-26,9300,4168
2025-06-26,9600,4168
2025-06-26,9800,4168
2025-06-26,980K,4168
2025-06-26,5850,4804
2025-06-26,8888,4804
2025-06-26,8150,4804
2025-06-26,8560,4804
2025-06-26,9300,4804
2025-06-26,980K,4804
2025-06-26,592A,6276
2025-06-26,5850,6276
2025-06-26,5854,6276
2025-06-26,5920,6276
2025-06-26,8150,6276
2025-06-26,8880,6276
2025-06-26,918E,6276
2025-06-26,9268,6276
2025-06-26,8560,6276
2025-06-26,9692,6276
2025-06-26,8888,6276
2025-06-26,9666,6276
2025-06-26,9A89,6276
2025-06-26,9300,6276
2025-06-26,9600,6276
2025-06-26,9800,6276
2025-06-26,1480,6499
2025-06-26,5850,6499
2025-06-26,8150,6499
2025-06-26,8440,6499
2025-06-26,8880,6499
2025-06-26,9101,6499
2025-06-26,8560,6499
2025-06-26,8888,6499
2025-06-26,9268,6499
2025-06-26,9692,6499
2025-06-26,9800,6499
2025-06-26,980K,6499
2025-06-26,1440,6593
2025-06-26,1480,6593
2025-06-26,1650,6593
2025-06-26,5854,6593
2025-06-26,5920,6593
2025-06-26,700C,6593
2025-06-26,7790,6593
2025-06-26,779Z,6593
2025-06-26,5850,6593
2025-06-26,585U,6593
2025-06-26,8440,6593
2025-06-26,8880,6593
2025-06-26,918E,6593
2025-06-26,9227,6593
2025-06-26,8560,6593
2025-06-26,8888,6593
2025-06-26,9268,6593
2025-06-26,9666,6593
2025-06-26,592A,6593
2025-06-26,8150,6593
2025-06-26,9101,6593
2025-06-26,9600,6593
2025-06-26,980K,6593
2025-06-26,9A9R,6593
2025-06-26,9300,6593
2025-06-26,9692,6593
2025-06-26,9800,6593
2025-06-26,9A89,6593
2025-06-26,1650,6739
2025-06-26,5850,6739
2025-06-26,779Z,6739
2025-06-26,1440,6739
2025-06-26,1480,6739
2025-06-26,592A,6739
2025-06-26,8150,6739
2025-06-26,9227,6739
2025-06-26,8880,6739
2025-06-26,9268,6739
2025-06-26,9666,6739
2025-06-26,5854,6739
2025-06-26,5920,6739
2025-06-26,7790,6739
2025-06-26,8560,6739
2025-06-26,8888,6739
2025-06-26,9101,6739
2025-06-26,9300,6739
2025-06-26,9600,6739
2025-06-26,980K,6739
2025-06-26,9692,6739
2025-06-26,9A89,6739
2025-06-26,1650,6885
2025-06-26,8150,6885
2025-06-26,1480,6885
2025-06-26,5850,6885
2025-06-26,5920,6885
2025-06-26,7790,6885
2025-06-26,918E,6885
2025-06-26,9227,6885
2025-06-26,9268,6885
2025-06-26,8560,6885
2025-06-26,8888,6885
2025-06-26,9101,6885
2025-06-26,9600,6885
2025-06-26,1440,6885
2025-06-26,1560,6885
2025-06-26,779Z,6885
2025-06-26,8440,6885
2025-06-26,9692,6885
2025-06-26,9800,6885
2025-06-26,9A9R,6885
2025-06-26,9666,6885
2025-06-26,980K,6885
2025-06-26,1440,6895
2025-06-26,5850,6895
2025-06-26,9227,6895
2025-06-26,8560,6895
2025-06-26,8880,6895
2025-06-26,8888,6895
2025-06-26,9268,6895
2025-06-26,8440,6895
2025-06-26,9800,6895
2025-06-26,5850,7642
2025-06-26,7790,7642
2025-06-26,8560,7642
2025-06-26,8880,7642
2025-06-26,8888,7642
2025-06-26,8150,7642
2025-06-26,918E,7642
2025-06-26,9227,7642
2025-06-26,9692,7642
2025-06-26,9268,7642
2025-06-26,9666,7642
2025-06-26,980K,7642
2025-06-26,9800,7642
2025-06-27,1480,1235
2025-06-27,1650,1235
2025-06-27,1440,1235
2025-06-27,7790,1235
2025-06-27,8888,1235
2025-06-27,9800,1235
2025-06-27,9268,1235
2025-06-27,9300,1235
2025-06-27,5850,2314
2025-06-27,1480,2314
2025-06-27,8150,2314
2025-06-27,8560,2314
2025-06-27,8888,2314
2025-06-27,9268,2314
2025-06-27,8440,2314
2025-06-27,9800,2314
2025-06-27,9692,2314
2025-06-27,980K,2314
2025-06-27,9A89,2314
2025-06-27,5854,3040
2025-06-27,592A,3040
2025-06-27,7790,3040
2025-06-27,779Z,3040
2025-06-27,1440,3040
2025-06-27,5850,3040
2025-06-27,8880,3040
2025-06-27,1650,3040
2025-06-27,8150,3040
2025-06-27,8440,3040
2025-06-27,8560,3040
2025-06-27,8888,3040
2025-06-27,9300,3040
2025-06-27,9600,3040
2025-06-27,9268,3040
2025-06-27,9666,3040
2025-06-27,9101,3040
2025-06-27,9692,3040
2025-06-27,9800,3040
2025-06-27,980K,3040
2025-06-27,9A9R,3040
2025-06-27,1480,3081
2025-06-27,592A,3081
2025-06-27,1440,3081
2025-06-27,5850,3081
2025-06-27,8440,3081
2025-06-27,8888,3081
2025-06-27,1560,3081
2025-06-27,8150,3081
2025-06-27,9268,3081
2025-06-27,9300,3081
2025-06-27,9600,3081
2025-06-27,8560,3081
2025-06-27,9692,3081
2025-06-27,9101,3081
2025-06-27,918E,3081
2025-06-27,980K,3081
2025-06-27,9A9R,3081
2025-06-27,1440,3363
2025-06-27,5854,3363
2025-06-27,1480,3363
2025-06-27,1560,3363
2025-06-27,5850,3363
2025-06-27,592A,3363
2025-06-27,7790,3363
2025-06-27,779Z,3363
2025-06-27,8560,3363
2025-06-27,8888,3363
2025-06-27,1650,3363
2025-06-27,5920,3363
2025-06-27,8440,3363
2025-06-27,8880,3363
2025-06-27,9101,3363
2025-06-27,9268,3363
2025-06-27,9692,3363
2025-06-27,8150,3363
2025-06-27,918E,3363
2025-06-27,9227,3363
2025-06-27,9300,3363
2025-06-27,9600,3363
2025-06-27,9800,3363
2025-06-27,9666,3363
2025-06-27,980K,3363
2025-06-27,9A89,3363
2025-06-27,9A9R,3363
2025-06-27,1650,4168
2025-06-27,7790,4168
2025-06-27,8150,4168
2025-06-27,5850,4168
2025-06-27,5854,4168
2025-06-27,8440,4168
2025-06-27,8560,4168
2025-06-27,9227,4168
2025-06-27,9600,4168
2025-06-27,8888,4168
2025-06-27,9268,4168
2025-06-27,9800,4168
2025-06-27,9300,4168
2025-06-27,980K,4168
2025-06-27,9A9R,4168
2025-06-27,779Z,4804
2025-06-27,8560,4804
2025-06-27,8150,4804
2025-06-27,8888,4804
2025-06-27,9300,4804
2025-06-27,9666,4804
2025-06-27,980K,4804
2025-06-27,1560,6276
2025-06-27,5854,6276
2025-06-27,592A,6276
2025-06-27,7790,6276
2025-06-27,1440,6276
2025-06-27,5920,6276
2025-06-27,779Z,6276
2025-06-27,1480,6276
2025-06-27,1650,6276
2025-06-27,5850,6276
2025-06-27,700C,6276
2025-06-27,8150,6276
2025-06-27,8440,6276
2025-06-27,9101,6276
2025-06-27,9600,6276
2025-06-27,9666,6276
2025-06-27,9800,6276
2025-06-27,8560,6276
2025-06-27,8880,6276
2025-06-27,8888,6276
2025-06-27,9227,6276
2025-06-27,9692,6276
2025-06-27,980K,6276
2025-06-27,918E,6276
2025-06-27,9268,6276
2025-06-27,9300,6276
2025-06-27,585U,6499
2025-06-27,5920,6499
2025-06-27,1480,6499
2025-06-27,5850,6499
2025-06-27,7790,6499
2025-06-27,8560,6499
2025-06-27,8150,6499
2025-06-27,8440,6499
2025-06-27,9101,6499
2025-06-27,9300,6499
2025-06-27,9692,6499
2025-06-27,779Z,6499
2025-06-27,8880,6499
2025-06-27,8888,6499
2025-06-27,9268,6499
2025-06-27,980K,6499
2025-06-27,9800,6499
2025-06-27,5850,6593
2025-06-27,700C,6593
2025-06-27,1440,6593
2025-06-27,1650,6593
2025-06-27,5854,6593
2025-06-27,592A,6593
2025-06-27,1480,6593
2025-06-27,5920,6593
2025-06-27,7790,6593
2025-06-27,779Z,6593
2025-06-27,8560,6593
2025-06-27,8888,6593
2025-06-27,9268,6593
2025-06-27,8150,6593
2025-06-27,8440,6593
2025-06-27,9227,6593
2025-06-27,9300,6593
2025-06-27,9666,6593
2025-06-27,9800,6593
2025-06-27,9A89,6593
2025-06-27,9692,6593
2025-06-27,980K,6593
2025-06-27,9A9R,6593
2025-06-27,7790,6739
2025-06-27,1480,6739
2025-06-27,5850,6739
2025-06-27,8560,6739
2025-06-27,8880,6739
2025-06-27,1650,6739
2025-06-27,5920,6739
2025-06-27,779Z,6739
2025-06-27,8150,6739
2025-06-27,9800,6739
2025-06-27,8888,6739
2025-06-27,9227,6739
2025-06-27,9300,6739
2025-06-27,9600,6739
2025-06-27,9268,6739
2025-06-27,9692,6739
2025-06-27,980K,6739
2025-06-27,5850,6885
2025-06-27,1440,6885
2025-06-27,1480,6885
2025-06-27,1560,6885
2025-06-27,7790,6885
2025-06-27,8150,6885
2025-06-27,8440,6885
2025-06-27,8888,6885
2025-06-27,1650,6885
2025-06-27,592A,6885
2025-06-27,9227,6885
2025-06-27,9692,6885
2025-06-27,8560,6885
2025-06-27,9101,6885
2025-06-27,9268,6885
2025-06-27,9300,6885
2025-06-27,9666,6885
2025-06-27,9800,6885
2025-06-27,9A9R,6885
2025-06-27,5850,6895
2025-06-27,779Z,6895
2025-06-27,8150,6895
2025-06-27,8880,6895
2025-06-27,8888,6895
2025-06-27,9227,6895
2025-06-27,9268,6895
2025-06-27,9692,6895
2025-06-27,8440,6895
2025-06-27,8560,6895
2025-06-27,9800,6895
2025-06-27,980K,6895
2025-06-27,9101,6895
2025-06-27,9300,6895
2025-06-27,9A9R,6895
2025-06-27,700C,7642
2025-06-27,8560,7642
2025-06-27,5850,7642
2025-06-27,7790,7642
2025-06-27,9666,7642
2025-06-27,9692,7642
2025-06-27,8150,7642
2025-06-27,9268,7642
2025-06-27,9800,7642
2025-06-27,980K,7642
2025-06-27,9A89,7642
2025-06-27,8888,7642
2025-06-27,9101,7642
2025-06-27,918E,7642
2025-06-27,9300,7642
2025-06-27,9600,7642
2025-06-27,9A9R,7642
2025-06-30,9268,1235
2025-06-30,9666,1235
2025-06-30,9800,1235
2025-06-30,1480,2314
2025-06-30,1440,2314
2025-06-30,8150,2314
2025-06-30,5850,2314
2025-06-30,8560,2314
2025-06-30,8888,2314
2025-06-30,9800,2314
2025-06-30,9666,2314
2025-06-30,9268,2314
2025-06-30,9300,2314
2025-06-30,980K,2314
2025-06-30,1440,3040
2025-06-30,585U,3040
2025-06-30,1650,3040
2025-06-30,5854,3040
2025-06-30,7790,3040
2025-06-30,8440,3040
2025-06-30,8880,3040
2025-06-30,5850,3040
2025-06-30,5920,3040
2025-06-30,592A,3040
2025-06-30,8150,3040
2025-06-30,9101,3040
2025-06-30,779Z,3040
2025-06-30,8560,3040
2025-06-30,8888,3040
2025-06-30,918E,3040
2025-06-30,9268,3040
2025-06-30,9800,3040
2025-06-30,980K,3040
2025-06-30,9A9R,3040
2025-06-30,9692,3040
2025-06-30,9300,3040
2025-06-30,9666,3040
2025-06-30,1650,3081
2025-06-30,5850,3081
2025-06-30,1480,3081
2025-06-30,1560,3081
2025-06-30,5854,3081
2025-06-30,585U,3081
2025-06-30,700C,3081
2025-06-30,8440,3081
2025-06-30,8880,3081
2025-06-30,1440,3081
2025-06-30,5920,3081
2025-06-30,592A,3081
2025-06-30,7790,3081
2025-06-30,8560,3081
2025-06-30,9101,3081
2025-06-30,9268,3081
2025-06-30,9300,3081
2025-06-30,779Z,3081
2025-06-30,8150,3081
2025-06-30,918E,3081
2025-06-30,9227,3081
2025-06-30,9600,3081
2025-06-30,9800,3081
2025-06-30,9A9R,3081
2025-06-30,9666,3081
2025-06-30,8888,3081
2025-06-30,9692,3081
2025-06-30,980K,3081
2025-06-30,9A89,3081
2025-06-30,1440,3363
2025-06-30,1560,3363
2025-06-30,1650,3363
2025-06-30,5850,3363
2025-06-30,592A,3363
2025-06-30,779Z,3363
2025-06-30,8440,3363
2025-06-30,8880,3363
2025-06-30,1480,3363
2025-06-30,5854,3363
2025-06-30,585U,3363
2025-06-30,8150,3363
2025-06-30,8888,3363
2025-06-30,9227,3363
2025-06-30,9300,3363
2025-06-30,700C,3363
2025-06-30,7790,3363
2025-06-30,8560,3363
2025-06-30,9101,3363
2025-06-30,9268,3363
2025-06-30,9666,3363
2025-06-30,9692,3363
2025-06-30,9600,3363
2025-06-30,9800,3363
2025-06-30,980K,3363
2025-06-30,9A89,3363
2025-06-30,9A9R,3363
2025-06-30,918E,3363
2025-06-30,1440,4168
2025-06-30,700C,4168
2025-06-30,8560,4168
2025-06-30,1650,4168
2025-06-30,8888,4168
2025-06-30,9101,4168
2025-06-30,9268,4168
2025-06-30,7790,4168
2025-06-30,8440,4168
2025-06-30,9300,4168
2025-06-30,9800,4168
2025-06-30,8560,4804
2025-06-30,9800,4804
2025-06-30,8888,4804
2025-06-30,1440,6276
2025-06-30,1650,6276
2025-06-30,5850,6276
2025-06-30,1480,6276
2025-06-30,1560,6276
2025-06-30,592A,6276
2025-06-30,8560,6276
2025-06-30,8888,6276
2025-06-30,5854,6276
2025-06-30,5920,6276
2025-06-30,700C,6276
2025-06-30,8150,6276
2025-06-30,8440,6276
2025-06-30,9101,6276
2025-06-30,9268,6276
2025-06-30,9800,6276
2025-06-30,9A89,6276
2025-06-30,9227,6276
2025-06-30,9300,6276
2025-06-30,9692,6276
2025-06-30,980K,6276
2025-06-30,1480,6499
2025-06-30,5850,6499
2025-06-30,700C,6499
2025-06-30,8150,6499
2025-06-30,8440,6499
2025-06-30,8560,6499
2025-06-30,9268,6499
2025-06-30,8888,6499
2025-06-30,9692,6499
2025-06-30,9800,6499
2025-06-30,9A9R,6499
2025-06-30,9300,6499
2025-06-30,9666,6499
2025-06-30,980K,6499
2025-06-30,1440,6593
2025-06-30,1480,6593
2025-06-30,1650,6593
2025-06-30,5920,6593
2025-06-30,700C,6593
2025-06-30,5850,6593
2025-06-30,592A,6593
2025-06-30,7790,6593
2025-06-30,8888,6593
2025-06-30,918E,6593
2025-06-30,9227,6593
2025-06-30,9300,6593
2025-06-30,9600,6593
2025-06-30,5854,6593
2025-06-30,8150,6593
2025-06-30,8440,6593
2025-06-30,8560,6593
2025-06-30,9101,6593
2025-06-30,9692,6593
2025-06-30,9800,6593
2025-06-30,980K,6593
2025-06-30,9A9R,6593
2025-06-30,9268,6593
2025-06-30,9666,6593
2025-06-30,9A89,6593
2025-06-30,5850,6739
2025-06-30,1480,6739
2025-06-30,1650,6739
2025-06-30,5920,6739
2025-06-30,8560,6739
2025-06-30,8150,6739
2025-06-30,8880,6739
2025-06-30,8888,6739
2025-06-30,7790,6739
2025-06-30,9692,6739
2025-06-30,980K,6739
2025-06-30,9600,6739
2025-06-30,9A9R,6739
2025-06-30,9268,6739
2025-06-30,9300,6739
2025-06-30,1480,6885
2025-06-30,1650,6885
2025-06-30,779Z,6885
2025-06-30,8880,6885
2025-06-30,1440,6885
2025-06-30,1560,6885
2025-06-30,5850,6885
2025-06-30,7790,6885
2025-06-30,8150,6885
2025-06-30,8440,6885
2025-06-30,918E,6885
2025-06-30,9268,6885
2025-06-30,592A,6885
2025-06-30,8560,6885
2025-06-30,8888,6885
2025-06-30,9227,6885
2025-06-30,9666,6885
2025-06-30,9A89,6885
2025-06-30,9600,6885
2025-06-30,9692,6885
2025-06-30,9800,6885
2025-06-30,980K,6885
2025-06-30,9101,6885
2025-06-30,779Z,6895
2025-06-30,1480,6895
2025-06-30,5850,6895
2025-06-30,5854,6895
2025-06-30,8150,6895
2025-06-30,8440,6895
2025-06-30,8880,6895
2025-06-30,9268,6895
2025-06-30,8560,6895
2025-06-30,8888,6895
2025-06-30,9227,6895
2025-06-30,9692,6895
2025-06-30,9800,6895
2025-06-30,980K,6895
2025-06-30,8150,7642
2025-06-30,5854,7642
2025-06-30,8560,7642
2025-06-30,8880,7642
2025-06-30,8888,7642
2025-06-30,9101,7642
2025-06-30,9300,7642
2025-06-30,9268,7642
2025-06-30,9666,7642
2025-06-30,9A89,7642
2025-06-30,980K,7642
2025-06-30,9800,7642
2025-06-30,9A9R,7642
