Stock_id,Start_Date,End_Date,Start_Price,End_Price,Return,combination,rank,remark
6116,2016-05-03,2016-10-31,3.67,7.91,1.1553133514986378,2016-05-03_2016-10-31,1,Winner
3005,2016-05-03,2016-10-31,21.35,41.0,0.9203747072599532,2016-05-03_2016-10-31,2,Winner
2439,2016-05-03,2016-10-31,64.0,122.0,0.90625,2016-05-03_2016-10-31,3,Winner
2377,2016-05-03,2016-10-31,51.2,90.9,0.775390625,2016-05-03_2016-10-31,4,Winner
2345,2016-05-03,2016-10-31,29.3,50.4,0.720136518771331,2016-05-03_2016-10-31,5,Winner
2371,2016-05-03,2016-10-31,4.97,8.31,0.6720321931589539,2016-05-03_2016-10-31,6,Winner
5269,2016-05-03,2016-10-31,148.5,246.5,0.6599326599326599,2016-05-03_2016-10-31,7,Winner
4943,2016-05-03,2016-10-31,43.16,71.44,0.6552363299351252,2016-05-03_2016-10-31,8,Winner
3008,2016-05-03,2016-10-31,2295.0,3735.0,0.6274509803921569,2016-05-03_2016-10-31,9,Winner
2383,2016-05-03,2016-10-31,57.6,88.1,0.5295138888888887,2016-05-03_2016-10-31,10,Winner
1319,2016-05-03,2016-10-31,48.0,73.4,0.5291666666666668,2016-05-03_2016-10-31,11,Winner
2023,2016-05-03,2016-10-31,8.27,12.2,0.4752116082224909,2016-05-03_2016-10-31,12,Winner
8464,2016-05-03,2016-10-31,254.0,366.0,0.4409448818897638,2016-05-03_2016-10-31,13,Winner
2492,2016-05-03,2016-10-31,27.2,38.3,0.4080882352941176,2016-05-03_2016-10-31,14,Winner
6239,2016-05-03,2016-10-31,65.1,90.1,0.3840245775729647,2016-05-03_2016-10-31,15,Winner
2354,2016-05-03,2016-10-31,66.8,91.6,0.3712574850299401,2016-05-03_2016-10-31,16,Winner
6452,2016-05-03,2016-10-31,352.5,476.5,0.3517730496453901,2016-05-03_2016-10-31,17,Winner
4915,2016-05-03,2016-10-31,37.0,50.0,0.3513513513513513,2016-05-03_2016-10-31,18,Winner
2633,2016-05-03,2016-10-31,15.5,20.85,0.3451612903225807,2016-05-03_2016-10-31,19,Winner
2610,2016-05-03,2016-10-31,10.55,9.55,-0.0947867298578199,2016-05-03_2016-10-31,179,Loser
2855,2016-05-03,2016-10-31,12.25,11.0,-0.1020408163265306,2016-05-03_2016-10-31,180,Loser
2615,2016-05-03,2016-10-31,17.35,15.55,-0.1037463976945245,2016-05-03_2016-10-31,181,Loser
2015,2016-05-03,2016-10-31,46.8,41.9,-0.1047008547008546,2016-05-03_2016-10-31,182,Loser
9907,2016-05-03,2016-10-31,15.2,13.55,-0.1085526315789472,2016-05-03_2016-10-31,183,Loser
2849,2016-05-03,2016-10-31,13.9,12.05,-0.1330935251798561,2016-05-03_2016-10-31,184,Loser
1536,2016-05-03,2016-10-31,152.0,131.5,-0.1348684210526315,2016-05-03_2016-10-31,185,Loser
2106,2016-05-03,2016-10-31,56.0,48.3,-0.1375,2016-05-03_2016-10-31,186,Loser
2606,2016-05-03,2016-10-31,25.6,21.9,-0.1445312500000001,2016-05-03_2016-10-31,187,Loser
2511,2016-05-03,2016-10-31,11.7,10.0,-0.1452991452991452,2016-05-03_2016-10-31,188,Loser
2609,2016-05-03,2016-10-31,8.4,7.01,-0.1654761904761905,2016-05-03_2016-10-31,189,Loser
8341,2016-05-03,2016-10-31,142.5,113.0,-0.2070175438596491,2016-05-03_2016-10-31,190,Loser
2231,2016-05-03,2016-10-31,383.0,290.0,-0.2428198433420365,2016-05-03_2016-10-31,191,Loser
8046,2016-05-03,2016-10-31,31.5,23.85,-0.2428571428571428,2016-05-03_2016-10-31,192,Loser
1477,2016-05-03,2016-10-31,166.0,124.5,-0.25,2016-05-03_2016-10-31,193,Loser
3060,2016-05-03,2016-10-31,49.95,37.1,-0.2572572572572573,2016-05-03_2016-10-31,194,Loser
3673,2016-05-03,2016-10-31,68.2,50.5,-0.2595307917888563,2016-05-03_2016-10-31,195,Loser
5264,2016-05-03,2016-10-31,139.5,101.5,-0.2724014336917563,2016-05-03_2016-10-31,196,Loser
1589,2016-05-03,2016-10-31,204.5,124.0,-0.393643031784841,2016-05-03_2016-10-31,197,Loser
4137,2016-05-03,2016-10-31,229.5,138.5,-0.3965141612200435,2016-05-03_2016-10-31,198,Loser
3662,2016-05-03,2016-10-31,103.0,11.75,-0.8859223300970874,2016-05-03_2016-10-31,199,Loser
6116,2016-06-01,2016-11-30,3.81,9.02,1.3674540682414695,2016-06-01_2016-11-30,1,Winner
2371,2016-06-01,2016-11-30,5.06,9.84,0.9446640316205536,2016-06-01_2016-11-30,2,Winner
3406,2016-06-01,2016-11-30,47.7,92.3,0.9350104821802934,2016-06-01_2016-11-30,3,Winner
3005,2016-06-01,2016-11-30,23.15,40.45,0.7473002159827216,2016-06-01_2016-11-30,4,Winner
2439,2016-06-01,2016-11-30,70.6,121.5,0.7209631728045327,2016-06-01_2016-11-30,5,Winner
5269,2016-06-01,2016-11-30,157.0,263.0,0.6751592356687898,2016-06-01_2016-11-30,6,Winner
3532,2016-06-01,2016-11-30,31.2,51.6,0.653846153846154,2016-06-01_2016-11-30,7,Winner
2377,2016-06-01,2016-11-30,52.6,85.0,0.6159695817490494,2016-06-01_2016-11-30,8,Winner
2023,2016-06-01,2016-11-30,8.04,12.3,0.5298507462686569,2016-06-01_2016-11-30,9,Winner
2337,2016-06-01,2016-11-30,2.65,4.04,0.5245283018867926,2016-06-01_2016-11-30,10,Winner
2352,2016-06-01,2016-11-30,10.65,15.4,0.4460093896713615,2016-06-01_2016-11-30,11,Winner
1605,2016-06-01,2016-11-30,9.29,13.4,0.4424111948331541,2016-06-01_2016-11-30,12,Winner
1319,2016-06-01,2016-11-30,47.6,68.0,0.4285714285714285,2016-06-01_2016-11-30,13,Winner
3706,2016-06-01,2016-11-30,22.9,32.45,0.4170305676855897,2016-06-01_2016-11-30,14,Winner
2823,2016-06-01,2016-11-30,25.3,34.0,0.3438735177865612,2016-06-01_2016-11-30,15,Winner
2501,2016-06-01,2016-11-30,13.85,18.6,0.3429602888086644,2016-06-01_2016-11-30,16,Winner
3008,2016-06-01,2016-11-30,2830.0,3690.0,0.303886925795053,2016-06-01_2016-11-30,17,Winner
2456,2016-06-01,2016-11-30,56.0,71.6,0.2785714285714284,2016-06-01_2016-11-30,18,Winner
2809,2016-06-01,2016-11-30,21.2,27.1,0.2783018867924529,2016-06-01_2016-11-30,19,Winner
2849,2016-06-01,2016-11-30,14.35,12.6,-0.1219512195121951,2016-06-01_2016-11-30,177,Loser
9910,2016-06-01,2016-11-30,136.5,119.5,-0.1245421245421245,2016-06-01_2016-11-30,178,Loser
2449,2016-06-01,2016-11-30,30.25,26.35,-0.1289256198347107,2016-06-01_2016-11-30,179,Loser
1216,2016-06-01,2016-11-30,62.7,54.5,-0.1307814992025518,2016-06-01_2016-11-30,180,Loser
2392,2016-06-01,2016-11-30,41.55,36.0,-0.1335740072202165,2016-06-01_2016-11-30,181,Loser
2355,2016-06-01,2016-11-30,71.8,61.9,-0.1378830083565459,2016-06-01_2016-11-30,182,Loser
1789,2016-06-01,2016-11-30,46.55,39.5,-0.1514500537056927,2016-06-01_2016-11-30,183,Loser
3037,2016-06-01,2016-11-30,14.1,11.95,-0.1524822695035461,2016-06-01_2016-11-30,184,Loser
8454,2016-06-01,2016-11-30,229.5,194.5,-0.1525054466230936,2016-06-01_2016-11-30,185,Loser
3673,2016-06-01,2016-11-30,65.3,53.9,-0.1745788667687595,2016-06-01_2016-11-30,186,Loser
3576,2016-06-01,2016-11-30,18.1,14.8,-0.1823204419889503,2016-06-01_2016-11-30,187,Loser
8046,2016-06-01,2016-11-30,30.0,24.2,-0.1933333333333333,2016-06-01_2016-11-30,188,Loser
1536,2016-06-01,2016-11-30,155.0,122.5,-0.2096774193548387,2016-06-01_2016-11-30,189,Loser
1477,2016-06-01,2016-11-30,163.5,125.5,-0.2324159021406728,2016-06-01_2016-11-30,190,Loser
8341,2016-06-01,2016-11-30,156.0,115.5,-0.2596153846153846,2016-06-01_2016-11-30,191,Loser
2609,2016-06-01,2016-11-30,7.9,5.75,-0.2721518987341772,2016-06-01_2016-11-30,192,Loser
2231,2016-06-01,2016-11-30,367.0,264.0,-0.2806539509536784,2016-06-01_2016-11-30,193,Loser
4137,2016-06-01,2016-11-30,197.0,141.5,-0.2817258883248731,2016-06-01_2016-11-30,194,Loser
5264,2016-06-01,2016-11-30,123.5,87.1,-0.2947368421052632,2016-06-01_2016-11-30,195,Loser
3060,2016-06-01,2016-11-30,45.7,30.4,-0.3347921225382932,2016-06-01_2016-11-30,196,Loser
1589,2016-06-01,2016-11-30,220.0,107.0,-0.5136363636363637,2016-06-01_2016-11-30,197,Loser
3406,2016-07-01,2016-12-30,53.0,112.0,1.1132075471698113,2016-07-01_2016-12-30,1,Winner
3532,2016-07-01,2016-12-30,30.85,65.0,1.1069692058346838,2016-07-01_2016-12-30,2,Winner
2371,2016-07-01,2016-12-30,5.05,9.54,0.889108910891089,2016-07-01_2016-12-30,3,Winner
5269,2016-07-01,2016-12-30,151.0,270.0,0.7880794701986755,2016-07-01_2016-12-30,4,Winner
2439,2016-07-01,2016-12-30,68.0,121.5,0.7867647058823529,2016-07-01_2016-12-30,5,Winner
3005,2016-07-01,2016-12-30,22.7,38.05,0.6762114537444933,2016-07-01_2016-12-30,6,Winner
2337,2016-07-01,2016-12-30,2.83,4.63,0.6360424028268551,2016-07-01_2016-12-30,7,Winner
6116,2016-07-01,2016-12-30,4.96,7.86,0.5846774193548387,2016-07-01_2016-12-30,8,Winner
2023,2016-07-01,2016-12-30,7.96,11.25,0.4133165829145728,2016-07-01_2016-12-30,9,Winner
2882,2016-07-01,2016-12-30,35.05,48.2,0.3751783166904424,2016-07-01_2016-12-30,10,Winner
1605,2016-07-01,2016-12-30,8.73,11.85,0.3573883161512026,2016-07-01_2016-12-30,11,Winner
2881,2016-07-01,2016-12-30,37.6,51.0,0.3563829787234042,2016-07-01_2016-12-30,12,Winner
2352,2016-07-01,2016-12-30,11.4,15.05,0.3201754385964912,2016-07-01_2016-12-30,13,Winner
1314,2016-07-01,2016-12-30,7.5,9.9,0.32,2016-07-01_2016-12-30,14,Winner
3706,2016-07-01,2016-12-30,23.55,31.0,0.316348195329087,2016-07-01_2016-12-30,15,Winner
2809,2016-07-01,2016-12-30,21.45,28.15,0.3123543123543123,2016-07-01_2016-12-30,16,Winner
1319,2016-07-01,2016-12-30,48.45,63.5,0.3106295149638802,2016-07-01_2016-12-30,17,Winner
3008,2016-07-01,2016-12-30,2965.0,3790.0,0.2782462057335582,2016-07-01_2016-12-30,18,Winner
2823,2016-07-01,2016-12-30,25.1,32.05,0.2768924302788842,2016-07-01_2016-12-30,19,Winner
3037,2016-07-01,2016-12-30,14.1,12.4,-0.1205673758865247,2016-07-01_2016-12-30,178,Loser
2393,2016-07-01,2016-12-30,52.5,46.1,-0.1219047619047618,2016-07-01_2016-12-30,179,Loser
2392,2016-07-01,2016-12-30,42.15,36.6,-0.1316725978647686,2016-07-01_2016-12-30,180,Loser
2723,2016-07-01,2016-12-30,284.5,245.0,-0.1388400702987697,2016-07-01_2016-12-30,181,Loser
2451,2016-07-01,2016-12-30,99.0,85.2,-0.1393939393939393,2016-07-01_2016-12-30,182,Loser
2412,2016-07-01,2016-12-30,118.0,101.5,-0.1398305084745762,2016-07-01_2016-12-30,183,Loser
3576,2016-07-01,2016-12-30,17.65,15.1,-0.1444759206798866,2016-07-01_2016-12-30,184,Loser
2542,2016-07-01,2016-12-30,53.1,45.4,-0.1450094161958569,2016-07-01_2016-12-30,185,Loser
1536,2016-07-01,2016-12-30,148.0,125.0,-0.1554054054054054,2016-07-01_2016-12-30,186,Loser
4137,2016-07-01,2016-12-30,178.5,150.5,-0.1568627450980392,2016-07-01_2016-12-30,187,Loser
8046,2016-07-01,2016-12-30,29.4,24.65,-0.1615646258503401,2016-07-01_2016-12-30,188,Loser
1477,2016-07-01,2016-12-30,148.0,124.0,-0.1621621621621621,2016-07-01_2016-12-30,189,Loser
1216,2016-07-01,2016-12-30,64.9,53.4,-0.177195685670262,2016-07-01_2016-12-30,190,Loser
2498,2016-07-01,2016-12-30,106.0,79.0,-0.2547169811320754,2016-07-01_2016-12-30,191,Loser
8341,2016-07-01,2016-12-30,152.5,113.0,-0.2590163934426229,2016-07-01_2016-12-30,192,Loser
5264,2016-07-01,2016-12-30,116.0,85.9,-0.2594827586206896,2016-07-01_2016-12-30,193,Loser
2231,2016-07-01,2016-12-30,360.0,251.5,-0.3013888888888889,2016-07-01_2016-12-30,194,Loser
3060,2016-07-01,2016-12-30,43.55,30.1,-0.3088404133180252,2016-07-01_2016-12-30,195,Loser
8150,2016-07-01,2016-12-30,34.6,23.25,-0.3280346820809249,2016-07-01_2016-12-30,196,Loser
2609,2016-07-01,2016-12-30,7.76,4.82,-0.3788659793814432,2016-07-01_2016-12-30,197,Loser
1589,2016-07-01,2016-12-30,201.5,103.0,-0.488833746898263,2016-07-01_2016-12-30,198,Loser
3406,2016-08-01,2017-01-24,57.7,179.0,2.102253032928943,2016-08-01_2017-01-24,1,Winner
2371,2016-08-01,2017-01-24,5.64,16.75,1.9698581560283688,2016-08-01_2017-01-24,2,Winner
3532,2016-08-01,2017-01-24,30.25,69.1,1.2842975206611569,2016-08-01_2017-01-24,3,Winner
3005,2016-08-01,2017-01-24,24.8,46.55,0.8770161290322579,2016-08-01_2017-01-24,4,Winner
5269,2016-08-01,2017-01-24,180.0,308.0,0.7111111111111111,2016-08-01_2017-01-24,5,Winner
2337,2016-08-01,2017-01-24,4.18,6.96,0.6650717703349284,2016-08-01_2017-01-24,6,Winner
1909,2016-08-01,2017-01-24,15.9,24.6,0.5471698113207548,2016-08-01_2017-01-24,7,Winner
2023,2016-08-01,2017-01-24,8.36,12.45,0.4892344497607656,2016-08-01_2017-01-24,8,Winner
2383,2016-08-01,2017-01-24,73.9,109.5,0.4817320703653585,2016-08-01_2017-01-24,9,Winner
6116,2016-08-01,2017-01-24,5.6,8.21,0.4660714285714288,2016-08-01_2017-01-24,10,Winner
1314,2016-08-01,2017-01-24,7.71,11.2,0.4526588845654992,2016-08-01_2017-01-24,11,Winner
3019,2016-08-01,2017-01-24,27.8,39.95,0.4370503597122303,2016-08-01_2017-01-24,12,Winner
1710,2016-08-01,2017-01-24,19.45,27.7,0.4241645244215938,2016-08-01_2017-01-24,13,Winner
2327,2016-08-01,2017-01-24,54.0,76.0,0.4074074074074074,2016-08-01_2017-01-24,14,Winner
2352,2016-08-01,2017-01-24,11.8,16.35,0.3855932203389831,2016-08-01_2017-01-24,15,Winner
2882,2016-08-01,2017-01-24,36.1,47.5,0.3157894736842104,2016-08-01_2017-01-24,16,Winner
2344,2016-08-01,2017-01-24,9.76,12.8,0.3114754098360657,2016-08-01_2017-01-24,17,Winner
2501,2016-08-01,2017-01-24,14.25,18.65,0.3087719298245613,2016-08-01_2017-01-24,18,Winner
2439,2016-08-01,2017-01-24,99.5,130.0,0.3065326633165829,2016-08-01_2017-01-24,19,Winner
2355,2016-08-01,2017-01-24,70.7,61.9,-0.1244695898161245,2016-08-01_2017-01-24,178,Loser
8454,2016-08-01,2017-01-24,217.5,188.5,-0.1333333333333333,2016-08-01_2017-01-24,179,Loser
2347,2016-08-01,2017-01-24,37.8,32.6,-0.1375661375661374,2016-08-01_2017-01-24,180,Loser
1789,2016-08-01,2017-01-24,44.4,38.25,-0.1385135135135135,2016-08-01_2017-01-24,181,Loser
2454,2016-08-01,2017-01-24,249.0,213.5,-0.142570281124498,2016-08-01_2017-01-24,182,Loser
2449,2016-08-01,2017-01-24,31.75,27.0,-0.1496062992125984,2016-08-01_2017-01-24,183,Loser
2392,2016-08-01,2017-01-24,43.25,36.6,-0.153757225433526,2016-08-01_2017-01-24,184,Loser
6409,2016-08-01,2017-01-24,509.0,424.5,-0.1660117878192534,2016-08-01_2017-01-24,185,Loser
3060,2016-08-01,2017-01-24,40.9,34.05,-0.1674816625916871,2016-08-01_2017-01-24,186,Loser
1707,2016-08-01,2017-01-24,215.0,178.5,-0.1697674418604651,2016-08-01_2017-01-24,187,Loser
2723,2016-08-01,2017-01-24,330.5,274.0,-0.1709531013615733,2016-08-01_2017-01-24,188,Loser
2498,2016-08-01,2017-01-24,95.7,79.3,-0.1713688610240334,2016-08-01_2017-01-24,189,Loser
1216,2016-08-01,2017-01-24,66.0,53.5,-0.1893939393939394,2016-08-01_2017-01-24,190,Loser
8341,2016-08-01,2017-01-24,152.0,120.0,-0.2105263157894736,2016-08-01_2017-01-24,191,Loser
4137,2016-08-01,2017-01-24,187.5,146.5,-0.2186666666666666,2016-08-01_2017-01-24,192,Loser
2609,2016-08-01,2017-01-24,7.48,5.59,-0.2526737967914439,2016-08-01_2017-01-24,193,Loser
8150,2016-08-01,2017-01-24,33.1,24.7,-0.2537764350453173,2016-08-01_2017-01-24,194,Loser
5264,2016-08-01,2017-01-24,130.0,95.8,-0.2630769230769231,2016-08-01_2017-01-24,195,Loser
1477,2016-08-01,2017-01-24,169.0,116.0,-0.3136094674556213,2016-08-01_2017-01-24,196,Loser
2231,2016-08-01,2017-01-24,389.5,247.0,-0.3658536585365853,2016-08-01_2017-01-24,197,Loser
1589,2016-08-01,2017-01-24,168.0,104.0,-0.3809523809523809,2016-08-01_2017-01-24,198,Loser
3406,2016-09-01,2017-02-24,53.1,204.5,2.8512241054613936,2016-09-01_2017-02-24,1,Winner
2371,2016-09-01,2017-02-24,5.48,15.9,1.9014598540145984,2016-09-01_2017-02-24,2,Winner
3532,2016-09-01,2017-02-24,34.4,98.5,1.863372093023256,2016-09-01_2017-02-24,3,Winner
2337,2016-09-01,2017-02-24,4.2,8.97,1.1357142857142857,2016-09-01_2017-02-24,4,Winner
1909,2016-09-01,2017-02-24,15.5,29.85,0.9258064516129032,2016-09-01_2017-02-24,5,Winner
1314,2016-09-01,2017-02-24,7.31,12.15,0.662106703146375,2016-09-01_2017-02-24,6,Winner
3019,2016-09-01,2017-02-24,31.8,51.6,0.6226415094339622,2016-09-01_2017-02-24,7,Winner
3673,2016-09-01,2017-02-24,58.7,91.9,0.565587734241908,2016-09-01_2017-02-24,8,Winner
6456,2016-09-01,2017-02-24,81.7,126.0,0.5422276621787026,2016-09-01_2017-02-24,9,Winner
2501,2016-09-01,2017-02-24,13.85,20.95,0.5126353790613718,2016-09-01_2017-02-24,10,Winner
2606,2016-09-01,2017-02-24,22.35,33.5,0.4988814317673377,2016-09-01_2017-02-24,11,Winner
3005,2016-09-01,2017-02-24,28.9,43.0,0.4878892733564015,2016-09-01_2017-02-24,12,Winner
5269,2016-09-01,2017-02-24,228.0,325.0,0.425438596491228,2016-09-01_2017-02-24,13,Winner
6116,2016-09-01,2017-02-24,5.48,7.75,0.4142335766423357,2016-09-01_2017-02-24,14,Winner
2023,2016-09-01,2017-02-24,10.05,14.2,0.4129353233830844,2016-09-01_2017-02-24,15,Winner
1605,2016-09-01,2017-02-24,10.2,14.2,0.3921568627450981,2016-09-01_2017-02-24,16,Winner
2633,2016-09-01,2017-02-24,15.7,21.55,0.3726114649681529,2016-09-01_2017-02-24,17,Winner
4943,2016-09-01,2017-02-24,63.09,86.5,0.3710572198446663,2016-09-01_2017-02-24,18,Winner
3443,2016-09-01,2017-02-24,75.2,102.0,0.3563829787234042,2016-09-01_2017-02-24,19,Winner
2498,2016-09-01,2017-02-24,84.5,78.9,-0.0662721893491123,2016-09-01_2017-02-24,178,Loser
9904,2016-09-01,2017-02-24,44.75,41.7,-0.0681564245810055,2016-09-01_2017-02-24,179,Loser
2385,2016-09-01,2017-02-24,77.8,72.4,-0.069408740359897,2016-09-01_2017-02-24,180,Loser
6409,2016-09-01,2017-02-24,489.5,452.0,-0.076608784473953,2016-09-01_2017-02-24,181,Loser
2912,2016-09-01,2017-02-24,245.0,225.5,-0.0795918367346938,2016-09-01_2017-02-24,182,Loser
9921,2016-09-01,2017-02-24,208.5,190.0,-0.0887290167865707,2016-09-01_2017-02-24,183,Loser
2412,2016-09-01,2017-02-24,113.0,102.0,-0.0973451327433628,2016-09-01_2017-02-24,184,Loser
1702,2016-09-01,2017-02-24,69.9,63.0,-0.0987124463519314,2016-09-01_2017-02-24,185,Loser
2454,2016-09-01,2017-02-24,251.0,224.0,-0.1075697211155378,2016-09-01_2017-02-24,186,Loser
2609,2016-09-01,2017-02-24,7.87,6.94,-0.1181702668360863,2016-09-01_2017-02-24,187,Loser
8454,2016-09-01,2017-02-24,221.5,194.0,-0.1241534988713318,2016-09-01_2017-02-24,188,Loser
9910,2016-09-01,2017-02-24,150.5,130.0,-0.1362126245847176,2016-09-01_2017-02-24,189,Loser
1536,2016-09-01,2017-02-24,161.5,138.0,-0.1455108359133126,2016-09-01_2017-02-24,190,Loser
1477,2016-09-01,2017-02-24,147.0,124.5,-0.1530612244897959,2016-09-01_2017-02-24,191,Loser
2355,2016-09-01,2017-02-24,73.8,61.4,-0.1680216802168021,2016-09-01_2017-02-24,192,Loser
8464,2016-09-01,2017-02-24,361.5,300.5,-0.1687413554633471,2016-09-01_2017-02-24,193,Loser
1707,2016-09-01,2017-02-24,246.5,204.5,-0.1703853955375253,2016-09-01_2017-02-24,194,Loser
8150,2016-09-01,2017-02-24,30.3,24.75,-0.1831683168316832,2016-09-01_2017-02-24,195,Loser
1476,2016-09-01,2017-02-24,400.5,309.0,-0.2284644194756554,2016-09-01_2017-02-24,196,Loser
1589,2016-09-01,2017-02-24,170.0,119.0,-0.3,2016-09-01_2017-02-24,197,Loser
2231,2016-09-01,2017-02-24,382.5,253.5,-0.3372549019607843,2016-09-01_2017-02-24,198,Loser
3406,2016-10-03,2017-03-31,52.8,307.0,4.8143939393939394,2016-10-03_2017-03-31,1,Winner
3532,2016-10-03,2017-03-31,33.15,118.0,2.559577677224736,2016-10-03_2017-03-31,2,Winner
2337,2016-10-03,2017-03-31,4.29,12.7,1.9603729603729605,2016-10-03_2017-03-31,3,Winner
3673,2016-10-03,2017-03-31,50.2,106.5,1.1215139442231077,2016-10-03_2017-03-31,4,Winner
4943,2016-10-03,2017-03-31,74.97,136.0,0.8140589569160998,2016-10-03_2017-03-31,5,Winner
6456,2016-10-03,2017-03-31,84.0,145.5,0.7321428571428571,2016-10-03_2017-03-31,6,Winner
3019,2016-10-03,2017-03-31,30.2,51.9,0.7185430463576159,2016-10-03_2017-03-31,7,Winner
2371,2016-10-03,2017-03-31,7.66,13.0,0.6971279373368146,2016-10-03_2017-03-31,8,Winner
1909,2016-10-03,2017-03-31,15.45,26.15,0.6925566343042071,2016-10-03_2017-03-31,9,Winner
2344,2016-10-03,2017-03-31,10.1,17.0,0.6831683168316832,2016-10-03_2017-03-31,10,Winner
1314,2016-10-03,2017-03-31,7.65,11.6,0.5163398692810456,2016-10-03_2017-03-31,11,Winner
2606,2016-10-03,2017-03-31,22.1,32.65,0.4773755656108596,2016-10-03_2017-03-31,12,Winner
6213,2016-10-03,2017-03-31,31.35,44.95,0.4338118022328548,2016-10-03_2017-03-31,13,Winner
2501,2016-10-03,2017-03-31,15.25,21.6,0.4163934426229509,2016-10-03_2017-03-31,14,Winner
2345,2016-10-03,2017-03-31,47.8,66.9,0.3995815899581592,2016-10-03_2017-03-31,15,Winner
5534,2016-10-03,2017-03-31,52.9,74.0,0.3988657844990548,2016-10-03_2017-03-31,16,Winner
2383,2016-10-03,2017-03-31,84.4,118.0,0.3981042654028435,2016-10-03_2017-03-31,17,Winner
2313,2016-10-03,2017-03-31,16.05,21.95,0.3676012461059189,2016-10-03_2017-03-31,18,Winner
1605,2016-10-03,2017-03-31,10.2,13.9,0.3627450980392158,2016-10-03_2017-03-31,19,Winner
2498,2016-10-03,2017-03-31,87.1,77.5,-0.1102181400688862,2016-10-03_2017-03-31,178,Loser
1702,2016-10-03,2017-03-31,69.8,61.9,-0.1131805157593123,2016-10-03_2017-03-31,179,Loser
2356,2016-10-03,2017-03-31,25.75,22.75,-0.116504854368932,2016-10-03_2017-03-31,180,Loser
2355,2016-10-03,2017-03-31,70.0,61.7,-0.1185714285714285,2016-10-03_2017-03-31,181,Loser
2377,2016-10-03,2017-03-31,80.6,70.6,-0.1240694789081885,2016-10-03_2017-03-31,182,Loser
2707,2016-10-03,2017-03-31,179.0,156.5,-0.1256983240223463,2016-10-03_2017-03-31,183,Loser
9910,2016-10-03,2017-03-31,140.0,121.0,-0.1357142857142857,2016-10-03_2017-03-31,184,Loser
5264,2016-10-03,2017-03-31,117.0,101.0,-0.1367521367521367,2016-10-03_2017-03-31,185,Loser
3060,2016-10-03,2017-03-31,39.9,34.1,-0.1453634085213032,2016-10-03_2017-03-31,186,Loser
6285,2016-10-03,2017-03-31,100.5,85.3,-0.1512437810945273,2016-10-03_2017-03-31,187,Loser
1477,2016-10-03,2017-03-31,150.0,124.5,-0.17,2016-10-03_2017-03-31,188,Loser
6409,2016-10-03,2017-03-31,492.5,405.0,-0.1776649746192893,2016-10-03_2017-03-31,189,Loser
1536,2016-10-03,2017-03-31,156.0,127.0,-0.1858974358974359,2016-10-03_2017-03-31,190,Loser
1476,2016-10-03,2017-03-31,376.5,304.0,-0.1925630810092961,2016-10-03_2017-03-31,191,Loser
9921,2016-10-03,2017-03-31,224.0,179.5,-0.1986607142857142,2016-10-03_2017-03-31,192,Loser
6414,2016-10-03,2017-03-31,516.0,396.5,-0.2315891472868217,2016-10-03_2017-03-31,193,Loser
2231,2016-10-03,2017-03-31,350.0,260.5,-0.2557142857142857,2016-10-03_2017-03-31,194,Loser
1707,2016-10-03,2017-03-31,257.5,191.0,-0.258252427184466,2016-10-03_2017-03-31,195,Loser
1319,2016-10-03,2017-03-31,74.6,52.7,-0.2935656836461125,2016-10-03_2017-03-31,196,Loser
8464,2016-10-03,2017-03-31,407.5,283.0,-0.305521472392638,2016-10-03_2017-03-31,197,Loser
1589,2016-10-03,2017-03-31,174.5,106.0,-0.3925501432664756,2016-10-03_2017-03-31,198,Loser
3406,2016-11-01,2017-04-28,50.2,353.5,6.041832669322709,2016-11-01_2017-04-28,1,Winner
2337,2016-11-01,2017-04-28,4.32,13.45,2.1134259259259256,2016-11-01_2017-04-28,2,Winner
3532,2016-11-01,2017-04-28,38.75,90.6,1.338064516129032,2016-11-01_2017-04-28,3,Winner
3673,2016-11-01,2017-04-28,51.9,108.0,1.0809248554913296,2016-11-01_2017-04-28,4,Winner
3019,2016-11-01,2017-04-28,28.8,58.0,1.0138888888888888,2016-11-01_2017-04-28,5,Winner
6456,2016-11-01,2017-04-28,84.3,168.5,0.9988137603795968,2016-11-01_2017-04-28,6,Winner
1909,2016-11-01,2017-04-28,14.9,27.2,0.8255033557046979,2016-11-01_2017-04-28,7,Winner
4943,2016-11-01,2017-04-28,71.82,128.0,0.7822333611807297,2016-11-01_2017-04-28,8,Winner
2344,2016-11-01,2017-04-28,9.88,17.05,0.7257085020242914,2016-11-01_2017-04-28,9,Winner
2327,2016-11-01,2017-04-28,62.5,106.5,0.704,2016-11-01_2017-04-28,10,Winner
2492,2016-11-01,2017-04-28,38.8,57.8,0.4896907216494846,2016-11-01_2017-04-28,11,Winner
3037,2016-11-01,2017-04-28,12.75,18.6,0.4588235294117648,2016-11-01_2017-04-28,12,Winner
2439,2016-11-01,2017-04-28,124.0,179.0,0.4435483870967742,2016-11-01_2017-04-28,13,Winner
2352,2016-11-01,2017-04-28,13.45,19.2,0.4275092936802974,2016-11-01_2017-04-28,14,Winner
5871,2016-11-01,2017-04-28,54.7,76.9,0.4058500914076782,2016-11-01_2017-04-28,15,Winner
2606,2016-11-01,2017-04-28,21.85,30.55,0.3981693363844393,2016-11-01_2017-04-28,16,Winner
2383,2016-11-01,2017-04-28,86.9,120.5,0.386651323360184,2016-11-01_2017-04-28,17,Winner
2345,2016-11-01,2017-04-28,49.4,68.5,0.3866396761133603,2016-11-01_2017-04-28,18,Winner
2049,2016-11-01,2017-04-28,140.0,192.5,0.375,2016-11-01_2017-04-28,19,Winner
1476,2016-11-01,2017-04-28,357.0,330.5,-0.0742296918767507,2016-11-01_2017-04-28,177,Loser
9938,2016-11-01,2017-04-28,109.0,100.5,-0.0779816513761468,2016-11-01_2017-04-28,178,Loser
1216,2016-11-01,2017-04-28,60.8,55.7,-0.0838815789473683,2016-11-01_2017-04-28,179,Loser
2454,2016-11-01,2017-04-28,237.5,217.0,-0.0863157894736842,2016-11-01_2017-04-28,180,Loser
1262,2016-11-01,2017-04-28,162.5,147.5,-0.0923076923076923,2016-11-01_2017-04-28,181,Loser
6409,2016-11-01,2017-04-28,474.5,430.5,-0.0927291886195995,2016-11-01_2017-04-28,182,Loser
2356,2016-11-01,2017-04-28,24.85,22.45,-0.096579476861167,2016-11-01_2017-04-28,183,Loser
1702,2016-11-01,2017-04-28,67.6,61.0,-0.0976331360946744,2016-11-01_2017-04-28,184,Loser
2707,2016-11-01,2017-04-28,176.0,158.0,-0.1022727272727272,2016-11-01_2017-04-28,185,Loser
9910,2016-11-01,2017-04-28,129.5,116.0,-0.1042471042471042,2016-11-01_2017-04-28,186,Loser
5264,2016-11-01,2017-04-28,100.5,89.5,-0.1094527363184079,2016-11-01_2017-04-28,187,Loser
3576,2016-11-01,2017-04-28,16.05,14.05,-0.1246105919003115,2016-11-01_2017-04-28,188,Loser
3060,2016-11-01,2017-04-28,36.8,31.05,-0.1562499999999999,2016-11-01_2017-04-28,189,Loser
8464,2016-11-01,2017-04-28,364.0,305.5,-0.1607142857142857,2016-11-01_2017-04-28,190,Loser
9921,2016-11-01,2017-04-28,223.5,182.5,-0.1834451901565995,2016-11-01_2017-04-28,191,Loser
2498,2016-11-01,2017-04-28,91.8,72.4,-0.2113289760348583,2016-11-01_2017-04-28,192,Loser
1589,2016-11-01,2017-04-28,121.0,91.5,-0.2438016528925619,2016-11-01_2017-04-28,193,Loser
1707,2016-11-01,2017-04-28,263.5,194.0,-0.2637571157495256,2016-11-01_2017-04-28,194,Loser
1319,2016-11-01,2017-04-28,73.1,51.2,-0.2995896032831736,2016-11-01_2017-04-28,195,Loser
2377,2016-11-01,2017-04-28,89.0,60.5,-0.3202247191011236,2016-11-01_2017-04-28,196,Loser
6414,2016-11-01,2017-04-28,486.5,328.5,-0.3247687564234326,2016-11-01_2017-04-28,197,Loser
2337,2016-12-01,2017-05-31,4.02,14.4,2.5820895522388065,2016-12-01_2017-05-31,1,Winner
3406,2016-12-01,2017-05-31,88.5,280.0,2.1638418079096047,2016-12-01_2017-05-31,2,Winner
6456,2016-12-01,2017-05-31,91.3,229.0,1.5082146768893756,2016-12-01_2017-05-31,3,Winner
2609,2016-12-01,2017-05-31,5.68,12.95,1.2799295774647887,2016-12-01_2017-05-31,4,Winner
4943,2016-12-01,2017-05-31,57.8,119.5,1.0674740484429066,2016-12-01_2017-05-31,5,Winner
1909,2016-12-01,2017-05-31,16.15,28.55,0.7678018575851395,2016-12-01_2017-05-31,6,Winner
2344,2016-12-01,2017-05-31,9.96,17.5,0.7570281124497991,2016-12-01_2017-05-31,7,Winner
2327,2016-12-01,2017-05-31,59.4,102.0,0.7171717171717172,2016-12-01_2017-05-31,8,Winner
3532,2016-12-01,2017-05-31,51.8,88.6,0.7104247104247104,2016-12-01_2017-05-31,9,Winner
3019,2016-12-01,2017-05-31,30.2,51.0,0.6887417218543047,2016-12-01_2017-05-31,10,Winner
3673,2016-12-01,2017-05-31,55.4,92.5,0.6696750902527077,2016-12-01_2017-05-31,11,Winner
2049,2016-12-01,2017-05-31,130.5,202.0,0.5478927203065134,2016-12-01_2017-05-31,12,Winner
2227,2016-12-01,2017-05-31,199.0,305.0,0.5326633165829145,2016-12-01_2017-05-31,13,Winner
2383,2016-12-01,2017-05-31,83.0,125.0,0.5060240963855421,2016-12-01_2017-05-31,14,Winner
2313,2016-12-01,2017-05-31,15.55,23.35,0.5016077170418006,2016-12-01_2017-05-31,15,Winner
5871,2016-12-01,2017-05-31,54.1,81.2,0.5009242144177449,2016-12-01_2017-05-31,16,Winner
2345,2016-12-01,2017-05-31,45.0,67.1,0.491111111111111,2016-12-01_2017-05-31,17,Winner
2727,2016-12-01,2017-05-31,141.5,208.5,0.4734982332155477,2016-12-01_2017-05-31,18,Winner
8341,2016-12-01,2017-05-31,114.5,168.5,0.4716157205240174,2016-12-01_2017-05-31,19,Winner
9921,2016-12-01,2017-05-31,190.0,176.5,-0.0710526315789473,2016-12-01_2017-05-31,178,Loser
2027,2016-12-01,2017-05-31,18.2,16.9,-0.0714285714285714,2016-12-01_2017-05-31,179,Loser
1101,2016-12-01,2017-05-31,37.1,34.4,-0.0727762803234502,2016-12-01_2017-05-31,180,Loser
1476,2016-12-01,2017-05-31,332.0,306.5,-0.0768072289156626,2016-12-01_2017-05-31,181,Loser
1326,2016-12-01,2017-05-31,99.5,91.3,-0.0824120603015075,2016-12-01_2017-05-31,182,Loser
2867,2016-12-01,2017-05-31,17.3,15.85,-0.0838150289017341,2016-12-01_2017-05-31,183,Loser
9945,2016-12-01,2017-05-31,38.05,34.85,-0.0840998685939552,2016-12-01_2017-05-31,184,Loser
2881,2016-12-01,2017-05-31,50.3,45.85,-0.0884691848906559,2016-12-01_2017-05-31,185,Loser
2707,2016-12-01,2017-05-31,171.0,155.0,-0.0935672514619883,2016-12-01_2017-05-31,186,Loser
3576,2016-12-01,2017-05-31,15.1,13.35,-0.1158940397350993,2016-12-01_2017-05-31,187,Loser
1262,2016-12-01,2017-05-31,144.5,127.0,-0.1211072664359861,2016-12-01_2017-05-31,188,Loser
6116,2016-12-01,2017-05-31,8.87,7.77,-0.1240135287485907,2016-12-01_2017-05-31,189,Loser
8464,2016-12-01,2017-05-31,357.0,312.5,-0.1246498599439775,2016-12-01_2017-05-31,190,Loser
2498,2016-12-01,2017-05-31,84.4,72.7,-0.1386255924170616,2016-12-01_2017-05-31,191,Loser
2377,2016-12-01,2017-05-31,82.2,70.0,-0.1484184914841849,2016-12-01_2017-05-31,192,Loser
1319,2016-12-01,2017-05-31,65.7,55.1,-0.1613394216133942,2016-12-01_2017-05-31,193,Loser
6414,2016-12-01,2017-05-31,447.5,373.0,-0.1664804469273743,2016-12-01_2017-05-31,194,Loser
2823,2016-12-01,2017-05-31,35.4,29.5,-0.1666666666666666,2016-12-01_2017-05-31,195,Loser
1589,2016-12-01,2017-05-31,111.0,86.9,-0.217117117117117,2016-12-01_2017-05-31,196,Loser
1707,2016-12-01,2017-05-31,240.0,186.5,-0.2229166666666666,2016-12-01_2017-05-31,197,Loser
2915,2016-12-01,2017-05-31,58.4,45.0,-0.2294520547945205,2016-12-01_2017-05-31,198,Loser
2337,2017-01-03,2017-06-30,4.6,16.7,2.630434782608696,2017-01-03_2017-06-30,1,Winner
3406,2017-01-03,2017-06-30,109.5,306.5,1.7990867579908676,2017-01-03_2017-06-30,2,Winner
2609,2017-01-03,2017-06-30,4.93,12.55,1.545638945233266,2017-01-03_2017-06-30,3,Winner
6456,2017-01-03,2017-06-30,91.0,225.0,1.4725274725274726,2017-01-03_2017-06-30,4,Winner
4943,2017-01-03,2017-06-30,62.3,146.0,1.3434991974317818,2017-01-03_2017-06-30,5,Winner
1909,2017-01-03,2017-06-30,17.15,34.1,0.9883381924198252,2017-01-03_2017-06-30,6,Winner
2344,2017-01-03,2017-06-30,10.05,18.25,0.8159203980099501,2017-01-03_2017-06-30,7,Winner
2327,2017-01-03,2017-06-30,59.1,106.0,0.7935702199661591,2017-01-03_2017-06-30,8,Winner
3019,2017-01-03,2017-06-30,30.9,54.3,0.7572815533980582,2017-01-03_2017-06-30,9,Winner
2383,2017-01-03,2017-06-30,89.2,147.5,0.6535874439461883,2017-01-03_2017-06-30,10,Winner
3443,2017-01-03,2017-06-30,78.9,129.0,0.6349809885931558,2017-01-03_2017-06-30,11,Winner
3673,2017-01-03,2017-06-30,57.8,93.2,0.6124567474048445,2017-01-03_2017-06-30,12,Winner
2474,2017-01-03,2017-06-30,225.5,363.5,0.6119733924611973,2017-01-03_2017-06-30,13,Winner
2313,2017-01-03,2017-06-30,15.6,24.8,0.5897435897435899,2017-01-03_2017-06-30,14,Winner
2492,2017-01-03,2017-06-30,34.75,54.6,0.5712230215827339,2017-01-03_2017-06-30,15,Winner
2439,2017-01-03,2017-06-30,122.5,189.0,0.5428571428571428,2017-01-03_2017-06-30,16,Winner
2231,2017-01-03,2017-06-30,257.5,397.0,0.541747572815534,2017-01-03_2017-06-30,17,Winner
5871,2017-01-03,2017-06-30,55.2,84.8,0.5362318840579708,2017-01-03_2017-06-30,18,Winner
2352,2017-01-03,2017-06-30,15.4,23.25,0.5097402597402597,2017-01-03_2017-06-30,19,Winner
2027,2017-01-03,2017-06-30,17.9,17.35,-0.03072625698324,2017-01-03_2017-06-30,178,Loser
3576,2017-01-03,2017-06-30,15.15,14.6,-0.0363036303630363,2017-01-03_2017-06-30,179,Loser
1723,2017-01-03,2017-06-30,121.0,116.5,-0.0371900826446281,2017-01-03_2017-06-30,180,Loser
1704,2017-01-03,2017-06-30,43.6,41.9,-0.0389908256880734,2017-01-03_2017-06-30,181,Loser
6505,2017-01-03,2017-06-30,109.5,105.0,-0.0410958904109589,2017-01-03_2017-06-30,182,Loser
2376,2017-01-03,2017-06-30,42.8,41.0,-0.042056074766355,2017-01-03_2017-06-30,183,Loser
9921,2017-01-03,2017-06-30,182.5,174.0,-0.0465753424657534,2017-01-03_2017-06-30,184,Loser
2823,2017-01-03,2017-06-30,31.9,30.3,-0.0501567398119121,2017-01-03_2017-06-30,185,Loser
2377,2017-01-03,2017-06-30,74.5,70.7,-0.0510067114093959,2017-01-03_2017-06-30,186,Loser
2881,2017-01-03,2017-06-30,51.4,48.45,-0.0573929961089493,2017-01-03_2017-06-30,187,Loser
9945,2017-01-03,2017-06-30,36.75,34.3,-0.0666666666666667,2017-01-03_2017-06-30,188,Loser
4137,2017-01-03,2017-06-30,151.0,140.0,-0.0728476821192053,2017-01-03_2017-06-30,189,Loser
2867,2017-01-03,2017-06-30,17.05,15.8,-0.0733137829912023,2017-01-03_2017-06-30,190,Loser
2849,2017-01-03,2017-06-30,14.45,13.35,-0.0761245674740484,2017-01-03_2017-06-30,191,Loser
2498,2017-01-03,2017-06-30,79.2,72.6,-0.0833333333333334,2017-01-03_2017-06-30,192,Loser
1589,2017-01-03,2017-06-30,104.0,94.2,-0.0942307692307692,2017-01-03_2017-06-30,193,Loser
6414,2017-01-03,2017-06-30,426.5,385.5,-0.0961313012895662,2017-01-03_2017-06-30,194,Loser
1319,2017-01-03,2017-06-30,63.0,56.5,-0.1031746031746031,2017-01-03_2017-06-30,195,Loser
1262,2017-01-03,2017-06-30,145.5,126.5,-0.1305841924398625,2017-01-03_2017-06-30,196,Loser
2395,2017-01-03,2017-06-30,252.5,215.5,-0.1465346534653465,2017-01-03_2017-06-30,197,Loser
2915,2017-01-03,2017-06-30,53.7,45.4,-0.154562383612663,2017-01-03_2017-06-30,198,Loser
6456,2017-02-02,2017-07-31,101.0,290.0,1.8712871287128716,2017-02-02_2017-07-31,1,Winner
4943,2017-02-02,2017-07-31,79.2,215.0,1.7146464646464648,2017-02-02_2017-07-31,2,Winner
2609,2017-02-02,2017-07-31,5.74,13.45,1.3432055749128915,2017-02-02_2017-07-31,3,Winner
2337,2017-02-02,2017-07-31,7.37,16.5,1.2388059701492535,2017-02-02_2017-07-31,4,Winner
3443,2017-02-02,2017-07-31,80.3,172.5,1.1481942714819429,2017-02-02_2017-07-31,5,Winner
2439,2017-02-02,2017-07-31,131.0,249.5,0.9045801526717556,2017-02-02_2017-07-31,6,Winner
3406,2017-02-02,2017-07-31,196.5,346.0,0.7608142493638677,2017-02-02_2017-07-31,7,Winner
3673,2017-02-02,2017-07-31,58.4,101.5,0.738013698630137,2017-02-02_2017-07-31,8,Winner
3019,2017-02-02,2017-07-31,41.7,71.1,0.7050359712230213,2017-02-02_2017-07-31,9,Winner
2313,2017-02-02,2017-07-31,17.1,27.8,0.6257309941520467,2017-02-02_2017-07-31,10,Winner
5871,2017-02-02,2017-07-31,56.0,86.8,0.5499999999999999,2017-02-02_2017-07-31,11,Winner
1909,2017-02-02,2017-07-31,24.6,38.0,0.5447154471544715,2017-02-02_2017-07-31,12,Winner
3037,2017-02-02,2017-07-31,12.75,19.65,0.5411764705882351,2017-02-02_2017-07-31,13,Winner
4915,2017-02-02,2017-07-31,43.0,66.0,0.5348837209302325,2017-02-02_2017-07-31,14,Winner
6269,2017-02-02,2017-07-31,92.0,141.0,0.532608695652174,2017-02-02_2017-07-31,15,Winner
2327,2017-02-02,2017-07-31,75.5,115.0,0.5231788079470199,2017-02-02_2017-07-31,16,Winner
2231,2017-02-02,2017-07-31,247.5,375.0,0.5151515151515151,2017-02-02_2017-07-31,17,Winner
1590,2017-02-02,2017-07-31,277.5,408.5,0.4720720720720721,2017-02-02_2017-07-31,18,Winner
2227,2017-02-02,2017-07-31,198.0,286.5,0.4469696969696969,2017-02-02_2017-07-31,19,Winner
1402,2017-02-02,2017-07-31,26.8,24.85,-0.0727611940298507,2017-02-02_2017-07-31,178,Loser
2501,2017-02-02,2017-07-31,18.9,17.35,-0.0820105820105818,2017-02-02_2017-07-31,179,Loser
4137,2017-02-02,2017-07-31,140.0,128.5,-0.0821428571428571,2017-02-02_2017-07-31,180,Loser
5264,2017-02-02,2017-07-31,104.0,95.4,-0.0826923076923076,2017-02-02_2017-07-31,181,Loser
1723,2017-02-02,2017-07-31,125.0,114.5,-0.084,2017-02-02_2017-07-31,182,Loser
2498,2017-02-02,2017-07-31,78.3,71.7,-0.0842911877394635,2017-02-02_2017-07-31,183,Loser
2409,2017-02-02,2017-07-31,13.4,12.2,-0.0895522388059702,2017-02-02_2017-07-31,184,Loser
2101,2017-02-02,2017-07-31,30.65,27.65,-0.097879282218597,2017-02-02_2017-07-31,185,Loser
2204,2017-02-02,2017-07-31,29.2,26.1,-0.1061643835616437,2017-02-02_2017-07-31,186,Loser
2103,2017-02-02,2017-07-31,38.0,33.95,-0.1065789473684209,2017-02-02_2017-07-31,187,Loser
9914,2017-02-02,2017-07-31,163.0,144.5,-0.1134969325153374,2017-02-02_2017-07-31,188,Loser
3060,2017-02-02,2017-07-31,34.3,30.4,-0.1137026239067055,2017-02-02_2017-07-31,189,Loser
2395,2017-02-02,2017-07-31,260.0,228.5,-0.1211538461538461,2017-02-02_2017-07-31,190,Loser
9945,2017-02-02,2017-07-31,37.8,32.7,-0.1349206349206347,2017-02-02_2017-07-31,191,Loser
3576,2017-02-02,2017-07-31,16.45,13.95,-0.1519756838905775,2017-02-02_2017-07-31,192,Loser
3005,2017-02-02,2017-07-31,48.4,38.2,-0.2107438016528924,2017-02-02_2017-07-31,193,Loser
2915,2017-02-02,2017-07-31,56.9,44.8,-0.2126537785588752,2017-02-02_2017-07-31,194,Loser
1589,2017-02-02,2017-07-31,106.0,81.8,-0.2283018867924528,2017-02-02_2017-07-31,195,Loser
9921,2017-02-02,2017-07-31,200.0,149.0,-0.255,2017-02-02_2017-07-31,196,Loser
2371,2017-02-02,2017-07-31,18.35,12.7,-0.3079019073569483,2017-02-02_2017-07-31,197,Loser
1262,2017-02-02,2017-07-31,162.0,88.5,-0.4537037037037037,2017-02-02_2017-07-31,198,Loser
2337,2017-03-01,2017-08-31,9.85,42.1,3.274111675126904,2017-03-01_2017-08-31,1,Winner
6456,2017-03-01,2017-08-31,121.5,361.5,1.9753086419753083,2017-03-01_2017-08-31,2,Winner
3406,2017-03-01,2017-08-31,184.5,498.0,1.6991869918699187,2017-03-01_2017-08-31,3,Winner
3019,2017-03-01,2017-08-31,48.9,119.0,1.4335378323108383,2017-03-01_2017-08-31,4,Winner
2327,2017-03-01,2017-08-31,80.0,194.0,1.425,2017-03-01_2017-08-31,5,Winner
4943,2017-03-01,2017-08-31,86.2,209.0,1.4245939675174013,2017-03-01_2017-08-31,6,Winner
2609,2017-03-01,2017-08-31,7.36,16.75,1.2758152173913044,2017-03-01_2017-08-31,7,Winner
3443,2017-03-01,2017-08-31,102.0,221.5,1.1715686274509804,2017-03-01_2017-08-31,8,Winner
2344,2017-03-01,2017-08-31,11.05,23.15,1.0950226244343888,2017-03-01_2017-08-31,9,Winner
2439,2017-03-01,2017-08-31,140.0,237.0,0.6928571428571428,2017-03-01_2017-08-31,10,Winner
2313,2017-03-01,2017-08-31,19.85,32.55,0.6397984886649871,2017-03-01_2017-08-31,11,Winner
6116,2017-03-01,2017-08-31,7.67,12.3,0.6036505867014342,2017-03-01_2017-08-31,12,Winner
4915,2017-03-01,2017-08-31,46.65,71.6,0.5348338692390139,2017-03-01_2017-08-31,13,Winner
2603,2017-03-01,2017-08-31,15.0,23.0,0.5333333333333333,2017-03-01_2017-08-31,14,Winner
2474,2017-03-01,2017-08-31,253.0,384.0,0.5177865612648221,2017-03-01_2017-08-31,15,Winner
8341,2017-03-01,2017-08-31,126.0,189.5,0.503968253968254,2017-03-01_2017-08-31,16,Winner
2231,2017-03-01,2017-08-31,252.5,370.0,0.4653465346534653,2017-03-01_2017-08-31,17,Winner
2492,2017-03-01,2017-08-31,47.4,68.9,0.4535864978902955,2017-03-01_2017-08-31,18,Winner
3673,2017-03-01,2017-08-31,85.4,124.0,0.451990632318501,2017-03-01_2017-08-31,19,Winner
2707,2017-03-01,2017-08-31,172.0,154.5,-0.1017441860465116,2017-03-01_2017-08-31,178,Loser
1102,2017-03-01,2017-08-31,30.6,27.35,-0.1062091503267973,2017-03-01_2017-08-31,179,Loser
2103,2017-03-01,2017-08-31,35.75,31.9,-0.1076923076923077,2017-03-01_2017-08-31,180,Loser
2355,2017-03-01,2017-08-31,61.2,54.5,-0.1094771241830065,2017-03-01_2017-08-31,181,Loser
2498,2017-03-01,2017-08-31,77.9,68.7,-0.1181001283697047,2017-03-01_2017-08-31,182,Loser
2101,2017-03-01,2017-08-31,30.9,27.25,-0.1181229773462782,2017-03-01_2017-08-31,183,Loser
3576,2017-03-01,2017-08-31,15.6,13.7,-0.1217948717948718,2017-03-01_2017-08-31,184,Loser
2106,2017-03-01,2017-08-31,49.55,43.15,-0.1291624621594349,2017-03-01_2017-08-31,185,Loser
2395,2017-03-01,2017-08-31,258.5,222.5,-0.1392649903288201,2017-03-01_2017-08-31,186,Loser
2301,2017-03-01,2017-08-31,51.9,44.65,-0.1396917148362235,2017-03-01_2017-08-31,187,Loser
2023,2017-03-01,2017-08-31,14.6,12.3,-0.1575342465753424,2017-03-01_2017-08-31,188,Loser
9914,2017-03-01,2017-08-31,157.5,132.5,-0.1587301587301587,2017-03-01_2017-08-31,189,Loser
2915,2017-03-01,2017-08-31,58.6,48.55,-0.1715017064846417,2017-03-01_2017-08-31,190,Loser
9921,2017-03-01,2017-08-31,188.5,152.5,-0.1909814323607427,2017-03-01_2017-08-31,191,Loser
2501,2017-03-01,2017-08-31,20.65,16.55,-0.1985472154963679,2017-03-01_2017-08-31,192,Loser
3060,2017-03-01,2017-08-31,37.4,29.05,-0.2232620320855614,2017-03-01_2017-08-31,193,Loser
1789,2017-03-01,2017-08-31,45.0,34.7,-0.2288888888888888,2017-03-01_2017-08-31,194,Loser
9945,2017-03-01,2017-08-31,38.9,29.55,-0.2403598971722364,2017-03-01_2017-08-31,195,Loser
4137,2017-03-01,2017-08-31,160.5,112.0,-0.3021806853582554,2017-03-01_2017-08-31,196,Loser
1589,2017-03-01,2017-08-31,119.5,83.1,-0.3046025104602511,2017-03-01_2017-08-31,197,Loser
1262,2017-03-01,2017-08-31,164.5,78.1,-0.5252279635258359,2017-03-01_2017-08-31,198,Loser
2337,2017-04-05,2017-09-30,12.6,48.3,2.833333333333333,2017-04-05_2017-09-30,1,Winner
2327,2017-04-05,2017-09-30,84.0,212.0,1.5238095238095235,2017-04-05_2017-09-30,2,Winner
6456,2017-04-05,2017-09-30,147.0,308.5,1.098639455782313,2017-04-05_2017-09-30,3,Winner
3443,2017-04-05,2017-09-30,104.5,208.0,0.9904306220095692,2017-04-05_2017-09-30,4,Winner
3019,2017-04-05,2017-09-30,57.0,112.5,0.9736842105263158,2017-04-05_2017-09-30,5,Winner
2408,2017-04-05,2017-09-30,47.9,86.3,0.8016701461377871,2017-04-05_2017-09-30,6,Winner
2609,2017-04-05,2017-09-30,7.07,12.7,0.7963224893917962,2017-04-05_2017-09-30,7,Winner
1909,2017-04-05,2017-09-30,25.75,45.45,0.7650485436893205,2017-04-05_2017-09-30,8,Winner
2492,2017-04-05,2017-09-30,44.85,75.9,0.6923076923076924,2017-04-05_2017-09-30,9,Winner
4943,2017-04-05,2017-09-30,132.5,218.5,0.6490566037735849,2017-04-05_2017-09-30,10,Winner
2344,2017-04-05,2017-09-30,17.5,27.0,0.5428571428571428,2017-04-05_2017-09-30,11,Winner
2104,2017-04-05,2017-09-30,30.1,45.3,0.5049833887043188,2017-04-05_2017-09-30,12,Winner
2313,2017-04-05,2017-09-30,22.55,33.85,0.5011086474501109,2017-04-05_2017-09-30,13,Winner
4915,2017-04-05,2017-09-30,50.2,74.2,0.4780876494023904,2017-04-05_2017-09-30,14,Winner
6116,2017-04-05,2017-09-30,8.54,12.15,0.4227166276346606,2017-04-05_2017-09-30,15,Winner
2049,2017-04-05,2017-09-30,193.0,272.5,0.4119170984455959,2017-04-05_2017-09-30,16,Winner
2345,2017-04-05,2017-09-30,70.6,98.4,0.3937677053824364,2017-04-05_2017-09-30,17,Winner
1590,2017-04-05,2017-09-30,305.0,417.0,0.3672131147540983,2017-04-05_2017-09-30,18,Winner
2231,2017-04-05,2017-09-30,262.0,352.0,0.3435114503816794,2017-04-05_2017-09-30,19,Winner
1504,2017-04-05,2017-09-30,31.35,27.4,-0.1259968102073366,2017-04-05_2017-09-30,177,Loser
9907,2017-04-05,2017-09-30,15.8,13.8,-0.1265822784810126,2017-04-05_2017-09-30,178,Loser
3231,2017-04-05,2017-09-30,28.5,24.5,-0.1403508771929824,2017-04-05_2017-09-30,179,Loser
1102,2017-04-05,2017-09-30,31.5,26.85,-0.1476190476190475,2017-04-05_2017-09-30,180,Loser
9914,2017-04-05,2017-09-30,159.0,135.5,-0.1477987421383647,2017-04-05_2017-09-30,181,Loser
2395,2017-04-05,2017-09-30,250.0,213.0,-0.148,2017-04-05_2017-09-30,182,Loser
2451,2017-04-05,2017-09-30,102.0,86.6,-0.1509803921568628,2017-04-05_2017-09-30,183,Loser
2106,2017-04-05,2017-09-30,50.5,42.65,-0.1554455445544554,2017-04-05_2017-09-30,184,Loser
5522,2017-04-05,2017-09-30,40.65,33.8,-0.1685116851168512,2017-04-05_2017-09-30,185,Loser
2023,2017-04-05,2017-09-30,13.65,11.25,-0.1758241758241758,2017-04-05_2017-09-30,186,Loser
2301,2017-04-05,2017-09-30,53.2,43.2,-0.18796992481203,2017-04-05_2017-09-30,187,Loser
3060,2017-04-05,2017-09-30,33.85,27.45,-0.189069423929099,2017-04-05_2017-09-30,188,Loser
2357,2017-04-05,2017-09-30,306.5,248.0,-0.1908646003262642,2017-04-05_2017-09-30,189,Loser
9921,2017-04-05,2017-09-30,180.5,143.0,-0.2077562326869806,2017-04-05_2017-09-30,190,Loser
2542,2017-04-05,2017-09-30,52.6,41.1,-0.2186311787072243,2017-04-05_2017-09-30,191,Loser
9945,2017-04-05,2017-09-30,36.75,28.05,-0.236734693877551,2017-04-05_2017-09-30,192,Loser
1789,2017-04-05,2017-09-30,43.25,32.8,-0.2416184971098266,2017-04-05_2017-09-30,193,Loser
2501,2017-04-05,2017-09-30,22.05,16.65,-0.2448979591836735,2017-04-05_2017-09-30,194,Loser
4137,2017-04-05,2017-09-30,141.5,105.0,-0.2579505300353357,2017-04-05_2017-09-30,195,Loser
1589,2017-04-05,2017-09-30,109.5,74.0,-0.3242009132420091,2017-04-05_2017-09-30,196,Loser
1262,2017-04-05,2017-09-30,166.5,68.9,-0.5861861861861861,2017-04-05_2017-09-30,197,Loser
2337,2017-05-02,2017-10-31,13.35,55.0,3.119850187265917,2017-05-02_2017-10-31,1,Winner
3443,2017-05-02,2017-10-31,101.5,300.0,1.9556650246305416,2017-05-02_2017-10-31,2,Winner
4943,2017-05-02,2017-10-31,128.5,363.0,1.8249027237354083,2017-05-02_2017-10-31,3,Winner
2327,2017-05-02,2017-10-31,105.5,239.5,1.2701421800947867,2017-05-02_2017-10-31,4,Winner
3019,2017-05-02,2017-10-31,56.3,123.0,1.1847246891651866,2017-05-02_2017-10-31,5,Winner
2408,2017-05-02,2017-10-31,49.35,81.8,0.657548125633232,2017-05-02_2017-10-31,6,Winner
2448,2017-05-02,2017-10-31,29.9,48.8,0.6321070234113713,2017-05-02_2017-10-31,7,Winner
1909,2017-05-02,2017-10-31,27.25,44.4,0.6293577981651376,2017-05-02_2017-10-31,8,Winner
2344,2017-05-02,2017-10-31,16.3,26.1,0.6012269938650306,2017-05-02_2017-10-31,9,Winner
2360,2017-05-02,2017-10-31,92.1,147.0,0.5960912052117265,2017-05-02_2017-10-31,10,Winner
2313,2017-05-02,2017-10-31,22.7,35.45,0.5616740088105728,2017-05-02_2017-10-31,11,Winner
2454,2017-05-02,2017-10-31,221.5,342.5,0.54627539503386,2017-05-02_2017-10-31,12,Winner
2049,2017-05-02,2017-10-31,196.0,302.0,0.5408163265306123,2017-05-02_2017-10-31,13,Winner
6456,2017-05-02,2017-10-31,185.0,276.5,0.4945945945945946,2017-05-02_2017-10-31,14,Winner
2345,2017-05-02,2017-10-31,65.2,97.2,0.4907975460122699,2017-05-02_2017-10-31,15,Winner
4915,2017-05-02,2017-10-31,53.6,78.2,0.458955223880597,2017-05-02_2017-10-31,16,Winner
6116,2017-05-02,2017-10-31,8.1,11.7,0.4444444444444444,2017-05-02_2017-10-31,17,Winner
1590,2017-05-02,2017-10-31,346.0,488.5,0.4118497109826589,2017-05-02_2017-10-31,18,Winner
6213,2017-05-02,2017-10-31,45.35,63.1,0.3914002205071665,2017-05-02_2017-10-31,19,Winner
9933,2017-05-02,2017-10-31,52.0,46.75,-0.1009615384615384,2017-05-02_2017-10-31,176,Loser
1707,2017-05-02,2017-10-31,194.0,173.5,-0.1056701030927835,2017-05-02_2017-10-31,177,Loser
2059,2017-05-02,2017-10-31,461.0,403.5,-0.1247288503253796,2017-05-02_2017-10-31,178,Loser
3231,2017-05-02,2017-10-31,28.8,25.15,-0.1267361111111112,2017-05-02_2017-10-31,179,Loser
4938,2017-05-02,2017-10-31,90.0,78.0,-0.1333333333333333,2017-05-02_2017-10-31,180,Loser
9914,2017-05-02,2017-10-31,162.5,140.5,-0.1353846153846153,2017-05-02_2017-10-31,181,Loser
2357,2017-05-02,2017-10-31,302.0,261.0,-0.1357615894039735,2017-05-02_2017-10-31,182,Loser
9921,2017-05-02,2017-10-31,182.5,155.0,-0.1506849315068493,2017-05-02_2017-10-31,183,Loser
9945,2017-05-02,2017-10-31,36.7,30.95,-0.1566757493188011,2017-05-02_2017-10-31,184,Loser
2395,2017-05-02,2017-10-31,244.5,206.0,-0.1574642126789366,2017-05-02_2017-10-31,185,Loser
2308,2017-05-02,2017-10-31,174.0,145.0,-0.1666666666666666,2017-05-02_2017-10-31,186,Loser
2501,2017-05-02,2017-10-31,20.45,16.85,-0.1760391198044008,2017-05-02_2017-10-31,187,Loser
2451,2017-05-02,2017-10-31,104.0,85.6,-0.176923076923077,2017-05-02_2017-10-31,188,Loser
2106,2017-05-02,2017-10-31,48.8,40.0,-0.1803278688524589,2017-05-02_2017-10-31,189,Loser
2301,2017-05-02,2017-10-31,52.1,42.55,-0.1833013435700576,2017-05-02_2017-10-31,190,Loser
1789,2017-05-02,2017-10-31,41.15,33.3,-0.1907654921020656,2017-05-02_2017-10-31,191,Loser
5522,2017-05-02,2017-10-31,40.8,32.95,-0.1924019607843136,2017-05-02_2017-10-31,192,Loser
2542,2017-05-02,2017-10-31,51.0,40.3,-0.2098039215686275,2017-05-02_2017-10-31,193,Loser
1589,2017-05-02,2017-10-31,91.1,69.6,-0.2360043907793633,2017-05-02_2017-10-31,194,Loser
4137,2017-05-02,2017-10-31,143.0,109.0,-0.2377622377622377,2017-05-02_2017-10-31,195,Loser
1262,2017-05-02,2017-10-31,143.5,71.6,-0.5010452961672475,2017-05-02_2017-10-31,196,Loser
4943,2017-06-01,2017-11-30,120.5,540.0,3.481327800829876,2017-06-01_2017-11-30,1,Winner
2327,2017-06-01,2017-11-30,99.7,336.0,2.370110330992979,2017-06-01_2017-11-30,2,Winner
2337,2017-06-01,2017-11-30,15.2,47.4,2.118421052631579,2017-06-01_2017-11-30,3,Winner
3443,2017-06-01,2017-11-30,103.0,282.0,1.7378640776699028,2017-06-01_2017-11-30,4,Winner
3026,2017-06-01,2017-11-30,40.2,91.5,1.2761194029850744,2017-06-01_2017-11-30,5,Winner
2492,2017-06-01,2017-11-30,50.7,112.0,1.2090729783037475,2017-06-01_2017-11-30,6,Winner
3019,2017-06-01,2017-11-30,51.8,112.5,1.171814671814672,2017-06-01_2017-11-30,7,Winner
2360,2017-06-01,2017-11-30,94.0,176.5,0.8776595744680851,2017-06-01_2017-11-30,8,Winner
2313,2017-06-01,2017-11-30,23.8,44.45,0.8676470588235294,2017-06-01_2017-11-30,9,Winner
2371,2017-06-01,2017-11-30,10.2,17.85,0.7500000000000002,2017-06-01_2017-11-30,10,Winner
2448,2017-06-01,2017-11-30,32.4,54.0,0.6666666666666667,2017-06-01_2017-11-30,11,Winner
2049,2017-06-01,2017-11-30,203.0,330.5,0.6280788177339901,2017-06-01_2017-11-30,12,Winner
2345,2017-06-01,2017-11-30,68.0,110.0,0.6176470588235294,2017-06-01_2017-11-30,13,Winner
6213,2017-06-01,2017-11-30,42.75,65.6,0.534502923976608,2017-06-01_2017-11-30,14,Winner
8341,2017-06-01,2017-11-30,165.0,253.0,0.5333333333333333,2017-06-01_2017-11-30,15,Winner
1590,2017-06-01,2017-11-30,334.0,511.0,0.5299401197604791,2017-06-01_2017-11-30,16,Winner
2408,2017-06-01,2017-11-30,51.5,77.8,0.5106796116504854,2017-06-01_2017-11-30,17,Winner
2344,2017-06-01,2017-11-30,19.1,28.6,0.4973821989528795,2017-06-01_2017-11-30,18,Winner
2454,2017-06-01,2017-11-30,228.0,326.0,0.4298245614035088,2017-06-01_2017-11-30,19,Winner
2501,2017-06-01,2017-11-30,19.2,16.9,-0.1197916666666667,2017-06-01_2017-11-30,178,Loser
8150,2017-06-01,2017-11-30,31.35,27.3,-0.1291866028708134,2017-06-01_2017-11-30,179,Loser
1789,2017-06-01,2017-11-30,41.0,35.4,-0.1365853658536585,2017-06-01_2017-11-30,180,Loser
9904,2017-06-01,2017-11-30,41.75,36.0,-0.1377245508982036,2017-06-01_2017-11-30,181,Loser
1476,2017-06-01,2017-11-30,313.5,268.5,-0.1435406698564593,2017-06-01_2017-11-30,182,Loser
9921,2017-06-01,2017-11-30,175.5,150.0,-0.1452991452991453,2017-06-01_2017-11-30,183,Loser
2105,2017-06-01,2017-11-30,61.0,51.4,-0.1573770491803278,2017-06-01_2017-11-30,184,Loser
2451,2017-06-01,2017-11-30,101.5,83.7,-0.1753694581280788,2017-06-01_2017-11-30,185,Loser
2106,2017-06-01,2017-11-30,46.55,38.25,-0.1783029001074113,2017-06-01_2017-11-30,186,Loser
2308,2017-06-01,2017-11-30,167.0,136.5,-0.1826347305389221,2017-06-01_2017-11-30,187,Loser
3231,2017-06-01,2017-11-30,28.4,23.1,-0.186619718309859,2017-06-01_2017-11-30,188,Loser
2395,2017-06-01,2017-11-30,246.5,200.0,-0.1886409736308316,2017-06-01_2017-11-30,189,Loser
2542,2017-06-01,2017-11-30,49.9,39.9,-0.2004008016032064,2017-06-01_2017-11-30,190,Loser
2227,2017-06-01,2017-11-30,318.5,253.0,-0.205651491365777,2017-06-01_2017-11-30,191,Loser
9914,2017-06-01,2017-11-30,160.5,124.0,-0.2274143302180685,2017-06-01_2017-11-30,192,Loser
1589,2017-06-01,2017-11-30,88.5,67.7,-0.2350282485875706,2017-06-01_2017-11-30,193,Loser
5522,2017-06-01,2017-11-30,41.95,31.65,-0.2455303933253874,2017-06-01_2017-11-30,194,Loser
4938,2017-06-01,2017-11-30,92.5,68.3,-0.2616216216216216,2017-06-01_2017-11-30,195,Loser
2301,2017-06-01,2017-11-30,50.0,36.85,-0.2629999999999999,2017-06-01_2017-11-30,196,Loser
2727,2017-06-01,2017-11-30,211.0,131.0,-0.3791469194312796,2017-06-01_2017-11-30,197,Loser
1262,2017-06-01,2017-11-30,134.0,52.6,-0.6074626865671642,2017-06-01_2017-11-30,198,Loser
2327,2017-07-03,2017-12-29,103.0,353.0,2.4271844660194173,2017-07-03_2017-12-29,1,Winner
3026,2017-07-03,2017-12-29,41.25,112.0,1.715151515151515,2017-07-03_2017-12-29,2,Winner
2337,2017-07-03,2017-12-29,16.8,44.2,1.630952380952381,2017-07-03_2017-12-29,3,Winner
4943,2017-07-03,2017-12-29,146.5,355.5,1.4266211604095562,2017-07-03_2017-12-29,4,Winner
3443,2017-07-03,2017-12-29,127.5,255.0,1.0,2017-07-03_2017-12-29,5,Winner
2492,2017-07-03,2017-12-29,53.9,105.0,0.948051948051948,2017-07-03_2017-12-29,6,Winner
3019,2017-07-03,2017-12-29,53.4,96.1,0.799625468164794,2017-07-03_2017-12-29,7,Winner
2360,2017-07-03,2017-12-29,95.2,162.0,0.7016806722689075,2017-07-03_2017-12-29,8,Winner
8341,2017-07-03,2017-12-29,156.5,255.0,0.6293929712460063,2017-07-03_2017-12-29,9,Winner
2448,2017-07-03,2017-12-29,27.95,45.15,0.6153846153846154,2017-07-03_2017-12-29,10,Winner
2049,2017-07-03,2017-12-29,201.0,322.0,0.6019900497512438,2017-07-03_2017-12-29,11,Winner
2313,2017-07-03,2017-12-29,24.4,38.4,0.5737704918032788,2017-07-03_2017-12-29,12,Winner
6213,2017-07-03,2017-12-29,41.55,65.3,0.5716004813477739,2017-07-03_2017-12-29,13,Winner
2353,2017-07-03,2017-12-29,16.0,24.15,0.5093749999999999,2017-07-03_2017-12-29,14,Winner
1802,2017-07-03,2017-12-29,14.9,22.35,0.5000000000000001,2017-07-03_2017-12-29,15,Winner
1590,2017-07-03,2017-12-29,365.0,535.0,0.4657534246575342,2017-07-03_2017-12-29,16,Winner
2371,2017-07-03,2017-12-29,13.1,19.2,0.465648854961832,2017-07-03_2017-12-29,17,Winner
1907,2017-07-03,2017-12-29,9.77,13.95,0.427840327533265,2017-07-03_2017-12-29,18,Winner
2408,2017-07-03,2017-12-29,54.3,76.2,0.4033149171270719,2017-07-03_2017-12-29,19,Winner
3008,2017-07-03,2017-12-29,4760.0,4020.0,-0.1554621848739495,2017-07-03_2017-12-29,178,Loser
2542,2017-07-03,2017-12-29,50.6,42.3,-0.1640316205533597,2017-07-03_2017-12-29,179,Loser
2501,2017-07-03,2017-12-29,19.7,16.45,-0.1649746192893401,2017-07-03_2017-12-29,180,Loser
1477,2017-07-03,2017-12-29,150.0,125.0,-0.1666666666666666,2017-07-03_2017-12-29,181,Loser
5522,2017-07-03,2017-12-29,38.75,32.1,-0.1716129032258064,2017-07-03_2017-12-29,182,Loser
2317,2017-07-03,2017-12-29,116.5,95.2,-0.182832618025751,2017-07-03_2017-12-29,183,Loser
2105,2017-07-03,2017-12-29,65.3,52.5,-0.1960183767228177,2017-07-03_2017-12-29,184,Loser
2301,2017-07-03,2017-12-29,50.7,40.6,-0.1992110453648915,2017-07-03_2017-12-29,185,Loser
2106,2017-07-03,2017-12-29,48.5,37.55,-0.2257731958762887,2017-07-03_2017-12-29,186,Loser
3231,2017-07-03,2017-12-29,31.1,23.95,-0.229903536977492,2017-07-03_2017-12-29,187,Loser
3060,2017-07-03,2017-12-29,35.0,26.9,-0.2314285714285714,2017-07-03_2017-12-29,188,Loser
9914,2017-07-03,2017-12-29,164.0,125.0,-0.2378048780487804,2017-07-03_2017-12-29,189,Loser
3481,2017-07-03,2017-12-29,16.3,12.4,-0.2392638036809816,2017-07-03_2017-12-29,190,Loser
1476,2017-07-03,2017-12-29,392.5,297.5,-0.2420382165605095,2017-07-03_2017-12-29,191,Loser
4938,2017-07-03,2017-12-29,97.6,72.0,-0.2622950819672131,2017-07-03_2017-12-29,192,Loser
2727,2017-07-03,2017-12-29,187.0,134.0,-0.2834224598930481,2017-07-03_2017-12-29,193,Loser
2383,2017-07-03,2017-12-29,143.5,101.5,-0.2926829268292683,2017-07-03_2017-12-29,194,Loser
2231,2017-07-03,2017-12-29,388.5,274.0,-0.2947232947232947,2017-07-03_2017-12-29,195,Loser
3189,2017-07-03,2017-12-29,79.6,54.2,-0.3190954773869346,2017-07-03_2017-12-29,196,Loser
1589,2017-07-03,2017-12-29,94.1,63.8,-0.3219978746014877,2017-07-03_2017-12-29,197,Loser
1262,2017-07-03,2017-12-29,125.5,64.7,-0.4844621513944223,2017-07-03_2017-12-29,198,Loser
2327,2017-08-01,2018-01-31,115.0,387.0,2.365217391304348,2017-08-01_2018-01-31,1,Winner
3026,2017-08-01,2018-01-31,37.2,112.0,2.010752688172043,2017-08-01_2018-01-31,2,Winner
2337,2017-08-01,2018-01-31,15.9,45.7,1.874213836477988,2017-08-01_2018-01-31,3,Winner
3443,2017-08-01,2018-01-31,174.0,359.5,1.0660919540229885,2017-08-01_2018-01-31,4,Winner
2371,2017-08-01,2018-01-31,12.2,23.9,0.9590163934426228,2017-08-01_2018-01-31,5,Winner
2376,2017-08-01,2018-01-31,38.8,72.7,0.8737113402061858,2017-08-01_2018-01-31,6,Winner
2353,2017-08-01,2018-01-31,14.95,27.65,0.8494983277591973,2017-08-01_2018-01-31,7,Winner
2492,2017-08-01,2018-01-31,53.8,98.3,0.8271375464684015,2017-08-01_2018-01-31,8,Winner
2448,2017-08-01,2018-01-31,28.85,51.6,0.7885615251299827,2017-08-01_2018-01-31,9,Winner
2360,2017-08-01,2018-01-31,94.8,166.0,0.7510548523206751,2017-08-01_2018-01-31,10,Winner
2049,2017-08-01,2018-01-31,225.0,377.5,0.6777777777777778,2017-08-01_2018-01-31,11,Winner
3019,2017-08-01,2018-01-31,72.7,118.0,0.6231086657496561,2017-08-01_2018-01-31,12,Winner
8341,2017-08-01,2018-01-31,154.0,226.5,0.4707792207792208,2017-08-01_2018-01-31,13,Winner
3532,2017-08-01,2018-01-31,90.5,132.0,0.4585635359116022,2017-08-01_2018-01-31,14,Winner
2104,2017-08-01,2018-01-31,33.9,49.15,0.4498525073746313,2017-08-01_2018-01-31,15,Winner
2345,2017-08-01,2018-01-31,81.0,117.0,0.4444444444444444,2017-08-01_2018-01-31,16,Winner
4943,2017-08-01,2018-01-31,207.0,287.0,0.3864734299516908,2017-08-01_2018-01-31,17,Winner
2027,2017-08-01,2018-01-31,17.8,24.4,0.3707865168539324,2017-08-01_2018-01-31,18,Winner
6213,2017-08-01,2018-01-31,46.45,62.2,0.3390742734122712,2017-08-01_2018-01-31,19,Winner
1789,2017-08-01,2018-01-31,41.4,35.05,-0.1533816425120773,2017-08-01_2018-01-31,178,Loser
5522,2017-08-01,2018-01-31,38.4,32.15,-0.1627604166666666,2017-08-01_2018-01-31,179,Loser
1909,2017-08-01,2018-01-31,39.95,33.4,-0.1639549436795996,2017-08-01_2018-01-31,180,Loser
4938,2017-08-01,2018-01-31,94.7,79.0,-0.1657866948257656,2017-08-01_2018-01-31,181,Loser
2105,2017-08-01,2018-01-31,61.2,50.8,-0.1699346405228759,2017-08-01_2018-01-31,182,Loser
1476,2017-08-01,2018-01-31,353.0,292.5,-0.1713881019830028,2017-08-01_2018-01-31,183,Loser
3406,2017-08-01,2018-01-31,342.0,279.5,-0.1827485380116959,2017-08-01_2018-01-31,184,Loser
8464,2017-08-01,2018-01-31,369.0,300.0,-0.1869918699186991,2017-08-01_2018-01-31,185,Loser
3231,2017-08-01,2018-01-31,30.35,24.5,-0.1927512355848435,2017-08-01_2018-01-31,186,Loser
6269,2017-08-01,2018-01-31,138.5,111.0,-0.1985559566787003,2017-08-01_2018-01-31,187,Loser
9938,2017-08-01,2018-01-31,126.0,100.5,-0.2023809523809523,2017-08-01_2018-01-31,188,Loser
2231,2017-08-01,2018-01-31,376.5,298.5,-0.2071713147410358,2017-08-01_2018-01-31,189,Loser
2317,2017-08-01,2018-01-31,116.5,92.2,-0.2085836909871244,2017-08-01_2018-01-31,190,Loser
2106,2017-08-01,2018-01-31,47.5,37.0,-0.2210526315789473,2017-08-01_2018-01-31,191,Loser
6456,2017-08-01,2018-01-31,286.0,217.0,-0.2412587412587412,2017-08-01_2018-01-31,192,Loser
2727,2017-08-01,2018-01-31,180.5,135.5,-0.2493074792243767,2017-08-01_2018-01-31,193,Loser
2439,2017-08-01,2018-01-31,245.0,183.0,-0.2530612244897959,2017-08-01_2018-01-31,194,Loser
3008,2017-08-01,2018-01-31,5500.0,4005.0,-0.2718181818181818,2017-08-01_2018-01-31,195,Loser
1262,2017-08-01,2018-01-31,89.5,62.8,-0.2983240223463687,2017-08-01_2018-01-31,196,Loser
2383,2017-08-01,2018-01-31,150.0,102.5,-0.3166666666666666,2017-08-01_2018-01-31,197,Loser
3189,2017-08-01,2018-01-31,83.0,50.4,-0.3927710843373494,2017-08-01_2018-01-31,198,Loser
3026,2017-09-01,2018-02-27,38.1,93.3,1.4488188976377951,2017-09-01_2018-02-27,1,Winner
2371,2017-09-01,2018-02-27,13.8,25.3,0.8333333333333333,2017-09-01_2018-02-27,2,Winner
2376,2017-09-01,2018-02-27,41.0,70.3,0.7146341463414634,2017-09-01_2018-02-27,3,Winner
2448,2017-09-01,2018-02-27,30.8,52.8,0.7142857142857142,2017-09-01_2018-02-27,4,Winner
2327,2017-09-01,2018-02-27,194.5,330.5,0.699228791773779,2017-09-01_2018-02-27,5,Winner
2360,2017-09-01,2018-02-27,101.5,160.0,0.5763546798029556,2017-09-01_2018-02-27,6,Winner
2353,2017-09-01,2018-02-27,15.9,24.6,0.5471698113207548,2017-09-01_2018-02-27,7,Winner
3443,2017-09-01,2018-02-27,211.5,310.0,0.4657210401891253,2017-09-01_2018-02-27,8,Winner
3532,2017-09-01,2018-02-27,89.2,130.5,0.4630044843049327,2017-09-01_2018-02-27,9,Winner
8454,2017-09-01,2018-02-27,210.0,300.0,0.4285714285714285,2017-09-01_2018-02-27,10,Winner
2049,2017-09-01,2018-02-27,270.0,375.0,0.3888888888888889,2017-09-01_2018-02-27,11,Winner
2104,2017-09-01,2018-02-27,36.25,50.0,0.3793103448275862,2017-09-01_2018-02-27,12,Winner
1229,2017-09-01,2018-02-27,27.55,37.9,0.3756805807622503,2017-09-01_2018-02-27,13,Winner
2345,2017-09-01,2018-02-27,84.5,112.0,0.3254437869822485,2017-09-01_2018-02-27,14,Winner
2027,2017-09-01,2018-02-27,19.05,25.2,0.3228346456692912,2017-09-01_2018-02-27,15,Winner
6213,2017-09-01,2018-02-27,58.8,76.5,0.3010204081632653,2017-09-01_2018-02-27,16,Winner
1590,2017-09-01,2018-02-27,412.5,535.0,0.296969696969697,2017-09-01_2018-02-27,17,Winner
4137,2017-09-01,2018-02-27,115.5,149.0,0.29004329004329,2017-09-01_2018-02-27,18,Winner
2888,2017-09-01,2018-02-27,9.37,12.05,0.2860192102454644,2017-09-01_2018-02-27,19,Winner
2105,2017-09-01,2018-02-27,60.1,50.2,-0.1647254575707154,2017-09-01_2018-02-27,178,Loser
6269,2017-09-01,2018-02-27,134.5,112.0,-0.1672862453531598,2017-09-01_2018-02-27,179,Loser
1476,2017-09-01,2018-02-27,376.0,312.0,-0.1702127659574468,2017-09-01_2018-02-27,180,Loser
3060,2017-09-01,2018-02-27,29.4,24.25,-0.1751700680272108,2017-09-01_2018-02-27,181,Loser
2354,2017-09-01,2018-02-27,96.3,79.4,-0.1754932502596053,2017-09-01_2018-02-27,182,Loser
1909,2017-09-01,2018-02-27,45.0,36.55,-0.1877777777777778,2017-09-01_2018-02-27,183,Loser
6116,2017-09-01,2018-02-27,12.4,10.05,-0.189516129032258,2017-09-01_2018-02-27,184,Loser
2439,2017-09-01,2018-02-27,238.0,192.0,-0.1932773109243697,2017-09-01_2018-02-27,185,Loser
4938,2017-09-01,2018-02-27,94.3,75.0,-0.2046659597030752,2017-09-01_2018-02-27,186,Loser
9938,2017-09-01,2018-02-27,124.0,97.5,-0.2137096774193548,2017-09-01_2018-02-27,187,Loser
1262,2017-09-01,2018-02-27,77.8,58.8,-0.2442159383033419,2017-09-01_2018-02-27,188,Loser
2317,2017-09-01,2018-02-27,117.5,88.1,-0.2502127659574468,2017-09-01_2018-02-27,189,Loser
2383,2017-09-01,2018-02-27,149.0,109.5,-0.2651006711409396,2017-09-01_2018-02-27,190,Loser
2727,2017-09-01,2018-02-27,179.0,128.5,-0.2821229050279329,2017-09-01_2018-02-27,191,Loser
2603,2017-09-01,2018-02-27,22.4,15.45,-0.3102678571428571,2017-09-01_2018-02-27,192,Loser
2609,2017-09-01,2018-02-27,16.45,10.4,-0.3677811550151975,2017-09-01_2018-02-27,193,Loser
3008,2017-09-01,2018-02-27,5870.0,3695.0,-0.3705281090289608,2017-09-01_2018-02-27,194,Loser
3189,2017-09-01,2018-02-27,83.9,50.9,-0.3933253873659119,2017-09-01_2018-02-27,195,Loser
3673,2017-09-01,2018-02-27,128.5,72.6,-0.4350194552529183,2017-09-01_2018-02-27,196,Loser
6456,2017-09-01,2018-02-27,363.0,178.5,-0.5082644628099173,2017-09-01_2018-02-27,197,Loser
3406,2017-09-01,2018-02-27,547.0,244.0,-0.5539305301645339,2017-09-01_2018-02-27,198,Loser
3026,2017-10-02,2018-03-31,41.35,133.5,2.2285368802902057,2017-10-02_2018-03-31,1,Winner
2327,2017-10-02,2018-03-31,213.0,522.0,1.4507042253521127,2017-10-02_2018-03-31,2,Winner
4137,2017-10-02,2018-03-31,108.5,202.5,0.8663594470046083,2017-10-02_2018-03-31,3,Winner
2371,2017-10-02,2018-03-31,12.65,22.25,0.758893280632411,2017-10-02_2018-03-31,4,Winner
2376,2017-10-02,2018-03-31,38.6,66.8,0.7305699481865283,2017-10-02_2018-03-31,5,Winner
2027,2017-10-02,2018-03-31,17.8,29.7,0.6685393258426965,2017-10-02_2018-03-31,6,Winner
2353,2017-10-02,2018-03-31,15.3,24.7,0.6143790849673202,2017-10-02_2018-03-31,7,Winner
2360,2017-10-02,2018-03-31,110.0,169.0,0.5363636363636364,2017-10-02_2018-03-31,8,Winner
2492,2017-10-02,2018-03-31,79.0,120.0,0.5189873417721519,2017-10-02_2018-03-31,9,Winner
2049,2017-10-02,2018-03-31,281.0,424.0,0.5088967971530249,2017-10-02_2018-03-31,10,Winner
2377,2017-10-02,2018-03-31,65.8,95.2,0.4468085106382979,2017-10-02_2018-03-31,11,Winner
3443,2017-10-02,2018-03-31,226.5,318.0,0.4039735099337748,2017-10-02_2018-03-31,12,Winner
8046,2017-10-02,2018-03-31,24.6,33.95,0.3800813008130081,2017-10-02_2018-03-31,13,Winner
1707,2017-10-02,2018-03-31,181.0,248.5,0.3729281767955801,2017-10-02_2018-03-31,14,Winner
4943,2017-10-02,2018-03-31,221.0,301.5,0.3642533936651583,2017-10-02_2018-03-31,15,Winner
5871,2017-10-02,2018-03-31,76.1,103.5,0.3600525624178713,2017-10-02_2018-03-31,16,Winner
1589,2017-10-02,2018-03-31,75.8,102.5,0.3522427440633245,2017-10-02_2018-03-31,17,Winner
1229,2017-10-02,2018-03-31,29.35,39.2,0.3356047700170358,2017-10-02_2018-03-31,18,Winner
9940,2017-10-02,2018-03-31,32.3,43.1,0.3343653250773995,2017-10-02_2018-03-31,19,Winner
2609,2017-10-02,2018-03-31,12.65,10.55,-0.1660079051383398,2017-10-02_2018-03-31,177,Loser
6269,2017-10-02,2018-03-31,119.5,99.2,-0.1698744769874476,2017-10-02_2018-03-31,178,Loser
2207,2017-10-02,2018-03-31,355.5,295.0,-0.170182841068917,2017-10-02_2018-03-31,179,Loser
3060,2017-10-02,2018-03-31,27.7,22.95,-0.1714801444043321,2017-10-02_2018-03-31,180,Loser
2317,2017-10-02,2018-03-31,107.0,88.5,-0.1728971962616822,2017-10-02_2018-03-31,181,Loser
6116,2017-10-02,2018-03-31,12.15,10.0,-0.1769547325102881,2017-10-02_2018-03-31,182,Loser
3576,2017-10-02,2018-03-31,15.6,12.75,-0.1826923076923076,2017-10-02_2018-03-31,183,Loser
1319,2017-10-02,2018-03-31,64.4,52.2,-0.1894409937888199,2017-10-02_2018-03-31,184,Loser
2727,2017-10-02,2018-03-31,163.0,129.0,-0.2085889570552147,2017-10-02_2018-03-31,185,Loser
8150,2017-10-02,2018-03-31,30.4,24.05,-0.2088815789473683,2017-10-02_2018-03-31,186,Loser
2105,2017-10-02,2018-03-31,60.9,47.05,-0.2274220032840722,2017-10-02_2018-03-31,187,Loser
3406,2017-10-02,2018-03-31,402.5,308.5,-0.2335403726708074,2017-10-02_2018-03-31,188,Loser
3189,2017-10-02,2018-03-31,73.6,55.8,-0.2418478260869565,2017-10-02_2018-03-31,189,Loser
2344,2017-10-02,2018-03-31,27.35,19.55,-0.2851919561243144,2017-10-02_2018-03-31,190,Loser
3673,2017-10-02,2018-03-31,103.5,72.8,-0.2966183574879227,2017-10-02_2018-03-31,191,Loser
1262,2017-10-02,2018-03-31,70.7,48.55,-0.3132956152758133,2017-10-02_2018-03-31,192,Loser
1909,2017-10-02,2018-03-31,47.8,32.6,-0.3179916317991631,2017-10-02_2018-03-31,193,Loser
2383,2017-10-02,2018-03-31,149.0,93.8,-0.3704697986577181,2017-10-02_2018-03-31,194,Loser
3008,2017-10-02,2018-03-31,5455.0,3350.0,-0.3858845096241979,2017-10-02_2018-03-31,195,Loser
9938,2017-10-02,2018-03-31,138.5,83.0,-0.4007220216606498,2017-10-02_2018-03-31,196,Loser
6456,2017-10-02,2018-03-31,312.5,179.5,-0.4256,2017-10-02_2018-03-31,197,Loser
2327,2017-11-01,2018-04-30,251.5,627.0,1.4930417495029822,2017-11-01_2018-04-30,1,Winner
3026,2017-11-01,2018-04-30,59.9,146.0,1.4373956594323871,2017-11-01_2018-04-30,2,Winner
2492,2017-11-01,2018-04-30,83.0,187.5,1.2590361445783131,2017-11-01_2018-04-30,3,Winner
4137,2017-11-01,2018-04-30,109.0,195.0,0.7889908256880734,2017-11-01_2018-04-30,4,Winner
2027,2017-11-01,2018-04-30,20.15,34.0,0.6873449131513649,2017-11-01_2018-04-30,5,Winner
2371,2017-11-01,2018-04-30,14.1,22.25,0.5780141843971631,2017-11-01_2018-04-30,6,Winner
2049,2017-11-01,2018-04-30,301.0,450.0,0.4950166112956811,2017-11-01_2018-04-30,7,Winner
2353,2017-11-01,2018-04-30,15.65,22.8,0.4568690095846645,2017-11-01_2018-04-30,8,Winner
1707,2017-11-01,2018-04-30,174.0,249.0,0.4310344827586206,2017-11-01_2018-04-30,9,Winner
5871,2017-11-01,2018-04-30,79.9,109.0,0.3642052565707133,2017-11-01_2018-04-30,10,Winner
2376,2017-11-01,2018-04-30,47.95,65.4,0.3639207507820647,2017-11-01_2018-04-30,11,Winner
1605,2017-11-01,2018-04-30,15.45,20.25,0.3106796116504855,2017-11-01_2018-04-30,12,Winner
2903,2017-11-01,2018-04-30,14.9,19.5,0.308724832214765,2017-11-01_2018-04-30,13,Winner
1723,2017-11-01,2018-04-30,120.0,157.0,0.3083333333333333,2017-11-01_2018-04-30,14,Winner
1802,2017-11-01,2018-04-30,15.45,19.9,0.2880258899676375,2017-11-01_2018-04-30,15,Winner
2231,2017-11-01,2018-04-30,297.0,382.5,0.2878787878787879,2017-11-01_2018-04-30,16,Winner
2888,2017-11-01,2018-04-30,9.57,12.15,0.2695924764890282,2017-11-01_2018-04-30,17,Winner
2377,2017-11-01,2018-04-30,73.7,93.4,0.2672998643147897,2017-11-01_2018-04-30,18,Winner
1710,2017-11-01,2018-04-30,25.9,32.0,0.2355212355212355,2017-11-01_2018-04-30,19,Winner
2448,2017-11-01,2018-04-30,53.1,40.75,-0.2325800376647834,2017-11-01_2018-04-30,175,Loser
2727,2017-11-01,2018-04-30,157.0,120.0,-0.2356687898089172,2017-11-01_2018-04-30,176,Loser
2382,2017-11-01,2018-04-30,70.8,54.1,-0.2358757062146892,2017-11-01_2018-04-30,177,Loser
4943,2017-11-01,2018-04-30,343.0,260.5,-0.2405247813411078,2017-11-01_2018-04-30,178,Loser
2308,2017-11-01,2018-04-30,143.5,108.0,-0.2473867595818815,2017-11-01_2018-04-30,179,Loser
2317,2017-11-01,2018-04-30,112.0,82.9,-0.2598214285714285,2017-11-01_2018-04-30,180,Loser
6116,2017-11-01,2018-04-30,11.7,8.2,-0.2991452991452991,2017-11-01_2018-04-30,181,Loser
2345,2017-11-01,2018-04-30,97.7,68.4,-0.299897645854657,2017-11-01_2018-04-30,182,Loser
2344,2017-11-01,2018-04-30,26.3,18.3,-0.3041825095057034,2017-11-01_2018-04-30,183,Loser
8150,2017-11-01,2018-04-30,29.95,20.65,-0.3105175292153589,2017-11-01_2018-04-30,184,Loser
6269,2017-11-01,2018-04-30,114.0,78.1,-0.3149122807017544,2017-11-01_2018-04-30,185,Loser
9938,2017-11-01,2018-04-30,122.5,79.6,-0.3502040816326531,2017-11-01_2018-04-30,186,Loser
3189,2017-11-01,2018-04-30,76.0,49.1,-0.3539473684210526,2017-11-01_2018-04-30,187,Loser
6456,2017-11-01,2018-04-30,280.0,179.5,-0.3589285714285714,2017-11-01_2018-04-30,188,Loser
3673,2017-11-01,2018-04-30,102.0,65.2,-0.3607843137254902,2017-11-01_2018-04-30,189,Loser
5264,2017-11-01,2018-04-30,118.0,73.0,-0.3813559322033898,2017-11-01_2018-04-30,190,Loser
2355,2017-11-01,2018-04-30,63.3,39.15,-0.3815165876777251,2017-11-01_2018-04-30,191,Loser
2383,2017-11-01,2018-04-30,120.0,73.0,-0.3916666666666666,2017-11-01_2018-04-30,192,Loser
2439,2017-11-01,2018-04-30,227.5,137.5,-0.3956043956043956,2017-11-01_2018-04-30,193,Loser
3008,2017-11-01,2018-04-30,5780.0,3480.0,-0.3979238754325259,2017-11-01_2018-04-30,194,Loser
1262,2017-11-01,2018-04-30,78.7,37.6,-0.5222363405336722,2017-11-01_2018-04-30,195,Loser
2492,2017-12-01,2018-05-31,103.0,387.5,2.762135922330097,2017-12-01_2018-05-31,1,Winner
6669,2017-12-01,2018-05-31,136.5,477.49,2.4980952380952384,2017-12-01_2018-05-31,2,Winner
2327,2017-12-01,2018-05-31,310.0,951.0,2.067741935483871,2017-12-01_2018-05-31,3,Winner
3026,2017-12-01,2018-05-31,86.1,209.0,1.4274099883855984,2017-12-01_2018-05-31,4,Winner
4137,2017-12-01,2018-05-31,137.0,272.5,0.9890510948905108,2017-12-01_2018-05-31,5,Winner
2377,2017-12-01,2018-05-31,70.9,125.0,0.7630465444287727,2017-12-01_2018-05-31,6,Winner
2027,2017-12-01,2018-05-31,19.0,32.5,0.7105263157894737,2017-12-01_2018-05-31,7,Winner
3532,2017-12-01,2018-05-31,101.0,167.0,0.6534653465346535,2017-12-01_2018-05-31,8,Winner
2376,2017-12-01,2018-05-31,47.85,79.1,0.6530825496342736,2017-12-01_2018-05-31,9,Winner
2456,2017-12-01,2018-05-31,97.6,160.0,0.639344262295082,2017-12-01_2018-05-31,10,Winner
1605,2017-12-01,2018-05-31,16.15,25.05,0.5510835913312695,2017-12-01_2018-05-31,11,Winner
1476,2017-12-01,2018-05-31,269.0,366.0,0.3605947955390334,2017-12-01_2018-05-31,12,Winner
2903,2017-12-01,2018-05-31,14.85,19.8,0.3333333333333334,2017-12-01_2018-05-31,13,Winner
2408,2017-12-01,2018-05-31,75.6,99.6,0.3174603174603175,2017-12-01_2018-05-31,14,Winner
1101,2017-12-01,2018-05-31,33.7,43.6,0.2937685459940652,2017-12-01_2018-05-31,15,Winner
2049,2017-12-01,2018-05-31,329.5,425.0,0.2898330804248862,2017-12-01_2018-05-31,16,Winner
2371,2017-12-01,2018-05-31,17.55,22.55,0.2849002849002849,2017-12-01_2018-05-31,17,Winner
1723,2017-12-01,2018-05-31,122.5,155.5,0.2693877551020408,2017-12-01_2018-05-31,18,Winner
2915,2017-12-01,2018-05-31,49.1,61.3,0.2484725050916496,2017-12-01_2018-05-31,19,Winner
1909,2017-12-01,2018-05-31,41.95,33.25,-0.2073897497020262,2017-12-01_2018-05-31,176,Loser
2609,2017-12-01,2018-05-31,12.0,9.49,-0.2091666666666666,2017-12-01_2018-05-31,177,Loser
3189,2017-12-01,2018-05-31,72.8,57.5,-0.2101648351648351,2017-12-01_2018-05-31,178,Loser
2727,2017-12-01,2018-05-31,132.5,104.5,-0.2113207547169811,2017-12-01_2018-05-31,179,Loser
2207,2017-12-01,2018-05-31,348.5,273.5,-0.2152080344332855,2017-12-01_2018-05-31,180,Loser
8150,2017-12-01,2018-05-31,28.1,22.0,-0.2170818505338078,2017-12-01_2018-05-31,181,Loser
2448,2017-12-01,2018-05-31,52.5,40.6,-0.2266666666666666,2017-12-01_2018-05-31,182,Loser
3060,2017-12-01,2018-05-31,28.3,21.4,-0.2438162544169612,2017-12-01_2018-05-31,183,Loser
2313,2017-12-01,2018-05-31,44.5,33.6,-0.244943820224719,2017-12-01_2018-05-31,184,Loser
6269,2017-12-01,2018-05-31,115.0,86.8,-0.2452173913043478,2017-12-01_2018-05-31,185,Loser
2344,2017-12-01,2018-05-31,26.9,20.05,-0.2546468401486988,2017-12-01_2018-05-31,186,Loser
2383,2017-12-01,2018-05-31,109.0,80.2,-0.2642201834862385,2017-12-01_2018-05-31,187,Loser
4915,2017-12-01,2018-05-31,80.6,58.3,-0.2766749379652605,2017-12-01_2018-05-31,188,Loser
3673,2017-12-01,2018-05-31,89.9,64.3,-0.2847608453837598,2017-12-01_2018-05-31,189,Loser
2392,2017-12-01,2018-05-31,50.0,35.45,-0.2909999999999999,2017-12-01_2018-05-31,190,Loser
2439,2017-12-01,2018-05-31,212.0,146.5,-0.3089622641509434,2017-12-01_2018-05-31,191,Loser
5264,2017-12-01,2018-05-31,110.0,75.2,-0.3163636363636363,2017-12-01_2018-05-31,192,Loser
1262,2017-12-01,2018-05-31,50.2,33.7,-0.3286852589641434,2017-12-01_2018-05-31,193,Loser
2355,2017-12-01,2018-05-31,60.9,39.7,-0.348111658456486,2017-12-01_2018-05-31,194,Loser
9938,2017-12-01,2018-05-31,115.5,70.8,-0.387012987012987,2017-12-01_2018-05-31,195,Loser
4943,2017-12-01,2018-05-31,594.0,296.0,-0.5016835016835017,2017-12-01_2018-05-31,196,Loser
2492,2018-01-02,2018-06-01,101.5,378.0,2.7241379310344827,2018-01-02_2018-06-01,1,Winner
6669,2018-01-02,2018-06-01,136.0,471.99,2.470514705882353,2018-01-02_2018-06-01,2,Winner
2327,2018-01-02,2018-06-01,354.0,982.0,1.7740112994350283,2018-01-02_2018-06-01,3,Winner
3026,2018-01-02,2018-06-01,112.0,215.5,0.9241071428571428,2018-01-02_2018-06-01,4,Winner
4137,2018-01-02,2018-06-01,149.0,268.5,0.802013422818792,2018-01-02_2018-06-01,5,Winner
3532,2018-01-02,2018-06-01,92.7,163.0,0.7583603020496223,2018-01-02_2018-06-01,6,Winner
3406,2018-01-02,2018-06-01,280.0,468.0,0.6714285714285714,2018-01-02_2018-06-01,7,Winner
2027,2018-01-02,2018-06-01,22.0,35.7,0.6227272727272729,2018-01-02_2018-06-01,8,Winner
2456,2018-01-02,2018-06-01,101.0,163.0,0.6138613861386139,2018-01-02_2018-06-01,9,Winner
2377,2018-01-02,2018-06-01,79.9,126.5,0.5832290362953692,2018-01-02_2018-06-01,10,Winner
2376,2018-01-02,2018-06-01,52.8,79.9,0.5132575757575759,2018-01-02_2018-06-01,11,Winner
2049,2018-01-02,2018-06-01,320.0,443.0,0.384375,2018-01-02_2018-06-01,12,Winner
1605,2018-01-02,2018-06-01,18.0,24.65,0.3694444444444443,2018-01-02_2018-06-01,13,Winner
2903,2018-01-02,2018-06-01,15.05,19.8,0.3156146179401993,2018-01-02_2018-06-01,14,Winner
1476,2018-01-02,2018-06-01,297.0,378.5,0.2744107744107744,2018-01-02_2018-06-01,15,Winner
2231,2018-01-02,2018-06-01,284.0,359.5,0.2658450704225352,2018-01-02_2018-06-01,16,Winner
2408,2018-01-02,2018-06-01,78.0,97.5,0.25,2018-01-02_2018-06-01,17,Winner
5871,2018-01-02,2018-06-01,87.6,109.0,0.2442922374429224,2018-01-02_2018-06-01,18,Winner
2915,2018-01-02,2018-06-01,50.5,62.4,0.2356435643564356,2018-01-02_2018-06-01,19,Winner
2308,2018-01-02,2018-06-01,141.0,114.5,-0.1879432624113475,2018-01-02_2018-06-01,177,Loser
2383,2018-01-02,2018-06-01,104.0,84.4,-0.1884615384615384,2018-01-02_2018-06-01,178,Loser
9921,2018-01-02,2018-06-01,168.0,136.0,-0.1904761904761904,2018-01-02_2018-06-01,179,Loser
2345,2018-01-02,2018-06-01,111.5,90.2,-0.1910313901345291,2018-01-02_2018-06-01,180,Loser
1909,2018-01-02,2018-06-01,41.45,33.15,-0.2002412545235224,2018-01-02_2018-06-01,181,Loser
2498,2018-01-02,2018-06-01,73.9,58.5,-0.2083897158322057,2018-01-02_2018-06-01,182,Loser
6269,2018-01-02,2018-06-01,111.0,87.8,-0.209009009009009,2018-01-02_2018-06-01,183,Loser
8464,2018-01-02,2018-06-01,323.0,252.5,-0.218266253869969,2018-01-02_2018-06-01,184,Loser
8341,2018-01-02,2018-06-01,255.0,199.0,-0.2196078431372549,2018-01-02_2018-06-01,185,Loser
3673,2018-01-02,2018-06-01,83.7,64.8,-0.2258064516129032,2018-01-02_2018-06-01,186,Loser
2727,2018-01-02,2018-06-01,135.0,103.5,-0.2333333333333333,2018-01-02_2018-06-01,187,Loser
2609,2018-01-02,2018-06-01,12.4,9.49,-0.2346774193548387,2018-01-02_2018-06-01,188,Loser
2207,2018-01-02,2018-06-01,359.0,268.0,-0.2534818941504178,2018-01-02_2018-06-01,189,Loser
2439,2018-01-02,2018-06-01,197.0,147.0,-0.2538071065989847,2018-01-02_2018-06-01,190,Loser
5264,2018-01-02,2018-06-01,101.5,75.4,-0.257142857142857,2018-01-02_2018-06-01,191,Loser
2723,2018-01-02,2018-06-01,420.0,311.0,-0.2595238095238095,2018-01-02_2018-06-01,192,Loser
2392,2018-01-02,2018-06-01,49.3,35.45,-0.2809330628803244,2018-01-02_2018-06-01,193,Loser
4915,2018-01-02,2018-06-01,82.6,57.6,-0.3026634382566585,2018-01-02_2018-06-01,194,Loser
2355,2018-01-02,2018-06-01,57.7,40.2,-0.3032928942807625,2018-01-02_2018-06-01,195,Loser
9938,2018-01-02,2018-06-01,121.0,70.6,-0.4165289256198347,2018-01-02_2018-06-01,196,Loser
1262,2018-01-02,2018-06-01,65.2,34.8,-0.4662576687116565,2018-01-02_2018-06-01,197,Loser
