公布日期,證券代號,證券名稱,處置起始,處置結束,處置營業日數,撮合頻率(分鐘)
2025-08-22,3081,聯亞,2025-08-25,2025-09-05,10,20
2025-08-20,3555,博士旺,2025-08-21,2025-09-03,10,20
2025-08-20,4768,晶呈科技,2025-08-21,2025-09-03,10,5
2025-08-20,6733,博晟生醫,2025-08-21,2025-09-03,10,5
2025-08-19,5475,德宏,2025-08-20,2025-09-02,10,20
2025-08-19,6418,詠昇,2025-08-20,2025-09-02,10,5
2025-08-18,1815,富喬,2025-08-19,2025-09-01,10,5
2025-08-18,18156,富喬六,2025-08-19,2025-09-01,10,5
2025-08-18,3071,協禧,2025-08-19,2025-09-01,10,5
2025-08-18,3363,上詮,2025-08-19,2025-09-01,10,5
2025-08-18,4577,達航科技,2025-08-19,2025-09-01,10,5
2025-08-18,6727,亞泰金屬,2025-08-19,2025-09-01,10,20
2025-08-18,6895,宏碩系統,2025-08-19,2025-09-01,10,20
2025-08-18,8358,金居,2025-08-19,2025-09-01,10,5
2025-08-15,3555,博士旺,2025-08-18,2025-08-29,10,5
2025-08-14,23682,金像電二,2025-08-15,2025-08-28,10,5
2025-08-14,5475,德宏,2025-08-15,2025-08-28,10,5
2025-08-13,4991,環宇-KY,2025-08-14,2025-08-27,10,20
2025-08-13,6727,亞泰金屬,2025-08-14,2025-08-27,10,20
2025-08-13,6895,宏碩系統,2025-08-14,2025-08-27,10,5
2025-08-13,8935,邦泰,2025-08-14,2025-08-27,10,5
2025-08-08,6129,普誠,2025-08-11,2025-08-22,10,5
2025-08-08,6727,亞泰金屬,2025-08-11,2025-08-22,10,5
2025-08-08,8038,長園科,2025-08-11,2025-08-22,10,5
2025-08-06,3623,富晶通,2025-08-07,2025-08-20,10,5
2025-08-06,8472,夠麻吉,2025-08-07,2025-08-20,10,20
2025-08-05,4804,大略-KY,2025-08-06,2025-08-19,10,60
2025-08-01,3081,聯亞,2025-08-04,2025-08-15,10,20
2025-07-31,3230,錦明,2025-08-01,2025-08-14,10,5
2025-07-31,52633,智崴三,2025-08-01,2025-08-14,10,5
2025-07-29,6291,沛亨,2025-07-30,2025-08-12,10,5
2025-07-24,64421,光聖一,2025-07-25,2025-08-11,12,5
2025-07-18,6499,益安,2025-07-21,2025-08-01,10,20
2025-07-18,82101,勤誠一,2025-07-21,2025-08-01,10,5
2025-07-18,8472,夠麻吉,2025-07-21,2025-08-01,10,5
2025-07-17,1595,川寶,2025-07-18,2025-08-04,12,5
2025-07-17,15952,川寶二,2025-07-18,2025-08-04,12,5
2025-07-16,37083,上緯投控三,2025-07-17,2025-08-01,12,5
2025-07-16,37084,上緯投控四,2025-07-17,2025-08-01,12,5
2025-07-16,4991,環宇-KY,2025-07-17,2025-08-01,12,5
2025-07-15,5314,世紀*,2025-07-16,2025-07-31,12,5
2025-07-11,3081,聯亞,2025-07-14,2025-07-25,10,20
2025-07-11,5245,智晶,2025-07-14,2025-07-25,10,5
2025-07-11,52451,智晶一,2025-07-14,2025-07-25,10,5
2025-07-11,52452,智晶二,2025-07-14,2025-07-25,10,5
2025-07-10,3629,地心引力,2025-07-11,2025-07-24,10,60
2025-07-07,3629,地心引力,2025-07-08,2025-07-21,10,45
2025-07-04,3577,泓格,2025-07-07,2025-07-18,10,5
2025-07-04,8227,巨有科技,2025-07-07,2025-07-22,12,5
2025-07-01,3122,笙泉,2025-07-02,2025-07-15,10,5
2025-07-01,31222,笙泉二,2025-07-02,2025-07-15,10,5
2025-06-30,4804,大略-KY,2025-07-01,2025-07-14,10,45
2025-06-26,61394,亞翔四,2025-06-27,2025-07-10,10,5
2025-06-25,6739,竹陞科技,2025-06-26,2025-07-11,12,5
2025-06-25,6895,宏碩系統,2025-06-26,2025-07-09,10,5
2025-06-19,6499,益安,2025-06-20,2025-07-07,12,20
2025-06-17,7642,昶瑞機電,2025-06-18,2025-07-01,10,5
2025-06-13,3081,聯亞,2025-06-16,2025-06-27,10,20
2025-06-10,6276,安鈦克,2025-06-11,2025-06-26,12,5
2025-06-05,3363,上詮,2025-06-06,2025-06-23,12,20
2025-06-05,4168,醣聯,2025-06-06,2025-06-19,10,5
2025-06-05,41683,醣聯三,2025-06-06,2025-06-19,10,5
2025-06-02,6593,台灣銘板,2025-06-03,2025-06-18,12,5
2025-06-02,65931,台灣銘板一,2025-06-03,2025-06-18,12,5
2025-05-29,3294,英濟,2025-06-02,2025-06-17,12,5
2025-05-29,6574,霈方,2025-06-02,2025-06-13,10,5
2025-05-28,5475,德宏,2025-05-29,2025-06-12,10,5
2025-05-28,6499,益安,2025-05-29,2025-06-12,10,20
2025-05-27,3297,杭特,2025-05-28,2025-06-13,12,5
2025-05-26,3205,佰研,2025-05-27,2025-06-10,10,20
2025-05-26,4946,辣椒,2025-05-27,2025-06-10,10,20
2025-05-26,6560,欣普羅,2025-05-27,2025-06-10,10,20
2025-05-23,6499,益安,2025-05-26,2025-06-09,10,20
2025-05-21,22362,百達二KY,2025-05-22,2025-06-05,10,5
2025-05-21,3205,佰研,2025-05-22,2025-06-05,10,5
2025-05-21,4554,橙的,2025-05-22,2025-06-05,10,20
2025-05-19,65913,動力三KY,2025-05-20,2025-06-03,10,5
2025-05-19,8038,長園科,2025-05-20,2025-06-03,10,5
2025-05-16,4554,橙的,2025-05-19,2025-06-02,10,5
2025-05-15,3081,聯亞,2025-05-16,2025-06-03,12,20
2025-05-15,64421,光聖一,2025-05-16,2025-05-29,10,5
2025-05-14,6499,益安,2025-05-15,2025-05-28,10,5
2025-05-14,6596,寬宏藝術,2025-05-15,2025-05-28,10,5
2025-05-12,3363,上詮,2025-05-13,2025-05-26,10,20
2025-05-07,3073,天方能源,2025-05-08,2025-05-23,12,5
2025-05-06,4946,辣椒,2025-05-07,2025-05-20,10,5
2025-05-06,6441,廣錠,2025-05-07,2025-05-20,10,5
2025-05-02,7714,創泓科技,2025-05-05,2025-05-16,10,5
2025-04-28,3147,大綜,2025-04-29,2025-05-15,12,5
2025-04-28,3709,鑫聯大投控,2025-04-29,2025-05-13,10,5
2025-04-21,3081,聯亞,2025-04-22,2025-05-06,10,5
2025-04-21,49163,事欣科三,2025-04-22,2025-05-06,10,5
2025-04-18,3128,昇銳,2025-04-21,2025-05-05,10,5
2025-04-18,31282,昇銳二,2025-04-21,2025-05-05,10,5
2025-04-18,6560,欣普羅,2025-04-21,2025-05-05,10,5
2025-04-17,3434,哲固,2025-04-18,2025-05-02,10,5
2025-04-17,34341,哲固一,2025-04-18,2025-05-02,10,5
2025-04-17,5314,世紀*,2025-04-18,2025-05-02,10,20
2025-04-17,6228,全譜,2025-04-18,2025-05-02,10,5
2025-04-14,22501,IKKA一KY,2025-04-15,2025-04-28,10,5
2025-04-14,3297,杭特,2025-04-15,2025-04-30,12,5
2025-04-14,5245,智晶,2025-04-15,2025-04-28,10,5
2025-04-14,52451,智晶一,2025-04-15,2025-04-28,10,5
2025-04-14,52452,智晶二,2025-04-15,2025-04-28,10,5
2025-04-14,6517,保勝光學,2025-04-15,2025-04-28,10,5
2025-04-14,71261U,綠界*國票49售07,2025-04-15,2025-04-28,10,5
2025-04-11,3363,上詮,2025-04-14,2025-04-25,10,20
2025-04-11,8937,合騏,2025-04-14,2025-04-25,10,5
2025-04-08,3363,上詮,2025-04-09,2025-04-22,10,20
2025-03-27,6140,訊達,2025-03-28,2025-04-16,12,5
2025-03-26,6130,上亞科技,2025-03-27,2025-04-11,10,20
2025-03-21,6130,上亞科技,2025-03-24,2025-04-08,10,5
2025-03-21,8111,立碁,2025-03-24,2025-04-10,12,5
2025-03-20,8088,品安,2025-03-21,2025-04-09,12,5
2025-03-19,6113,亞矽,2025-03-20,2025-04-08,12,20
2025-03-19,6227,茂綸,2025-03-20,2025-04-08,12,5
2025-03-14,3363,上詮,2025-03-17,2025-03-28,10,20
2025-03-13,4946,辣椒,2025-03-14,2025-03-27,10,20
2025-03-12,5314,世紀,2025-03-13,2025-03-26,10,20
2025-03-07,5314,世紀,2025-03-10,2025-03-21,10,5
2025-03-06,3081,聯亞,2025-03-07,2025-03-20,10,20
2025-02-26,4534,慶騰,2025-02-27,2025-03-13,10,5
2025-02-20,3363,上詮,2025-02-21,2025-03-07,10,20
2025-02-18,4971,IET-KY,2025-02-19,2025-03-07,12,20
2025-02-18,49712,IET二KY,2025-02-19,2025-03-07,10,20
2025-02-18,6276,安鈦克,2025-02-19,2025-03-05,10,5
2025-02-18,6739,竹陞科技,2025-02-19,2025-03-05,10,20
2025-02-17,8234,新漢,2025-02-18,2025-03-06,12,5
2025-02-13,4971,IET-KY,2025-02-14,2025-02-27,10,5
2025-02-13,49712,IET二KY,2025-02-14,2025-02-27,10,5
2025-02-13,6739,竹陞科技,2025-02-14,2025-02-27,10,5
2025-02-13,8096,擎亞,2025-02-14,2025-02-27,10,20
2025-02-12,4946,辣椒,2025-02-13,2025-02-26,10,5
2025-02-12,6113,亞矽,2025-02-13,2025-02-26,10,5
2025-02-10,3349,寶德,2025-02-11,2025-02-24,10,5
2025-02-10,4154,樂威科-KY,2025-02-11,2025-02-24,10,5
2025-02-10,6148,驊宏資,2025-02-11,2025-02-26,12,5
2025-02-07,8096,擎亞,2025-02-10,2025-02-21,10,5
2025-02-06,6485,點序,2025-02-07,2025-02-20,10,5
2025-02-03,6104,創惟,2025-02-04,2025-02-17,10,20
2025-02-03,61041,創惟一,2025-02-04,2025-02-17,10,20
2025-01-21,3081,聯亞,2025-01-22,2025-02-17,12,20
2025-01-20,3379,彬台,2025-01-21,2025-02-14,12,5
2025-01-17,4772,台特化,2025-01-20,2025-02-11,10,5
2025-01-15,6547,高端疫苗,2025-01-16,2025-02-07,10,5
2025-01-15,65471,高端疫苗一,2025-01-16,2025-02-07,10,5
2025-01-13,3363,上詮,2025-01-14,2025-02-07,12,20
2025-01-13,724524,世紀元大43購01,2025-01-14,2025-02-05,10,5
2025-01-09,64773,安集三,2025-01-10,2025-02-05,12,5
2025-01-09,64774,安集四,2025-01-10,2025-02-05,12,5
2025-01-06,8937,合騏,2025-01-07,2025-01-20,10,5
2025-01-03,5314,世紀,2025-01-06,2025-01-17,10,20
2024-12-31,3081,聯亞,2025-01-02,2025-01-15,10,20
2024-12-30,5314,世紀,2024-12-31,2025-01-14,10,20
2024-12-30,6104,創惟,2024-12-31,2025-01-14,10,20
2024-12-30,61041,創惟一,2024-12-31,2025-01-14,10,20
2024-12-26,6922,宸曜,2024-12-27,2025-01-10,10,5
2024-12-25,22501,IKKA一KY,2024-12-26,2025-01-09,10,5
2024-12-20,3363,上詮,2024-12-23,2025-01-06,10,20
2024-12-18,45401,全球傳動一,2024-12-19,2025-01-06,12,5
2024-12-18,45402,全球傳動二,2024-12-19,2025-01-06,12,5
2024-12-17,3081,聯亞,2024-12-18,2024-12-31,10,20
2024-12-13,5278,尚凡*,2024-12-16,2024-12-27,10,5
2024-12-13,64421,光聖一,2024-12-16,2024-12-31,12,20
2024-12-11,6535,順藥,2024-12-12,2024-12-25,10,20
2024-12-06,3625,西勝,2024-12-09,2024-12-20,10,20
2024-12-06,36253,西勝三,2024-12-09,2024-12-20,10,20
2024-12-06,6535,順藥,2024-12-09,2024-12-20,10,5
2024-12-05,6104,創惟,2024-12-06,2024-12-23,12,5
2024-12-05,61041,創惟一,2024-12-06,2024-12-23,12,5
2024-12-02,5314,世紀,2024-12-03,2024-12-16,10,20
2024-11-28,6144,得利影,2024-11-29,2024-12-12,10,20
2024-11-27,3363,上詮,2024-11-28,2024-12-11,10,20
2024-11-27,3597,映興,2024-11-28,2024-12-11,10,5
2024-11-26,1569,濱川,2024-11-27,2024-12-12,12,5
2024-11-26,3081,聯亞,2024-11-27,2024-12-12,12,20
2024-11-26,3202,樺晟,2024-11-27,2024-12-10,10,25
2024-11-26,5314,世紀,2024-11-27,2024-12-10,10,5
2024-11-21,3202,樺晟,2024-11-22,2024-12-05,10,10
2024-11-21,3625,西勝,2024-11-22,2024-12-05,10,5
2024-11-21,36253,西勝三,2024-11-22,2024-12-05,10,5
2024-11-15,4931,新盛力,2024-11-18,2024-12-03,12,5
2024-11-14,3211,順達,2024-11-15,2024-11-28,10,5
2024-11-12,8937,合騏,2024-11-13,2024-11-26,10,20
2024-11-08,4991,環宇-KY,2024-11-11,2024-11-26,12,20
2024-11-07,6144,得利影,2024-11-08,2024-11-21,10,20
2024-11-06,8047,星雲,2024-11-07,2024-11-20,10,5
2024-11-05,8937,合騏,2024-11-06,2024-11-19,10,5
2024-11-04,3363,上詮,2024-11-05,2024-11-18,10,20
2024-11-04,6144,得利影,2024-11-05,2024-11-18,10,20
2024-11-01,3081,聯亞,2024-11-04,2024-11-19,12,20
2024-10-30,8044,網家,2024-10-31,2024-11-13,10,5
2024-10-29,4558,寶緯,2024-10-30,2024-11-12,10,5
2024-10-29,6144,得利影,2024-10-30,2024-11-12,10,20
2024-10-28,6791,虎門科技,2024-10-29,2024-11-11,10,5
2024-10-24,6763,綠界科技*,2024-10-25,2024-11-07,10,20
2024-10-23,6151,晉倫,2024-10-24,2024-11-06,10,5
2024-10-21,6763,綠界科技*,2024-10-22,2024-11-04,10,5
2024-10-18,6546,正基,2024-10-21,2024-11-01,10,5
2024-10-18,65461,正基一,2024-10-21,2024-11-01,10,5
2024-10-16,4991,環宇-KY,2024-10-17,2024-10-30,10,5
2024-10-16,6187,萬潤,2024-10-17,2024-10-30,10,20
2024-10-16,61874,萬潤四,2024-10-17,2024-10-30,10,20
2024-10-16,61875,萬潤五,2024-10-17,2024-10-30,10,20
2024-10-14,5543,桓鼎-KY,2024-10-15,2024-10-28,10,10
2024-10-14,55433,桓鼎三KY,2024-10-15,2024-10-28,10,10
2024-10-14,55434,桓鼎四KY,2024-10-15,2024-10-28,10,10
2024-10-11,3234,光環,2024-10-14,2024-10-25,10,5
2024-10-11,3363,上詮,2024-10-14,2024-10-25,10,5
2024-10-09,00887,永豐中國科技50大,2024-10-11,2024-10-24,10,5
2024-10-07,3081,聯亞,2024-10-08,2024-10-24,12,20
2024-10-04,6246,臺龍,2024-10-07,2024-10-21,10,5
2024-09-30,1799,易威,2024-10-01,2024-10-15,10,5
2024-09-30,4402,郡都開發,2024-10-01,2024-10-15,10,5
2024-09-27,31671,大量一,2024-09-30,2024-10-14,10,20
2024-09-24,3085,新零售,2024-09-25,2024-10-08,10,10
2024-09-24,31671,大量一,2024-09-25,2024-10-11,12,5
2024-09-24,5210,寶碩,2024-09-25,2024-10-08,10,5
2024-09-24,6144,得利影,2024-09-25,2024-10-08,10,5
2024-09-23,3230,錦明,2024-09-24,2024-10-07,10,20
2024-09-20,3354,律勝,2024-09-23,2024-10-04,10,5
2024-09-20,6643,M31,2024-09-23,2024-10-04,10,20
2024-09-19,4950,牧東,2024-09-20,2024-10-03,10,60
2024-09-19,5314,世紀,2024-09-20,2024-10-03,10,5
2024-09-19,5443,均豪,2024-09-20,2024-10-03,10,5
2024-09-19,89964,高力四,2024-09-20,2024-10-03,10,5
2024-09-18,5438,東友,2024-09-19,2024-10-02,10,5
2024-09-18,6187,萬潤,2024-09-19,2024-10-04,12,20
2024-09-18,61874,萬潤四,2024-09-19,2024-10-04,12,20
2024-09-18,61875,萬潤五,2024-09-19,2024-10-04,12,20
2024-09-18,8032,光菱,2024-09-19,2024-10-02,10,5
2024-09-13,4950,牧東,2024-09-16,2024-09-30,10,45
2024-09-13,6231,系微,2024-09-16,2024-09-30,10,5
2024-09-04,8080,印鉐,2024-09-05,2024-09-19,10,20
2024-09-03,3081,聯亞,2024-09-04,2024-09-20,12,5
2024-09-02,8111,立碁,2024-09-03,2024-09-16,10,5
2024-08-30,5386,青雲,2024-09-02,2024-09-13,10,5
2024-08-30,8080,印鉐,2024-09-02,2024-09-13,10,20
2024-08-29,5364,力麗店,2024-08-30,2024-09-12,10,5
2024-08-28,4741,泓瀚,2024-08-29,2024-09-11,10,5
2024-08-27,3073,天方能源,2024-08-28,2024-09-12,12,20
2024-08-27,8080,印鉐,2024-08-28,2024-09-10,10,5
2024-08-23,4729,熒茂,2024-08-26,2024-09-06,10,5
2024-08-22,5905,南仁湖,2024-08-23,2024-09-05,10,5
2024-08-22,59055,南仁湖四,2024-08-23,2024-09-05,10,5
2024-08-21,2070,精湛,2024-08-22,2024-09-06,12,5
2024-08-21,6570,維田,2024-08-22,2024-09-04,10,5
2024-08-20,3230,錦明,2024-08-21,2024-09-03,10,20
2024-08-19,61874,萬潤四,2024-08-20,2024-09-02,10,5
2024-08-16,3219,倚強科,2024-08-19,2024-08-30,10,5
2024-08-16,3284,太普高,2024-08-19,2024-08-30,10,5
2024-08-16,6187,萬潤,2024-08-19,2024-08-30,10,20
2024-08-16,61874,萬潤四,2024-08-19,2024-08-30,10,20
2024-08-16,61875,萬潤五,2024-08-19,2024-08-30,10,20
2024-08-15,3230,錦明,2024-08-16,2024-08-29,10,5
2024-08-15,3303,岱稜,2024-08-16,2024-08-29,10,5
2024-08-14,37011,大眾控一,2024-08-15,2024-08-28,10,5
2024-08-09,6643,M31,2024-08-12,2024-08-23,10,5
2024-08-08,4510,高鋒,2024-08-09,2024-08-26,12,20
2024-08-07,33394,泰谷四,2024-08-08,2024-08-21,10,5
2024-08-07,6199,天品,2024-08-08,2024-08-21,10,20
2024-08-06,6640,均華,2024-08-07,2024-08-20,10,5
2024-08-05,2924,宏太-KY,2024-08-06,2024-08-19,10,10
2024-08-02,6199,天品,2024-08-05,2024-08-16,10,5
2024-08-02,68691,雲豹能源一,2024-08-05,2024-08-16,10,20
2024-08-01,99061,欣巴巴一,2024-08-02,2024-08-15,10,20
2024-08-01,99062,欣巴巴二,2024-08-02,2024-08-15,10,5
2024-07-30,3228,金麗科,2024-07-31,2024-08-13,10,5
2024-07-30,6228,全譜,2024-07-31,2024-08-13,10,5
2024-07-29,8085,福華,2024-07-30,2024-08-12,10,5
2024-07-26,6144,得利影,2024-07-29,2024-08-09,10,20
2024-07-23,8089,康全電訊,2024-07-24,2024-08-06,10,20
2024-07-23,99061,欣巴巴一,2024-07-24,2024-08-06,10,5
2024-07-22,3073,天方能源,2024-07-23,2024-08-05,10,5
2024-07-22,6692,進能服,2024-07-23,2024-08-05,10,5
2024-07-19,6492,生華科,2024-07-22,2024-08-02,10,5
2024-07-17,3379,彬台,2024-07-18,2024-07-31,10,20
2024-07-17,4804,大略-KY,2024-07-18,2024-07-31,10,45
2024-07-15,3363,上詮,2024-07-16,2024-07-29,10,20
2024-07-12,30477,訊舟七,2024-07-15,2024-07-26,10,20
2024-07-12,4510,高鋒,2024-07-15,2024-07-26,10,20
2024-07-11,30477,訊舟七,2024-07-12,2024-07-25,10,5
2024-07-11,6187,萬潤,2024-07-12,2024-07-25,10,20
2024-07-11,61874,萬潤四,2024-07-12,2024-07-25,10,20
2024-07-11,61875,萬潤五,2024-07-12,2024-07-25,10,20
2024-07-11,6218,豪勉,2024-07-12,2024-07-25,10,5
2024-07-11,8937,合騏,2024-07-12,2024-07-25,10,5
2024-07-10,6231,系微,2024-07-11,2024-07-24,10,20
2024-07-10,8906,花王,2024-07-11,2024-07-24,10,5
2024-07-09,30477,訊舟七,2024-07-10,2024-07-23,10,20
2024-07-09,4510,高鋒,2024-07-10,2024-07-23,10,5
2024-07-08,24866,一詮六,2024-07-09,2024-07-22,10,20
2024-07-08,5345,天揚,2024-07-09,2024-07-22,10,25
2024-07-05,3492,長盛,2024-07-08,2024-07-19,10,5
2024-07-05,4534,慶騰,2024-07-08,2024-07-19,10,5
2024-07-05,81042,錸寶二,2024-07-08,2024-07-19,10,5
2024-07-04,30477,訊舟七,2024-07-05,2024-07-18,10,5
2024-07-04,4304,勝昱,2024-07-05,2024-07-18,10,60
2024-07-04,65931,台灣銘板一,2024-07-05,2024-07-18,10,5
2024-07-04,8440,綠電,2024-07-05,2024-07-18,10,20
2024-07-03,1784,訊聯,2024-07-04,2024-07-17,10,5
2024-07-03,5345,天揚,2024-07-04,2024-07-17,10,25
2024-07-03,6661,威健生技,2024-07-04,2024-07-17,10,5
2024-07-02,68691,雲豹能源一,2024-07-03,2024-07-18,12,20
2024-07-02,6895,宏碩系統,2024-07-03,2024-07-16,10,20
2024-07-02,8089,康全電訊,2024-07-03,2024-07-16,10,20
2024-07-01,4304,勝昱,2024-07-02,2024-07-15,10,45
2024-07-01,68691,雲豹能源一,2024-07-02,2024-07-15,10,20
2024-07-01,8440,綠電,2024-07-02,2024-07-15,10,5
2024-06-28,3581,博磊,2024-07-01,2024-07-16,12,5
2024-06-28,5345,天揚,2024-07-01,2024-07-12,10,10
2024-06-28,6144,得利影,2024-07-01,2024-07-12,10,5
2024-06-27,3297,杭特,2024-06-28,2024-07-11,10,5
2024-06-27,68691,雲豹能源一,2024-06-28,2024-07-11,10,5
2024-06-26,68691,雲豹能源一,2024-06-27,2024-07-10,10,5
2024-06-21,3363,上詮,2024-06-24,2024-07-05,10,20
2024-06-20,3379,彬台,2024-06-21,2024-07-04,10,20
2024-06-20,6187,萬潤,2024-06-21,2024-07-04,10,5
2024-06-20,61874,萬潤四,2024-06-21,2024-07-04,10,5
2024-06-20,6535,順藥,2024-06-21,2024-07-04,10,20
2024-06-18,3219,倚強科,2024-06-19,2024-07-02,10,5
2024-06-18,4419,皇家美食,2024-06-19,2024-07-02,10,5
2024-06-18,4924,欣厚-KY,2024-06-19,2024-07-02,10,5
2024-06-18,6640,均華,2024-06-19,2024-07-02,10,5
2024-06-18,6643,M31,2024-06-19,2024-07-02,10,5
2024-06-17,712604,僑威中信38購01,2024-06-18,2024-07-01,10,5
2024-06-12,3122,笙泉,2024-06-13,2024-06-28,12,5
2024-06-12,31221,笙泉一,2024-06-13,2024-06-28,12,5
2024-06-12,31222,笙泉二,2024-06-13,2024-06-28,12,5
2024-06-11,6228,全譜,2024-06-12,2024-06-25,10,5
2024-06-11,8089,康全電訊,2024-06-12,2024-06-25,10,20
2024-06-06,6895,宏碩系統,2024-06-07,2024-06-21,10,5
2024-06-05,6512,啟發電,2024-06-06,2024-06-20,10,5
2024-06-05,8291,尚茂,2024-06-06,2024-06-20,10,60
2024-06-04,3379,彬台,2024-06-05,2024-06-19,10,5
2024-06-04,61171,迎廣一,2024-06-05,2024-06-19,10,5
2024-06-03,4549,桓達,2024-06-04,2024-06-18,10,5
2024-06-03,8455,大拓-KY,2024-06-04,2024-06-18,10,5
2024-05-31,6160,欣技,2024-06-03,2024-06-17,10,5
2024-05-31,8291,尚茂,2024-06-03,2024-06-17,10,60
2024-05-30,6231,系微,2024-05-31,2024-06-14,10,5
2024-05-30,89964,高力四,2024-05-31,2024-06-14,10,20
2024-05-29,3466,德晉,2024-05-30,2024-06-13,10,20
2024-05-29,3537,堡達,2024-05-30,2024-06-13,10,5
2024-05-28,5474,聰泰,2024-05-29,2024-06-12,10,5
2024-05-28,8291,尚茂,2024-05-29,2024-06-12,10,45
2024-05-27,3064,泰偉,2024-05-28,2024-06-11,10,20
2024-05-27,3363,上詮,2024-05-28,2024-06-11,10,5
2024-05-27,3491,昇達科,2024-05-28,2024-06-11,10,5
2024-05-27,4127,天良,2024-05-28,2024-06-11,10,5
2024-05-23,8071,能率網通,2024-05-24,2024-06-06,10,5
2024-05-22,3064,泰偉,2024-05-23,2024-06-05,10,5
2024-05-22,5392,能率,2024-05-23,2024-06-05,10,5
2024-05-21,6419,京晨科,2024-05-22,2024-06-04,10,20
2024-05-20,8089,康全電訊,2024-05-21,2024-06-03,10,5
2024-05-17,6535,順藥,2024-05-20,2024-05-31,10,5
2024-05-16,6419,京晨科,2024-05-17,2024-05-30,10,20
2024-05-13,4303,信立,2024-05-14,2024-05-27,10,5
2024-05-13,43031,信立一,2024-05-14,2024-05-27,10,5
2024-05-09,6419,京晨科,2024-05-10,2024-05-23,10,5
2024-05-08,3466,德晉,2024-05-09,2024-05-22,10,20
2024-05-07,8906,花王,2024-05-08,2024-05-21,10,5
2024-05-07,89964,高力四,2024-05-08,2024-05-23,12,5
2024-05-03,5301,寶得利,2024-05-06,2024-05-17,10,10
2024-05-02,3234,光環,2024-05-03,2024-05-16,10,5
2024-05-02,43031,信立一,2024-05-03,2024-05-16,10,5
2024-05-02,65521,易華電一,2024-05-03,2024-05-20,12,5
2024-04-30,6264,富裔,2024-05-02,2024-05-15,10,5
2024-04-30,6425,易發,2024-05-02,2024-05-15,10,5
2024-04-29,2745,五福,2024-04-30,2024-05-14,10,5
2024-04-26,6199,天品,2024-04-29,2024-05-13,10,5
2024-04-25,5314,世紀,2024-04-26,2024-05-10,10,20
2024-04-24,3228,金麗科,2024-04-25,2024-05-09,10,20
2024-04-22,16173,榮星三,2024-04-23,2024-05-07,10,5
2024-04-22,5314,世紀,2024-04-23,2024-05-07,10,20
2024-04-22,8420,明揚,2024-04-23,2024-05-07,10,10
2024-04-22,84201,明揚一,2024-04-23,2024-05-07,10,10
2024-04-19,4768,晶呈科技,2024-04-22,2024-05-06,10,5
2024-04-18,1570,力肯,2024-04-19,2024-05-03,10,5
2024-04-18,62832,淳安二,2024-04-19,2024-05-03,10,5
2024-04-17,15141,亞力一,2024-04-18,2024-05-02,10,20
2024-04-17,8077,洛碁,2024-04-18,2024-05-02,10,5
2024-04-16,2724,藝舍-KY,2024-04-17,2024-04-30,10,10
2024-04-16,3609,三一東林,2024-04-17,2024-04-30,10,5
2024-04-15,15141,亞力一,2024-04-16,2024-05-02,12,5
2024-04-15,4533,協易機,2024-04-16,2024-04-29,10,5
2024-04-12,15141,亞力一,2024-04-15,2024-04-26,10,5
2024-04-12,4192,杏國,2024-04-15,2024-04-26,10,5
2024-04-11,3466,德晉,2024-04-12,2024-04-25,10,5
2024-04-11,3555,博士旺,2024-04-12,2024-04-25,10,5
2024-04-11,4304,勝昱,2024-04-12,2024-04-25,10,45
2024-04-10,4198,欣大健康,2024-04-11,2024-04-24,10,20
2024-04-10,6207,雷科,2024-04-11,2024-04-24,10,5
2024-04-09,6187,萬潤,2024-04-10,2024-04-23,10,20
2024-04-09,61874,萬潤四,2024-04-10,2024-04-23,10,20
2024-04-08,61394,亞翔四,2024-04-09,2024-04-24,12,5
2024-04-03,3629,地心引力,2024-04-08,2024-04-19,10,10
2024-04-03,4198,欣大健康,2024-04-08,2024-04-19,10,5
2024-04-03,4909,新復興,2024-04-08,2024-04-19,10,20
2024-04-03,7402,邑錡,2024-04-08,2024-04-23,12,5
2024-03-29,8089,康全電訊,2024-04-01,2024-04-16,10,20
2024-03-28,5314,世紀,2024-03-29,2024-04-15,10,20
2024-03-27,3228,金麗科,2024-03-28,2024-04-12,10,5
2024-03-27,4127,天良,2024-03-28,2024-04-12,10,20
2024-03-25,5493,三聯,2024-03-26,2024-04-10,10,5
2024-03-25,6640,均華,2024-03-26,2024-04-10,10,20
2024-03-22,4127,天良,2024-03-25,2024-04-09,10,5
2024-03-20,708054,巨有統一39購02,2024-03-21,2024-04-03,10,5
2024-03-15,43031,信立一,2024-03-18,2024-03-29,10,20
2024-03-15,6187,萬潤,2024-03-18,2024-03-29,10,20
2024-03-15,61874,萬潤四,2024-03-18,2024-03-29,10,20
2024-03-14,5386,青雲,2024-03-15,2024-03-28,10,5
2024-03-14,6643,M31,2024-03-15,2024-03-28,10,20
2024-03-14,8040,九暘,2024-03-15,2024-03-28,10,5
2024-03-13,4909,新復興,2024-03-14,2024-03-27,10,5
2024-03-13,8227,巨有科技,2024-03-14,2024-03-27,10,20
2024-03-11,5310,天剛,2024-03-12,2024-03-25,10,5
2024-03-08,30133,晟銘電三,2024-03-11,2024-03-26,12,5
2024-03-08,8227,巨有科技,2024-03-11,2024-03-22,10,20
2024-03-07,33244,雙鴻四,2024-03-08,2024-03-21,10,5
2024-03-07,43031,信立一,2024-03-08,2024-03-21,10,20
2024-03-06,3372,典範,2024-03-07,2024-03-20,10,5
2024-03-06,4303,信立,2024-03-07,2024-03-20,10,20
2024-03-06,43031,信立一,2024-03-07,2024-03-20,10,20
2024-03-06,5314,世紀,2024-03-07,2024-03-20,10,20
2024-03-06,8092,建暐,2024-03-07,2024-03-20,10,20
2024-03-05,6227,茂綸,2024-03-06,2024-03-19,10,5
2024-03-05,6535,順藥,2024-03-06,2024-03-19,10,20
2024-03-05,6640,均華,2024-03-06,2024-03-19,10,20
2024-03-05,74021,邑錡一,2024-03-06,2024-03-19,10,5
2024-03-04,3363,上詮,2024-03-05,2024-03-20,12,5
2024-03-04,43031,信立一,2024-03-05,2024-03-18,10,5
2024-03-01,4303,信立,2024-03-04,2024-03-15,10,5
2024-03-01,43031,信立一,2024-03-04,2024-03-15,10,5
2024-02-29,8047,星雲,2024-03-01,2024-03-14,10,5
2024-02-29,8092,建暐,2024-03-01,2024-03-14,10,5
2024-02-29,81472,正淩二,2024-03-01,2024-03-14,10,20
2024-02-27,4131,浩泰,2024-02-29,2024-03-13,10,5
2024-02-26,3313,斐成,2024-02-27,2024-03-12,10,5
2024-02-26,5381,合正,2024-02-27,2024-03-12,10,5
2024-02-26,6640,均華,2024-02-27,2024-03-12,10,20
2024-02-26,8147,正淩,2024-02-27,2024-03-12,10,5
2024-02-26,81472,正淩二,2024-02-27,2024-03-12,10,5
2024-02-23,4714,永捷,2024-02-26,2024-03-11,10,20
2024-02-23,47146,永捷六,2024-02-26,2024-03-11,10,20
2024-02-23,47147,永捷七,2024-02-26,2024-03-11,10,20
2024-02-23,81472,正淩二,2024-02-26,2024-03-11,10,5
2024-02-22,3362,先進光,2024-02-23,2024-03-08,10,5
2024-02-22,4945,陞達科技,2024-02-23,2024-03-08,10,5
2024-02-22,5443,均豪,2024-02-23,2024-03-08,10,5
2024-02-22,6187,萬潤,2024-02-23,2024-03-08,10,20
2024-02-22,61874,萬潤四,2024-02-23,2024-03-08,10,20
2024-02-22,6425,易發,2024-02-23,2024-03-08,10,20
2024-02-21,6640,均華,2024-02-22,2024-03-07,10,5
2024-02-20,3294,英濟,2024-02-21,2024-03-06,10,20
2024-02-20,4714,永捷,2024-02-21,2024-03-06,10,5
2024-02-20,47146,永捷六,2024-02-21,2024-03-06,10,5
2024-02-20,47147,永捷七,2024-02-21,2024-03-06,10,5
2024-02-20,6584,南俊國際,2024-02-21,2024-03-06,10,20
2024-02-20,6785,昱展新藥,2024-02-21,2024-03-06,10,5
2024-02-20,8089,康全電訊,2024-02-21,2024-03-06,10,5
2024-02-16,8054,安國,2024-02-19,2024-03-04,10,20
2024-02-15,3268,海德威,2024-02-16,2024-03-01,10,5
2024-02-15,32681,海德威一,2024-02-16,2024-03-01,10,5
2024-02-15,3294,英濟,2024-02-16,2024-03-01,10,20
2024-02-15,6584,南俊國際,2024-02-16,2024-03-01,10,5
2024-02-05,6643,M31,2024-02-15,2024-02-29,10,5
2024-02-05,8080,印鉐,2024-02-15,2024-02-29,10,20
2024-02-02,5314,世紀,2024-02-05,2024-02-27,10,20
2024-02-02,8227,巨有科技,2024-02-05,2024-03-01,12,20
2024-02-01,3294,英濟,2024-02-02,2024-02-26,10,5
2024-02-01,6229,研通,2024-02-02,2024-02-29,12,5
2024-02-01,6465,威潤,2024-02-02,2024-02-26,10,5
2024-01-31,3360,尚立,2024-02-01,2024-02-27,12,5
2024-01-31,6462,神盾,2024-02-01,2024-02-27,12,5
2024-01-31,8080,印鉐,2024-02-01,2024-02-23,10,5
2024-01-25,6535,順藥,2024-01-26,2024-02-19,10,20
2024-01-23,6187,萬潤,2024-01-24,2024-02-15,10,5
2024-01-23,61874,萬潤四,2024-01-24,2024-02-15,10,5
2024-01-19,6535,順藥,2024-01-22,2024-02-02,10,5
2024-01-17,3228,金麗科,2024-01-18,2024-01-31,10,5
2024-01-17,4529,淳紳,2024-01-18,2024-01-31,10,5
2024-01-17,6425,易發,2024-01-18,2024-01-31,10,5
2024-01-16,5314,世紀,2024-01-17,2024-01-30,10,20
2024-01-12,8227,巨有科技,2024-01-15,2024-01-26,10,20
2024-01-10,3086,華義,2024-01-11,2024-01-24,10,5
2024-01-05,3288,點晶,2024-01-08,2024-01-19,10,5
2024-01-05,6113,亞矽,2024-01-08,2024-01-23,12,5
2024-01-05,8054,安國,2024-01-08,2024-01-19,10,20
2024-01-02,8059,凱碩,2024-01-03,2024-01-18,12,20
2023-12-28,6231,系微,2023-12-29,2024-01-16,12,5
2023-12-27,8059,凱碩,2023-12-28,2024-01-11,10,5
2023-12-22,5314,世紀,2023-12-25,2024-01-08,10,20
2023-12-22,8054,安國,2023-12-25,2024-01-10,12,5
2023-12-21,8227,巨有科技,2023-12-22,2024-01-05,10,20
2023-12-19,3623,富晶通,2023-12-20,2024-01-03,10,20
2023-12-18,5432,新門,2023-12-19,2024-01-04,12,5
2023-12-15,6643,M31,2023-12-18,2023-12-29,10,20
2023-12-14,5426,振發,2023-12-15,2023-12-28,10,5
2023-12-14,6593,台灣銘板,2023-12-15,2023-12-28,10,5
2023-12-14,65931,台灣銘板一,2023-12-15,2023-12-28,10,5
2023-12-13,3287,廣寰科,2023-12-14,2023-12-29,12,5
2023-12-12,4413,飛寶企業,2023-12-13,2023-12-26,10,5
2023-12-11,6222,上揚,2023-12-12,2023-12-25,10,5
2023-12-07,5210,寶碩,2023-12-08,2023-12-21,10,5
2023-12-06,5478,智冠,2023-12-07,2023-12-20,10,20
2023-12-06,65931,台灣銘板一,2023-12-07,2023-12-20,10,20
2023-12-04,4420,光明,2023-12-05,2023-12-18,10,5
2023-12-04,6276,安鈦克,2023-12-05,2023-12-18,10,5
2023-12-04,6482,弘煜科,2023-12-05,2023-12-18,10,5
2023-12-01,3373,熱映,2023-12-04,2023-12-19,12,5
2023-12-01,3548,兆利,2023-12-04,2023-12-15,10,5
2023-12-01,5478,智冠,2023-12-04,2023-12-15,10,5
2023-11-30,705607,艾訊凱基35購01,2023-12-01,2023-12-14,10,5
2023-11-29,6204,艾華,2023-11-30,2023-12-13,10,5
2023-11-28,3362,先進光,2023-11-29,2023-12-12,10,5
2023-11-28,3623,富晶通,2023-11-29,2023-12-12,10,20
2023-11-28,6716,應廣,2023-11-29,2023-12-12,10,5
2023-11-27,8089,康全電訊,2023-11-28,2023-12-11,10,5
2023-11-24,8227,巨有科技,2023-11-27,2023-12-08,10,20
2023-11-23,3623,富晶通,2023-11-24,2023-12-07,10,5
2023-11-22,3228,金麗科,2023-11-23,2023-12-06,10,5
2023-11-20,5314,世紀,2023-11-21,2023-12-04,10,5
2023-11-20,6404,通訊-KY,2023-11-21,2023-12-04,10,60
2023-11-17,3085,新零售,2023-11-20,2023-12-01,10,10
2023-11-16,4183,福永生技,2023-11-17,2023-11-30,10,5
2023-11-15,6122,擎邦,2023-11-16,2023-12-01,12,5
2023-11-14,6643,M31,2023-11-15,2023-11-28,10,20
2023-11-13,4806,昇華,2023-11-14,2023-11-27,10,60
2023-11-06,65931,台灣銘板一,2023-11-07,2023-11-20,10,20
2023-11-03,8227,巨有科技,2023-11-06,2023-11-17,10,20
2023-11-02,8054,安國,2023-11-03,2023-11-20,12,5
2023-11-01,65931,台灣銘板一,2023-11-02,2023-11-15,10,20
2023-10-31,4979,華星光,2023-11-01,2023-11-14,10,5
2023-10-30,6404,通訊-KY,2023-10-31,2023-11-13,10,25
2023-10-27,6593,台灣銘板,2023-10-30,2023-11-10,10,5
2023-10-27,65931,台灣銘板一,2023-10-30,2023-11-10,10,5
2023-10-25,6404,通訊-KY,2023-10-26,2023-11-08,10,10
2023-10-20,4806,昇華,2023-10-23,2023-11-03,10,45
2023-10-20,6530,創威,2023-10-23,2023-11-07,12,5
2023-10-20,6643,M31,2023-10-23,2023-11-07,12,5
2023-10-18,6419,京晨科,2023-10-19,2023-11-01,10,5
2023-10-18,6482,弘煜科,2023-10-19,2023-11-01,10,5
2023-10-13,8227,巨有科技,2023-10-16,2023-10-27,10,5
2023-10-03,5432,新門,2023-10-04,2023-10-23,12,5
2023-10-02,8420,明揚,2023-10-03,2023-10-18,10,10
2023-10-02,84201,明揚一,2023-10-03,2023-10-18,10,10
2023-09-18,5321,美而快,2023-09-19,2023-10-03,10,5
2023-09-12,6236,康呈,2023-09-13,2023-09-26,10,10
2023-09-08,23581,廷鑫一,2023-09-11,2023-09-22,10,5
2023-09-08,4542,科嶠,2023-09-11,2023-09-22,10,20
2023-09-07,3548,兆利,2023-09-08,2023-09-21,10,5
2023-09-07,35481,兆利一,2023-09-08,2023-09-21,10,5
2023-09-06,6122,擎邦,2023-09-07,2023-09-22,12,5
2023-09-05,4542,科嶠,2023-09-06,2023-09-19,10,5
2023-08-30,4979,華星光,2023-08-31,2023-09-13,10,20
2023-08-28,5348,系通,2023-08-29,2023-09-11,10,5
2023-08-25,6222,上揚,2023-08-28,2023-09-08,10,5
2023-08-24,4944,兆遠,2023-08-25,2023-09-07,10,5
2023-08-22,3306,鼎天,2023-08-23,2023-09-07,12,5
2023-08-22,3362,先進光,2023-08-23,2023-09-05,10,20
2023-08-17,4154,樂威科-KY,2023-08-18,2023-08-31,10,20
2023-08-16,26302,亞航二,2023-08-17,2023-08-30,10,5
2023-08-10,2743,山富,2023-08-11,2023-08-24,10,20
2023-08-07,5511,德昌,2023-08-08,2023-08-21,10,5
2023-08-02,13165,上曜五,2023-08-03,2023-08-16,10,5
2023-08-02,4979,華星光,2023-08-03,2023-08-18,12,20
2023-07-31,47632,材料二KY,2023-08-01,2023-08-14,10,5
2023-07-28,6811,宏碁資訊,2023-07-31,2023-08-11,10,20
2023-07-27,24213,建準三,2023-07-28,2023-08-10,10,5
2023-07-27,4154,樂威科-KY,2023-07-28,2023-08-10,10,20
2023-07-26,4188,安克,2023-07-27,2023-08-09,10,5
2023-07-25,6811,宏碁資訊,2023-07-26,2023-08-08,10,5
2023-07-24,24213,建準三,2023-07-25,2023-08-07,10,5
2023-07-24,3483,力致,2023-07-25,2023-08-07,10,20
2023-07-24,34833,力致三,2023-07-25,2023-08-07,10,20
2023-07-24,4154,樂威科-KY,2023-07-25,2023-08-07,10,5
2023-07-21,3362,先進光,2023-07-24,2023-08-04,10,5
2023-07-21,6150,撼訊,2023-07-24,2023-08-04,10,5
2023-07-21,61505,撼訊五,2023-07-24,2023-08-04,10,5
2023-07-21,6527,明達醫,2023-07-24,2023-08-04,10,5
2023-07-21,6530,創威,2023-07-24,2023-08-04,10,5
2023-07-21,6569,醫揚,2023-07-24,2023-08-04,10,20
2023-07-21,702014,營邦凱基32購02,2023-07-24,2023-08-04,10,20
2023-07-19,3363,上詮,2023-07-20,2023-08-04,12,5
2023-07-19,3483,力致,2023-07-20,2023-08-02,10,5
2023-07-19,34833,力致三,2023-07-20,2023-08-02,10,5
2023-07-18,6569,醫揚,2023-07-19,2023-08-01,10,5
2023-07-17,4419,元勝,2023-07-18,2023-07-31,10,45
2023-07-14,2745,五福,2023-07-17,2023-07-28,10,20
2023-07-14,3089,億杰,2023-07-17,2023-07-28,10,25
2023-07-14,3191,和進,2023-07-17,2023-07-28,10,10
2023-07-14,6703,軒郁,2023-07-17,2023-07-28,10,5
2023-07-13,6419,京晨科,2023-07-14,2023-07-27,10,5
2023-07-11,2743,山富,2023-07-12,2023-07-27,12,20
2023-07-11,6538,倉和,2023-07-12,2023-07-25,10,5
2023-07-10,30184,隆銘綠能四,2023-07-11,2023-07-24,10,45
2023-07-10,4979,華星光,2023-07-11,2023-07-26,12,5
2023-07-10,8093,保銳,2023-07-11,2023-07-24,10,5
2023-07-07,3564,其陽,2023-07-10,2023-07-21,10,5
2023-07-07,4905,台聯電,2023-07-10,2023-07-21,10,5
2023-07-07,6125,廣運,2023-07-10,2023-07-21,10,20
2023-07-07,8048,德勝,2023-07-10,2023-07-21,10,5
2023-07-05,2230,泰茂,2023-07-06,2023-07-21,12,5
2023-07-05,22304,泰茂四,2023-07-06,2023-07-21,12,5
2023-07-04,3089,億杰,2023-07-05,2023-07-18,10,25
2023-07-03,3664,安瑞-KY,2023-07-04,2023-07-17,10,5
2023-06-29,3089,億杰,2023-06-30,2023-07-13,10,10
2023-06-28,3073,天方能源,2023-06-29,2023-07-12,10,5
2023-06-28,702014,營邦凱基32購02,2023-06-29,2023-07-12,10,5
2023-06-28,9950,萬國通,2023-06-29,2023-07-12,10,45
2023-06-27,6643,M31,2023-06-28,2023-07-11,10,20
2023-06-26,6125,廣運,2023-06-27,2023-07-10,10,5
2023-06-19,4533,協易機,2023-06-20,2023-07-05,10,20
2023-06-19,5381,合正,2023-06-20,2023-07-05,10,10
2023-06-14,2743,山富,2023-06-15,2023-07-04,12,20
2023-06-14,4533,協易機,2023-06-15,2023-06-30,10,5
2023-06-13,5703,亞都,2023-06-14,2023-06-29,10,5
2023-06-13,6577,勁豐,2023-06-14,2023-06-29,10,5
2023-06-13,8034,榮群,2023-06-14,2023-06-29,10,5
2023-06-12,26302,亞航二,2023-06-13,2023-06-28,10,20
2023-06-09,2745,五福,2023-06-12,2023-06-27,10,20
2023-06-08,2734,易飛網,2023-06-09,2023-06-26,10,5
2023-06-08,4946,辣椒,2023-06-09,2023-06-26,10,10
2023-06-02,4543,萬在,2023-06-05,2023-06-16,10,5
2023-06-01,6291,沛亨,2023-06-02,2023-06-15,10,5
2023-05-31,8227,巨有科技,2023-06-01,2023-06-14,10,20
2023-05-30,5301,寶得利,2023-05-31,2023-06-13,10,5
2023-05-30,6643,M31,2023-05-31,2023-06-13,10,5
2023-05-29,2736,富野,2023-05-30,2023-06-14,12,5
2023-05-26,26302,亞航二,2023-05-29,2023-06-09,10,5
2023-05-26,6697,東捷資訊,2023-05-29,2023-06-09,10,20
2023-05-24,2719,燦星旅,2023-05-25,2023-06-07,10,5
2023-05-23,2745,五福,2023-05-24,2023-06-06,10,20
2023-05-23,6697,東捷資訊,2023-05-24,2023-06-06,10,5
2023-05-22,2743,山富,2023-05-23,2023-06-07,12,20
2023-05-19,8426,紅木-KY,2023-05-22,2023-06-02,10,5
2023-05-18,2745,五福,2023-05-19,2023-06-01,10,5
2023-05-18,6198,瑞築,2023-05-19,2023-06-01,10,5
2023-05-17,2743,山富,2023-05-18,2023-05-31,10,5
2023-05-17,61893,豐藝三,2023-05-18,2023-05-31,10,5
2023-05-16,6276,安鈦克,2023-05-17,2023-06-01,12,20
2023-05-12,2230,泰茂,2023-05-15,2023-05-26,10,5
2023-05-12,22304,泰茂四,2023-05-15,2023-05-26,10,5
2023-05-11,41752,杏一二,2023-05-12,2023-05-25,10,5
2023-05-11,6276,安鈦克,2023-05-12,2023-05-25,10,5
2023-05-10,4160,創源,2023-05-11,2023-05-24,10,5
2023-05-08,3664,安瑞-KY,2023-05-09,2023-05-22,10,20
2023-05-08,6111,大宇資,2023-05-09,2023-05-24,12,5
2023-05-05,6148,驊宏資,2023-05-08,2023-05-23,12,5
2023-05-05,6752,叡揚,2023-05-08,2023-05-19,10,5
2023-05-03,8227,巨有科技,2023-05-04,2023-05-19,12,20
2023-04-28,17271,中華化一,2023-05-02,2023-05-15,10,5
2023-04-27,4741,泓瀚,2023-04-28,2023-05-12,10,5
2023-04-26,4147,中裕,2023-04-27,2023-05-11,10,5
2023-04-26,6874,倍力,2023-04-27,2023-05-15,12,20
2023-04-25,3629,地心引力,2023-04-26,2023-05-10,10,20
2023-04-24,4728,雙美,2023-04-25,2023-05-09,10,20
2023-04-24,6791,虎門科技,2023-04-25,2023-05-09,10,5
2023-04-19,1584,精剛,2023-04-20,2023-05-08,12,5
2023-04-19,26302,亞航二,2023-04-20,2023-05-04,10,5
2023-04-19,4728,雙美,2023-04-20,2023-05-04,10,5
2023-04-17,3693,營邦,2023-04-18,2023-05-04,12,5
2023-04-17,6465,威潤,2023-04-18,2023-05-02,10,5
2023-04-13,23581,廷鑫一,2023-04-14,2023-04-27,10,10
2023-04-13,4804,大略-KY,2023-04-14,2023-04-27,10,10
2023-04-13,5314,世紀,2023-04-14,2023-04-27,10,5
2023-04-12,3664,安瑞-KY,2023-04-13,2023-04-26,10,20
2023-04-12,47632,材料二KY,2023-04-13,2023-04-26,10,20
2023-04-12,47633,材料三KY,2023-04-13,2023-04-26,10,20
2023-04-11,47632,材料二KY,2023-04-12,2023-04-25,10,5
2023-04-11,8227,巨有科技,2023-04-12,2023-04-25,10,20
2023-04-07,24822,連宇二,2023-04-10,2023-04-21,10,5
2023-04-07,3664,安瑞-KY,2023-04-10,2023-04-21,10,5
2023-04-06,6517,保勝光學,2023-04-07,2023-04-20,10,20
2023-03-31,5381,合正,2023-04-06,2023-04-19,10,25
2023-03-30,6472,保瑞,2023-03-31,2023-04-20,12,5
2023-03-30,64722,保瑞二,2023-03-31,2023-04-20,12,5
2023-03-29,6517,保勝光學,2023-03-30,2023-04-17,10,5
2023-03-28,3629,地心引力,2023-03-29,2023-04-14,10,5
2023-03-28,5381,合正,2023-03-29,2023-04-14,10,10
2023-03-27,47632,材料二KY,2023-03-28,2023-04-13,10,5
2023-03-27,47633,材料三KY,2023-03-28,2023-04-13,10,5
2023-03-27,6160,欣技,2023-03-28,2023-04-13,10,5
2023-03-24,6874,倍力,2023-03-27,2023-04-12,10,20
2023-03-23,6751,智聯服務,2023-03-24,2023-04-11,10,20
2023-03-16,2754,亞洲藏壽司,2023-03-17,2023-03-30,10,20
2023-03-16,6291,沛亨,2023-03-17,2023-03-30,10,5
2023-03-14,8227,巨有科技,2023-03-15,2023-03-30,12,20
2023-03-10,7402,邑錡,2023-03-13,2023-03-24,10,5
2023-03-10,74021,邑錡一,2023-03-13,2023-03-24,10,5
2023-03-09,3362,先進光,2023-03-10,2023-03-27,12,5
2023-03-07,6811,宏碁資訊,2023-03-08,2023-03-21,10,5
2023-03-06,6752,叡揚,2023-03-07,2023-03-20,10,5
2023-03-03,6751,智聯服務,2023-03-06,2023-03-17,10,5
2023-03-02,6874,倍力,2023-03-03,2023-03-16,10,20
2023-02-24,22304,泰茂四,2023-03-01,2023-03-14,10,5
2023-02-24,5701,劍湖山,2023-03-01,2023-03-14,10,45
2023-02-24,6791,虎門科技,2023-03-01,2023-03-14,10,5
2023-02-23,6874,倍力,2023-02-24,2023-03-13,10,20
2023-02-22,2719,燦星旅,2023-02-23,2023-03-10,10,5
2023-02-20,6874,倍力,2023-02-21,2023-03-08,10,5
2023-02-17,2754,亞洲藏壽司,2023-02-20,2023-03-09,12,5
2023-02-14,6865,偉康科技,2023-02-15,2023-03-02,10,5
2023-02-13,6472,保瑞,2023-02-14,2023-03-03,12,5
2023-02-13,64722,保瑞二,2023-02-14,2023-03-03,12,5
2023-02-10,8227,巨有科技,2023-02-13,2023-02-24,10,5
2023-02-09,24822,連宇二,2023-02-10,2023-02-23,10,20
2023-02-06,24822,連宇二,2023-02-07,2023-02-22,12,5
2023-02-02,6612,奈米醫材,2023-02-03,2023-02-16,10,5
2023-01-09,5340,建榮,2023-01-10,2023-02-02,10,5
2022-12-26,4747,強生,2022-12-27,2023-01-10,10,5
2022-12-15,3228,金麗科,2022-12-16,2022-12-29,10,20
2022-12-15,3693,營邦,2022-12-16,2023-01-03,12,5
2022-12-08,13421,八貫一,2022-12-09,2022-12-26,12,5
2022-12-05,4979,華星光,2022-12-06,2022-12-21,12,5
2022-12-02,2719,燦星旅,2022-12-05,2022-12-16,10,5
2022-11-18,3095,及成,2022-11-21,2022-12-02,10,5
2022-11-17,6472,保瑞,2022-11-18,2022-12-05,12,5
2022-11-17,64722,保瑞二,2022-11-18,2022-12-05,12,5
2022-11-09,6556,勝品,2022-11-10,2022-11-23,10,5
2022-11-07,3228,金麗科,2022-11-08,2022-11-23,12,20
2022-11-04,3272,東碩,2022-11-07,2022-11-22,12,5
2022-10-20,15932,祺驊二,2022-10-21,2022-11-03,10,5
2022-10-20,6247,淇譽電,2022-10-21,2022-11-03,10,5
2022-10-18,3228,金麗科,2022-10-19,2022-11-01,10,20
2022-10-17,3219,倚強科,2022-10-18,2022-10-31,10,5
2022-10-13,3228,金麗科,2022-10-14,2022-10-27,10,20
2022-10-13,6287,元隆,2022-10-14,2022-10-27,10,45
2022-10-06,3228,金麗科,2022-10-07,2022-10-21,10,5
2022-09-28,4304,勝昱,2022-09-29,2022-10-13,10,5
2022-09-27,5703,亞都,2022-09-28,2022-10-12,10,5
2022-09-20,8426,紅木-KY,2022-09-21,2022-10-04,10,20
2022-09-15,8426,紅木-KY,2022-09-16,2022-09-29,10,5
2022-09-12,3205,佰研,2022-09-13,2022-09-26,10,5
2022-09-12,3523,迎輝,2022-09-13,2022-09-26,10,10
2022-09-12,37011,大眾控一,2022-09-13,2022-09-26,10,5
2022-09-07,3373,熱映,2022-09-08,2022-09-22,10,5
2022-09-06,4168,醣聯,2022-09-07,2022-09-21,10,5
2022-09-06,41683,醣聯三,2022-09-07,2022-09-21,10,5
2022-09-01,6683,雍智科技,2022-09-02,2022-09-16,10,5
2022-08-30,4743,合一,2022-08-31,2022-09-14,10,20
2022-08-26,2230,泰茂,2022-08-29,2022-09-12,10,20
2022-08-25,4743,合一,2022-08-26,2022-09-08,10,5
2022-08-25,4768,晶呈科技,2022-08-26,2022-09-08,10,5
2022-08-25,6767,台微醫,2022-08-26,2022-09-08,10,5
2022-08-24,3520,華盈,2022-08-25,2022-09-07,10,5
2022-08-24,6649,台生材,2022-08-25,2022-09-07,10,5
2022-08-23,2230,泰茂,2022-08-24,2022-09-06,10,5
2022-08-23,5205,中茂,2022-08-24,2022-09-06,10,5
2022-08-23,6461,益得,2022-08-24,2022-09-06,10,5
2022-08-18,6472,保瑞,2022-08-19,2022-09-05,12,5
2022-08-17,4413,飛寶企業,2022-08-18,2022-08-31,10,5
2022-08-16,6643,M31,2022-08-17,2022-08-30,10,5
2022-08-15,6103,合邦,2022-08-16,2022-08-29,10,45
2022-08-11,8097,常珵,2022-08-12,2022-08-25,10,20
2022-08-11,80972,常珵二,2022-08-12,2022-08-25,10,20
2022-08-08,6512,啟發電,2022-08-09,2022-08-22,10,5
2022-07-21,3362,先進光,2022-07-22,2022-08-08,12,5
2022-07-11,728846,茂達群益18購02,2022-07-12,2022-07-25,10,5
2022-07-08,6143,振曜,2022-07-11,2022-07-22,10,5
2022-07-06,3675,德微,2022-07-07,2022-07-20,10,20
2022-07-04,3228,金麗科,2022-07-05,2022-07-18,10,5
2022-07-01,3675,德微,2022-07-04,2022-07-19,12,5
2022-07-01,8097,常珵,2022-07-04,2022-07-15,10,20
2022-07-01,80972,常珵二,2022-07-04,2022-07-15,10,20
2022-06-29,3508,位速,2022-06-30,2022-07-15,12,5
2022-06-28,3205,佰研,2022-06-29,2022-07-14,12,5
2022-06-22,4911,德英,2022-06-23,2022-07-06,10,20
2022-06-22,84671,波力一KY,2022-06-23,2022-07-06,10,5
2022-06-17,4911,德英,2022-06-20,2022-07-01,10,5
2022-06-14,3252,海灣,2022-06-15,2022-06-30,12,5
2022-06-10,4402,福大,2022-06-13,2022-06-24,10,5
2022-06-07,2745,五福,2022-06-08,2022-06-21,10,5
2022-06-06,8097,常珵,2022-06-07,2022-06-20,10,5
2022-06-06,80972,常珵二,2022-06-07,2022-06-20,10,5
2022-06-01,5205,中茂,2022-06-02,2022-06-16,10,5
2022-06-01,80972,常珵二,2022-06-02,2022-06-16,10,5
2022-05-31,8068,全達,2022-06-01,2022-06-15,10,5
2022-05-24,3466,致振,2022-05-25,2022-06-08,10,5
2022-05-24,4944,兆遠,2022-05-25,2022-06-08,10,60
2022-05-23,24822,連宇二,2022-05-24,2022-06-07,10,20
2022-05-18,24822,連宇二,2022-05-19,2022-06-01,10,5
2022-05-18,2743,山富,2022-05-19,2022-06-01,10,5
2022-05-13,3629,地心引力,2022-05-16,2022-05-27,10,5
2022-05-13,4944,兆遠,2022-05-16,2022-05-27,10,60
2022-05-12,4804,大略-KY,2022-05-13,2022-05-26,10,5
2022-05-12,6113,亞矽,2022-05-13,2022-05-26,10,5
2022-05-10,4944,兆遠,2022-05-11,2022-05-24,10,45
2022-05-09,4116,明基醫,2022-05-10,2022-05-25,12,5
2022-05-05,6241,易通展,2022-05-06,2022-05-19,10,20
2022-05-04,4304,勝昱,2022-05-05,2022-05-18,10,5
2022-05-04,724346,鈺創國泰15購02,2022-05-05,2022-05-18,10,20
2022-05-03,726248,創惟永豐15購02,2022-05-04,2022-05-17,10,5
2022-05-03,726385,創惟永豐15購03,2022-05-04,2022-05-17,10,5
2022-04-27,727165,創惟兆豐17購01,2022-04-28,2022-05-12,10,5
2022-04-26,8087,華鎂鑫,2022-04-27,2022-05-11,10,5
2022-04-25,6199,天品,2022-04-26,2022-05-10,10,5
2022-04-22,41212,優盛二,2022-04-25,2022-05-09,10,5
2022-04-22,724346,鈺創國泰15購02,2022-04-25,2022-05-09,10,20
2022-04-20,3434,哲固,2022-04-21,2022-05-05,10,5
2022-04-20,6492,生華科,2022-04-21,2022-05-05,10,5
2022-04-20,8409,商之器,2022-04-21,2022-05-05,10,20
2022-04-19,6578,達邦蛋白,2022-04-20,2022-05-04,10,5
2022-04-19,65781,達邦蛋白一,2022-04-20,2022-05-04,10,5
2022-04-18,4736,泰博,2022-04-19,2022-05-03,10,20
2022-04-18,47363,泰博三,2022-04-19,2022-05-03,10,20
2022-04-18,6242,立康,2022-04-19,2022-05-03,10,5
2022-04-15,8409,商之器,2022-04-18,2022-04-29,10,5
2022-04-13,4736,泰博,2022-04-14,2022-04-29,12,5
2022-04-13,47363,泰博三,2022-04-14,2022-04-29,12,5
2022-04-13,5309,系統電,2022-04-14,2022-04-27,10,5
2022-04-13,53094,系統電四,2022-04-14,2022-04-27,10,5
2022-03-30,5603,陸海,2022-03-31,2022-04-15,10,5
2022-03-25,5321,美而快,2022-03-28,2022-04-12,10,20
2022-03-25,6240,松崗,2022-03-28,2022-04-12,10,5
2022-03-25,6241,易通展,2022-03-28,2022-04-12,10,5
2022-03-24,6446,藥華藥,2022-03-25,2022-04-11,10,10
2022-03-24,8440,綠電,2022-03-25,2022-04-13,12,20
2022-03-18,4804,大略-KY,2022-03-21,2022-04-01,10,5
2022-03-17,724346,鈺創國泰15購02,2022-03-18,2022-03-31,10,5
2022-03-14,723768,元太國泰14購02,2022-03-15,2022-03-28,10,5
2022-03-03,2924,東凌-KY,2022-03-04,2022-03-17,10,20
2022-02-25,2924,東凌-KY,2022-03-01,2022-03-14,10,5
2022-02-23,2743,山富,2022-02-24,2022-03-14,12,5
2022-02-23,5301,寶得利,2022-02-24,2022-03-10,10,5
2022-02-23,724259,撼訊凱基13購01,2022-02-24,2022-03-10,10,5
2022-02-22,2745,五福,2022-02-23,2022-03-09,10,5
2022-02-18,5321,美而快,2022-02-21,2022-03-09,12,5
2022-02-16,3066,李洲,2022-02-17,2022-03-03,10,5
2022-02-15,8440,綠電,2022-02-16,2022-03-04,12,20
2022-02-08,3219,倚強科,2022-02-09,2022-02-22,10,5
2022-01-26,64412,廣錠二,2022-02-07,2022-02-18,10,20
2022-01-21,64412,廣錠二,2022-01-24,2022-02-15,10,5
2022-01-17,8450,霹靂,2022-01-18,2022-02-09,10,20
2022-01-13,723768,元太國泰14購02,2022-01-14,2022-02-07,10,20
2022-01-10,4946,辣椒,2022-01-11,2022-01-24,10,20
2022-01-07,4304,勝昱,2022-01-10,2022-01-21,10,60
2022-01-04,4304,勝昱,2022-01-05,2022-01-18,10,45
2022-01-04,723768,元太國泰14購02,2022-01-05,2022-01-18,10,20
2022-01-03,6228,全譜,2022-01-04,2022-01-17,10,5
2021-12-29,5227,立凱-KY,2021-12-30,2022-01-13,10,5
2021-12-29,6158,禾昌,2021-12-30,2022-01-13,10,5
2021-12-29,8080,永利聯合,2021-12-30,2022-01-13,10,45
2021-12-29,8440,綠電,2021-12-30,2022-01-13,10,5
2021-12-27,6593,台灣銘板,2021-12-28,2022-01-11,10,5
2021-12-24,6111,大宇資,2021-12-27,2022-01-10,10,5
2021-12-22,3491,昇達科,2021-12-23,2022-01-10,12,5
2021-12-22,3687,歐買尬,2021-12-23,2022-01-06,10,20
2021-12-21,4946,辣椒,2021-12-22,2022-01-05,10,5
2021-12-17,3687,歐買尬,2021-12-20,2022-01-05,12,5
2021-12-16,3085,新零售,2021-12-17,2021-12-30,10,45
2021-12-16,3508,位速,2021-12-17,2021-12-30,10,20
2021-12-16,6446,藥華藥,2021-12-17,2021-12-30,10,25
2021-12-16,8450,霹靂,2021-12-17,2021-12-30,10,20
2021-12-14,6118,建達,2021-12-15,2021-12-30,12,20
2021-12-14,6514,芮特-KY,2021-12-15,2021-12-28,10,5
2021-12-13,6134,萬旭,2021-12-14,2021-12-27,10,20
2021-12-13,6446,藥華藥,2021-12-14,2021-12-27,10,25
2021-12-13,8068,全達,2021-12-14,2021-12-27,10,5
2021-12-13,8121,越峰,2021-12-14,2021-12-27,10,20
2021-12-10,4944,兆遠,2021-12-13,2021-12-24,10,10
2021-12-10,5245,智晶,2021-12-13,2021-12-24,10,20
2021-12-10,723768,元太國泰14購02,2021-12-13,2021-12-24,10,20
2021-12-09,6556,勝品,2021-12-10,2021-12-23,10,5
2021-12-09,721535,泰博國票11購02,2021-12-10,2021-12-23,10,20
2021-12-08,5344,立衛,2021-12-09,2021-12-22,10,20
2021-12-08,6134,萬旭,2021-12-09,2021-12-22,10,5
2021-12-08,6446,藥華藥,2021-12-09,2021-12-22,10,25
2021-12-07,5245,智晶,2021-12-08,2021-12-21,10,5
2021-12-06,3066,李洲,2021-12-07,2021-12-20,10,20
2021-12-03,3294,英濟,2021-12-06,2021-12-17,10,5
2021-12-02,723768,元太國泰14購02,2021-12-03,2021-12-16,10,20
2021-12-02,8406,金可-KY,2021-12-03,2021-12-16,10,5
2021-12-01,3066,李洲,2021-12-02,2021-12-15,10,5
2021-11-30,48032,VHQ二KY,2021-12-01,2021-12-14,10,60
2021-11-30,721535,泰博國票11購02,2021-12-01,2021-12-14,10,5
2021-11-30,8121,越峰,2021-12-01,2021-12-14,10,20
2021-11-29,723768,元太國泰14購02,2021-11-30,2021-12-13,10,5
2021-11-26,3672,康聯訊,2021-11-29,2021-12-10,10,5
2021-11-25,48032,VHQ二KY,2021-11-26,2021-12-09,10,60
2021-11-24,5321,美而快,2021-11-25,2021-12-08,10,20
2021-11-24,6446,藥華藥,2021-11-25,2021-12-08,10,25
2021-11-23,30163,嘉晶三,2021-11-24,2021-12-09,12,5
2021-11-23,3444,利機,2021-11-24,2021-12-07,10,5
2021-11-23,8450,霹靂,2021-11-24,2021-12-07,10,5
2021-11-22,3642,駿熠電,2021-11-23,2021-12-06,10,10
2021-11-22,48032,VHQ二KY,2021-11-23,2021-12-06,10,45
2021-11-22,5236,凌陽創新,2021-11-23,2021-12-06,10,5
2021-11-22,6523,達爾膚,2021-11-23,2021-12-06,10,20
2021-11-19,30163,嘉晶三,2021-11-22,2021-12-03,10,5
2021-11-19,4803,VHQ-KY,2021-11-22,2021-12-03,10,45
2021-11-19,48032,VHQ二KY,2021-11-22,2021-12-03,10,45
2021-11-19,6446,藥華藥,2021-11-22,2021-12-03,10,10
2021-11-19,6465,威潤,2021-11-22,2021-12-03,10,5
2021-11-19,64651,威潤一,2021-11-22,2021-12-03,10,5
2021-11-17,5468,凱鈺,2021-11-18,2021-12-01,10,5
2021-11-17,6523,達爾膚,2021-11-18,2021-12-01,10,5
2021-11-16,3228,金麗科,2021-11-17,2021-11-30,10,5
2021-11-15,26106,華航六,2021-11-16,2021-11-29,10,5
2021-11-15,3508,位速,2021-11-16,2021-12-01,12,5
2021-11-15,5344,立衛,2021-11-16,2021-11-29,10,5
2021-11-15,6118,建達,2021-11-16,2021-11-29,10,5
2021-11-10,8121,越峰,2021-11-11,2021-11-26,12,20
2021-11-08,4192,杏國,2021-11-09,2021-11-22,10,20
2021-11-08,8476,台境,2021-11-09,2021-11-22,10,20
2021-11-04,37011,大眾控一,2021-11-05,2021-11-18,10,5
2021-11-04,5351,鈺創,2021-11-05,2021-11-22,12,5
2021-11-03,4192,杏國,2021-11-04,2021-11-17,10,20
2021-11-03,6441,廣錠,2021-11-04,2021-11-17,10,5
2021-11-03,64411,廣錠一,2021-11-04,2021-11-17,10,5
2021-11-03,64412,廣錠二,2021-11-04,2021-11-17,10,5
2021-11-03,64413,廣錠三,2021-11-04,2021-11-17,10,5
2021-11-03,64414,廣錠四,2021-11-04,2021-11-17,10,5
2021-11-03,64415,廣錠五,2021-11-04,2021-11-17,10,5
2021-11-02,3491,昇達科,2021-11-03,2021-11-16,10,5
2021-11-01,5227,立凱-KY,2021-11-02,2021-11-15,10,5
2021-10-29,4192,杏國,2021-11-01,2021-11-12,10,20
2021-10-27,5321,美而快,2021-10-28,2021-11-10,10,20
2021-10-27,8476,台境,2021-10-28,2021-11-10,10,5
2021-10-25,3675,德微,2021-10-26,2021-11-10,12,5
2021-10-25,3685,元創精密,2021-10-26,2021-11-08,10,5
2021-10-20,8121,越峰,2021-10-21,2021-11-03,10,20
2021-10-19,4743,合一,2021-10-20,2021-11-02,10,5
2021-10-18,22431,宏旭一KY,2021-10-19,2021-11-01,10,5
2021-10-08,41415,龍燈五KY,2021-10-12,2021-10-25,10,5
2021-10-07,4192,杏國,2021-10-08,2021-10-22,10,5
2021-10-06,4944,兆遠,2021-10-07,2021-10-21,10,10
2021-10-06,719173,明安國票0A購01,2021-10-07,2021-10-21,10,5
2021-10-01,41412,龍燈二KY,2021-10-04,2021-10-20,12,5
2021-10-01,41414,龍燈四KY,2021-10-04,2021-10-20,12,5
2021-10-01,41415,龍燈五KY,2021-10-04,2021-10-20,12,5
2021-10-01,5321,美而快,2021-10-04,2021-10-20,12,20
2021-09-30,6259,百徽,2021-10-01,2021-10-15,10,5
2021-09-29,3085,新零售,2021-09-30,2021-10-14,10,60
2021-09-28,4903,聯光通,2021-09-29,2021-10-13,10,10
2021-09-28,5321,美而快,2021-09-29,2021-10-15,12,5
2021-09-27,719744,杰力凱基0B購01,2021-09-28,2021-10-12,10,5
2021-09-24,3085,新零售,2021-09-27,2021-10-08,10,60
2021-09-23,3141,晶宏,2021-09-24,2021-10-07,10,5
2021-09-23,8121,越峰,2021-09-24,2021-10-07,10,20
2021-09-17,3085,新零售,2021-09-22,2021-10-05,10,45
2021-09-16,4803,VHQ-KY,2021-09-17,2021-10-04,10,60
2021-09-16,48032,VHQ二KY,2021-09-17,2021-10-04,10,60
2021-09-14,3232,昱捷,2021-09-15,2021-10-04,12,5
2021-09-09,8121,越峰,2021-09-10,2021-09-27,10,20
2021-09-08,722148,德微元富12購01,2021-09-09,2021-09-24,10,20
2021-09-06,8121,越峰,2021-09-07,2021-09-22,10,5
2021-09-03,6568,宏觀,2021-09-06,2021-09-17,10,20
2021-09-01,4175,杏一,2021-09-02,2021-09-15,10,5
2021-09-01,41752,杏一二,2021-09-02,2021-09-15,10,5
2021-08-31,3207,耀勝,2021-09-01,2021-09-14,10,5
2021-08-31,4154,康樂-KY,2021-09-01,2021-09-14,10,5
2021-08-31,5227,立凱-KY,2021-09-01,2021-09-14,10,20
2021-08-30,722148,德微元富12購01,2021-08-31,2021-09-13,10,5
2021-08-27,6419,京晨科,2021-08-30,2021-09-10,10,20
2021-08-27,6469,大樹,2021-08-30,2021-09-10,10,5
2021-08-26,3527,聚積,2021-08-27,2021-09-09,10,20
2021-08-26,3675,德微,2021-08-27,2021-09-09,10,5
2021-08-24,6419,京晨科,2021-08-25,2021-09-07,10,5
2021-08-23,3527,聚積,2021-08-24,2021-09-06,10,5
2021-08-23,4803,VHQ-KY,2021-08-24,2021-09-06,10,25
2021-08-23,48032,VHQ二KY,2021-08-24,2021-09-06,10,25
2021-08-18,4803,VHQ-KY,2021-08-19,2021-09-01,10,10
2021-08-18,48032,VHQ二KY,2021-08-19,2021-09-01,10,10
2021-08-17,49672,十銓二,2021-08-18,2021-08-31,10,5
2021-08-12,6727,亞泰金屬,2021-08-13,2021-08-26,10,20
2021-08-12,67271,亞泰金屬一,2021-08-13,2021-08-26,10,20
2021-08-09,4192,杏國,2021-08-10,2021-08-23,10,5
2021-08-09,5227,立凱-KY,2021-08-10,2021-08-23,10,20
2021-08-09,8476,台境,2021-08-10,2021-08-23,10,5
2021-08-06,3114,好德,2021-08-09,2021-08-20,10,20
2021-08-03,3114,好德,2021-08-04,2021-08-17,10,5
2021-07-30,3663,鑫科,2021-08-02,2021-08-13,10,5
2021-07-30,5475,德宏,2021-08-02,2021-08-13,10,5
2021-07-29,716819,中菲行國泰08購01,2021-07-30,2021-08-12,10,5
2021-07-28,6568,宏觀,2021-07-29,2021-08-11,10,5
2021-07-27,5432,達威,2021-07-28,2021-08-10,10,5
2021-07-27,6291,沛亨,2021-07-28,2021-08-10,10,5
2021-07-27,719019,中菲行永豐09購01,2021-07-28,2021-08-10,10,5
2021-07-26,5321,友銓,2021-07-27,2021-08-09,10,5
2021-07-23,4945,陞達科技,2021-07-26,2021-08-06,10,5
2021-07-23,9962,有益,2021-07-26,2021-08-06,10,20
2021-07-22,6727,亞泰金屬,2021-07-23,2021-08-05,10,20
2021-07-22,67271,亞泰金屬一,2021-07-23,2021-08-05,10,20
2021-07-20,1742,台蠟,2021-07-21,2021-08-03,10,5
2021-07-20,3219,倚強科,2021-07-21,2021-08-03,10,5
2021-07-20,5340,建榮,2021-07-21,2021-08-03,10,5
2021-07-20,6104,創惟,2021-07-21,2021-08-03,10,5
2021-07-20,6229,研通,2021-07-21,2021-08-03,10,5
2021-07-19,6727,亞泰金屬,2021-07-20,2021-08-02,10,5
2021-07-19,67271,亞泰金屬一,2021-07-20,2021-08-02,10,5
2021-07-16,49191,新唐一,2021-07-19,2021-07-30,10,20
2021-07-15,3228,金麗科,2021-07-16,2021-07-29,10,5
2021-07-14,6716,應廣,2021-07-15,2021-07-28,10,5
2021-07-13,3372,典範,2021-07-14,2021-07-27,10,5
2021-07-13,3675,德微,2021-07-14,2021-07-27,10,5
2021-07-13,49191,新唐一,2021-07-14,2021-07-27,10,5
2021-07-13,720354,M31統一0C購01,2021-07-14,2021-07-27,10,5
2021-07-09,5227,立凱-KY,2021-07-12,2021-07-23,10,5
2021-07-09,6287,元隆,2021-07-12,2021-07-23,10,45
2021-07-09,65731,虹揚一KY,2021-07-12,2021-07-23,10,5
2021-07-07,4406,新昕纖,2021-07-08,2021-07-21,10,5
2021-07-06,26034,長榮四,2021-07-07,2021-07-20,10,20
2021-07-06,31411,晶宏一,2021-07-07,2021-07-20,10,20
2021-07-06,6509,聚和,2021-07-07,2021-07-20,10,5
2021-07-05,26364,台驊投控四,2021-07-06,2021-07-19,10,20
2021-07-02,26034,長榮四,2021-07-05,2021-07-16,10,5
2021-07-02,3141,晶宏,2021-07-05,2021-07-16,10,5
2021-07-02,31411,晶宏一,2021-07-05,2021-07-16,10,5
2021-07-02,4529,淳紳,2021-07-05,2021-07-16,10,5
2021-07-02,9962,有益,2021-07-05,2021-07-16,10,5
2021-07-01,2064,晉椿,2021-07-02,2021-07-15,10,5
2021-07-01,31411,晶宏一,2021-07-02,2021-07-15,10,5
2021-07-01,3609,東林,2021-07-02,2021-07-15,10,5
2021-07-01,6170,統振,2021-07-02,2021-07-15,10,5
2021-06-29,5464,霖宏,2021-06-30,2021-07-13,10,5
2021-06-28,6130,星寶國際,2021-06-29,2021-07-12,10,5
2021-06-28,6741,91APP*-KY,2021-06-29,2021-07-12,10,5
2021-06-24,26364,台驊投控四,2021-06-25,2021-07-08,10,20
2021-06-24,6465,威潤,2021-06-25,2021-07-08,10,20
2021-06-24,64651,威潤一,2021-06-25,2021-07-08,10,20
2021-06-23,2641,正德,2021-06-24,2021-07-07,10,20
2021-06-23,3687,歐買尬,2021-06-24,2021-07-07,10,5
2021-06-23,6640,均華,2021-06-24,2021-07-07,10,20
2021-06-22,8406,金可-KY,2021-06-23,2021-07-06,10,5
2021-06-21,26364,台驊投控四,2021-06-22,2021-07-05,10,20
2021-06-18,3339,泰谷,2021-06-21,2021-07-02,10,20
2021-06-18,6640,均華,2021-06-21,2021-07-02,10,5
2021-06-18,8040,九暘,2021-06-21,2021-07-02,10,5
2021-06-17,26034,長榮四,2021-06-18,2021-07-01,10,5
2021-06-17,2641,正德,2021-06-18,2021-07-01,10,5
2021-06-17,3169,亞信,2021-06-18,2021-07-01,10,5
2021-06-15,3339,泰谷,2021-06-16,2021-06-29,10,5
2021-06-15,6485,點序,2021-06-16,2021-06-29,10,20
2021-06-10,15921,英瑞一KY,2021-06-11,2021-06-25,10,10
2021-06-07,8905,裕國,2021-06-08,2021-06-22,10,5
2021-06-04,26364,台驊投控四,2021-06-07,2021-06-21,10,20
2021-06-04,5475,德宏,2021-06-07,2021-06-21,10,20
2021-06-04,6547,高端疫苗,2021-06-07,2021-06-21,10,20
2021-06-03,6199,天品,2021-06-04,2021-06-18,10,5
2021-06-02,26364,台驊投控四,2021-06-03,2021-06-17,10,5
2021-06-02,4121,優盛,2021-06-03,2021-06-17,10,5
2021-06-02,41212,優盛二,2021-06-03,2021-06-17,10,5
2021-06-01,26364,台驊投控四,2021-06-02,2021-06-16,10,5
2021-06-01,3228,金麗科,2021-06-02,2021-06-16,10,20
2021-06-01,4152,台微體,2021-06-02,2021-06-16,10,45
2021-06-01,6472,保瑞,2021-06-02,2021-06-16,10,20
2021-05-31,33462,麗清二,2021-06-01,2021-06-15,10,5
2021-05-31,5603,陸海,2021-06-01,2021-06-15,10,5
2021-05-31,6485,點序,2021-06-01,2021-06-15,10,5
2021-05-28,47463,台耀三,2021-05-31,2021-06-11,10,5
2021-05-28,5475,德宏,2021-05-31,2021-06-11,10,20
2021-05-28,715485,旺矽國票06購03,2021-05-31,2021-06-11,10,5
2021-05-27,3228,金麗科,2021-05-28,2021-06-10,10,20
2021-05-25,6242,立康,2021-05-26,2021-06-08,10,5
2021-05-21,6465,威潤,2021-05-24,2021-06-04,10,20
2021-05-21,64651,威潤一,2021-05-24,2021-06-04,10,20
2021-05-21,6472,保瑞,2021-05-24,2021-06-04,10,5
2021-05-20,4131,晶宇,2021-05-21,2021-06-03,10,45
2021-05-20,716919,驊訊永豐06購03,2021-05-21,2021-06-03,10,5
2021-05-19,4171,瑞基,2021-05-20,2021-06-02,10,5
2021-05-19,6150,撼訊,2021-05-20,2021-06-02,10,20
2021-05-18,6465,威潤,2021-05-19,2021-06-01,10,5
2021-05-18,64651,威潤一,2021-05-19,2021-06-01,10,5
2021-05-18,6589,台康生技,2021-05-19,2021-06-01,10,5
2021-05-18,65891,台康生技一,2021-05-19,2021-06-01,10,5
2021-05-17,6547,高端疫苗,2021-05-18,2021-05-31,10,5
2021-05-17,719005,M31凱基0A購01,2021-05-18,2021-05-31,10,5
2021-05-14,3228,金麗科,2021-05-17,2021-05-28,10,20
2021-05-14,716863,驊訊元大07購01,2021-05-17,2021-05-28,10,5
2021-05-11,5205,中茂,2021-05-12,2021-05-25,10,60
2021-05-11,720796,致和證群益0A購01,2021-05-12,2021-05-25,10,5
2021-05-06,5205,中茂,2021-05-07,2021-05-20,10,60
2021-05-03,3362,先進光,2021-05-04,2021-05-17,10,20
2021-04-29,20315,新光鋼五,2021-05-03,2021-05-14,10,5
2021-04-27,5475,德宏,2021-04-28,2021-05-12,10,25
2021-04-26,6404,通訊-KY,2021-04-27,2021-05-11,10,45
2021-04-23,3228,金麗科,2021-04-26,2021-05-10,10,20
2021-04-22,2641,正德,2021-04-23,2021-05-07,10,5
2021-04-22,5475,德宏,2021-04-23,2021-05-07,10,10
2021-04-20,3228,金麗科,2021-04-21,2021-05-05,10,20
2021-04-19,3379,彬台,2021-04-20,2021-05-04,10,5
2021-04-19,3687,歐買尬,2021-04-20,2021-05-04,10,5
2021-04-15,3228,金麗科,2021-04-16,2021-04-29,10,20
2021-04-14,4726,永昕,2021-04-15,2021-04-28,10,5
2021-04-13,15921,英瑞一KY,2021-04-14,2021-04-27,10,25
2021-04-13,65891,台康生技一,2021-04-14,2021-04-27,10,20
2021-04-13,6643,M31,2021-04-14,2021-04-27,10,5
2021-04-13,7402,邑錡,2021-04-14,2021-04-27,10,5
2021-04-12,5344,立衛,2021-04-13,2021-04-26,10,5
2021-04-12,66681,中揚光一,2021-04-13,2021-04-26,10,5
2021-04-12,66682,中揚光二,2021-04-13,2021-04-26,10,5
2021-04-09,3230,錦明,2021-04-12,2021-04-23,10,5
2021-04-09,4304,勝昱,2021-04-12,2021-04-23,10,10
2021-04-09,5245,智晶,2021-04-12,2021-04-23,10,5
2021-04-09,8277,商丞,2021-04-12,2021-04-23,10,5
2021-04-08,31493,正達三,2021-04-09,2021-04-22,10,5
2021-04-08,5302,太欣,2021-04-09,2021-04-22,10,20
2021-04-08,5529,志嘉,2021-04-09,2021-04-22,10,5
2021-04-08,6150,撼訊,2021-04-09,2021-04-22,10,20
2021-04-08,6237,驊訊,2021-04-09,2021-04-22,10,5
2021-04-07,3093,港建,2021-04-08,2021-04-21,10,20
2021-04-07,5310,天剛,2021-04-08,2021-04-21,10,45
2021-04-07,6494,九齊,2021-04-08,2021-04-21,10,5
2021-04-06,15921,英瑞一KY,2021-04-07,2021-04-20,10,10
2021-04-06,3362,先進光,2021-04-07,2021-04-20,10,20
2021-04-06,5272,笙科,2021-04-07,2021-04-20,10,5
2021-04-06,6103,合邦,2021-04-07,2021-04-20,10,60
2021-04-01,4419,元勝,2021-04-06,2021-04-19,10,45
2021-04-01,6590,普鴻,2021-04-06,2021-04-19,10,5
2021-03-31,15921,英瑞一KY,2021-04-01,2021-04-16,10,25
2021-03-31,3093,港建,2021-04-01,2021-04-16,10,5
2021-03-30,3552,同致,2021-03-31,2021-04-15,10,20
2021-03-30,6103,合邦,2021-03-31,2021-04-15,10,60
2021-03-30,6589,台康生技,2021-03-31,2021-04-15,10,20
2021-03-30,65891,台康生技一,2021-03-31,2021-04-15,10,20
2021-03-26,15921,英瑞一KY,2021-03-29,2021-04-13,10,25
2021-03-26,3122,笙泉,2021-03-29,2021-04-13,10,20
2021-03-26,65891,台康生技一,2021-03-29,2021-04-13,10,5
2021-03-25,6103,合邦,2021-03-26,2021-04-12,10,45
2021-03-25,6589,台康生技,2021-03-26,2021-04-12,10,20
2021-03-25,65891,台康生技一,2021-03-26,2021-04-12,10,20
2021-03-24,2718,晶悅,2021-03-25,2021-04-09,10,20
2021-03-24,3288,點晶,2021-03-25,2021-04-09,10,5
2021-03-24,3294,英濟,2021-03-25,2021-04-09,10,5
2021-03-23,15921,英瑞一KY,2021-03-24,2021-04-08,10,10
2021-03-23,3122,笙泉,2021-03-24,2021-04-08,10,20
2021-03-23,3276,宇環,2021-03-24,2021-04-08,10,5
2021-03-23,5205,中茂,2021-03-24,2021-04-08,10,45
2021-03-23,5452,佶優,2021-03-24,2021-04-08,10,20
2021-03-23,6129,普誠,2021-03-24,2021-04-08,10,20
2021-03-23,8040,九暘,2021-03-24,2021-04-08,10,20
2021-03-22,3268,海德威,2021-03-23,2021-04-07,10,5
2021-03-22,6716,應廣,2021-03-23,2021-04-07,10,20
2021-03-22,8054,安國,2021-03-23,2021-04-07,10,20
2021-03-19,15932,祺驊二,2021-03-22,2021-04-06,10,5
2021-03-19,2718,晶悅,2021-03-22,2021-04-06,10,5
2021-03-19,5302,太欣,2021-03-22,2021-04-06,10,5
2021-03-19,6516,勤崴國際,2021-03-22,2021-04-06,10,5
2021-03-19,6594,展匯科,2021-03-22,2021-04-06,10,20
2021-03-18,5452,佶優,2021-03-19,2021-04-01,10,5
2021-03-18,6129,普誠,2021-03-19,2021-04-01,10,5
2021-03-18,8040,九暘,2021-03-19,2021-04-01,10,5
2021-03-17,3228,金麗科,2021-03-18,2021-03-31,10,20
2021-03-17,6150,撼訊,2021-03-18,2021-03-31,10,20
2021-03-16,3362,先進光,2021-03-17,2021-03-30,10,20
2021-03-16,6594,展匯科,2021-03-17,2021-03-30,10,5
2021-03-16,8085,福華,2021-03-17,2021-03-30,10,5
2021-03-12,8099,大世科,2021-03-15,2021-03-26,10,5
2021-03-11,3362,先進光,2021-03-12,2021-03-25,10,5
2021-03-10,4529,淳紳,2021-03-11,2021-03-24,10,5
2021-03-08,3066,李洲,2021-03-09,2021-03-22,10,5
2021-03-05,5468,凱鈺,2021-03-08,2021-03-19,10,20
2021-03-04,3552,同致,2021-03-05,2021-03-18,10,20
2021-03-03,3219,倚強股份,2021-03-04,2021-03-17,10,25
2021-03-03,8077,洛碁,2021-03-04,2021-03-17,10,5
2021-03-02,3073,天方能源,2021-03-03,2021-03-16,10,25
2021-03-02,4944,兆遠,2021-03-03,2021-03-16,10,10
2021-02-26,2734,易飛網,2021-03-02,2021-03-15,10,5
2021-02-26,2743,山富,2021-03-02,2021-03-15,10,5
2021-02-26,6651,全宇昕,2021-03-02,2021-03-15,10,5
2021-02-26,6716,應廣,2021-03-02,2021-03-15,10,20
2021-02-25,3122,笙泉,2021-02-26,2021-03-12,10,5
2021-02-25,4162,智擎,2021-02-26,2021-03-12,10,5
2021-02-25,4743,合一,2021-02-26,2021-03-12,10,5
2021-02-25,6134,萬旭,2021-02-26,2021-03-12,10,5
2021-02-25,6150,撼訊,2021-02-26,2021-03-12,10,5
2021-02-25,6589,台康生技,2021-02-26,2021-03-12,10,20
2021-02-25,65891,台康生技一,2021-02-26,2021-03-12,10,20
2021-02-24,3073,天方能源,2021-02-25,2021-03-11,10,10
2021-02-24,3078,僑威,2021-02-25,2021-03-11,10,5
2021-02-24,3228,金麗科,2021-02-25,2021-03-11,10,20
2021-02-24,7556,意德士,2021-02-25,2021-03-11,10,5
2021-02-23,6482,弘煜科,2021-02-24,2021-03-10,10,20
2021-02-23,6485,點序,2021-02-24,2021-03-10,10,20
2021-02-23,6547,高端疫苗,2021-02-24,2021-03-10,10,20
2021-02-23,6642,富致,2021-02-24,2021-03-10,10,5
2021-02-23,6716,應廣,2021-02-24,2021-03-10,10,5
2021-02-23,8054,安國,2021-02-24,2021-03-10,10,5
2021-02-22,3483,力致,2021-02-23,2021-03-09,10,5
2021-02-22,6589,台康生技,2021-02-23,2021-03-09,10,5
2021-02-22,65891,台康生技一,2021-02-23,2021-03-09,10,5
2021-02-19,3169,亞信,2021-02-22,2021-03-08,10,5
2021-02-18,3086,華義,2021-02-19,2021-03-05,10,20
2021-02-18,6482,弘煜科,2021-02-19,2021-03-05,10,5
2021-02-18,6485,點序,2021-02-19,2021-03-05,10,5
2021-02-18,6547,高端疫苗,2021-02-19,2021-03-05,10,5
2021-02-18,8087,華鎂鑫,2021-02-19,2021-03-05,10,20
2021-02-04,3086,華義,2021-02-05,2021-03-02,10,20
2021-02-04,3219,倚強股份,2021-02-05,2021-03-02,10,25
2021-02-01,3086,華義,2021-02-02,2021-02-24,10,20
2021-02-01,3219,倚強股份,2021-02-02,2021-02-24,10,10
2021-02-01,3552,同致,2021-02-02,2021-02-24,10,20
2021-01-27,8024,佑華,2021-01-28,2021-02-19,10,5
2021-01-26,3228,金麗科,2021-01-27,2021-02-18,10,20
2021-01-20,3685,元創精密,2021-01-21,2021-02-03,10,20
2021-01-18,37072,漢磊二,2021-01-19,2021-02-01,10,5
2021-01-15,3685,元創精密,2021-01-18,2021-01-29,10,5
2021-01-15,4760,勤凱,2021-01-18,2021-01-29,10,5
2021-01-15,47601,勤凱一,2021-01-18,2021-01-29,10,5
2021-01-15,6228,全譜,2021-01-18,2021-01-29,10,5
2021-01-14,5468,凱鈺,2021-01-15,2021-01-28,10,20
2021-01-13,3297,杭特,2021-01-14,2021-01-27,10,20
2021-01-11,1593,祺驊,2021-01-12,2021-01-25,10,20
2021-01-11,15932,祺驊二,2021-01-12,2021-01-25,10,20
2021-01-11,3086,華義,2021-01-12,2021-01-25,10,20
2021-01-11,3552,同致,2021-01-12,2021-01-25,10,5
2021-01-11,8087,華鎂鑫,2021-01-12,2021-01-25,10,20
2021-01-08,4946,辣椒,2021-01-11,2021-01-22,10,5
2021-01-07,3339,泰谷,2021-01-08,2021-01-21,10,5
2021-01-06,1593,祺驊,2021-01-07,2021-01-20,10,5
2021-01-06,15932,祺驊二,2021-01-07,2021-01-20,10,5
2021-01-06,3086,華義,2021-01-07,2021-01-20,10,20
2021-01-06,5468,凱鈺,2021-01-07,2021-01-20,10,20
2021-01-06,8087,華鎂鑫,2021-01-07,2021-01-20,10,20
2021-01-05,26095,陽明五,2021-01-06,2021-01-19,10,20
2021-01-05,3228,金麗科,2021-01-06,2021-01-19,10,20
2021-01-04,26095,陽明五,2021-01-05,2021-01-18,10,20
2021-01-04,6129,普誠,2021-01-05,2021-01-18,10,5
2020-12-31,3086,華義,2021-01-04,2021-01-15,10,20
2020-12-31,3297,杭特,2021-01-04,2021-01-15,10,5
2020-12-31,6150,撼訊,2021-01-04,2021-01-15,10,20
2020-12-31,8087,華鎂鑫,2021-01-04,2021-01-15,10,5
2020-12-30,26095,陽明五,2020-12-31,2021-01-14,10,20
2020-12-30,6237,驊訊,2020-12-31,2021-01-14,10,20
2020-12-29,26095,陽明五,2020-12-30,2021-01-13,10,5
2020-12-29,6103,合邦,2020-12-30,2021-01-13,10,45
2020-12-25,26095,陽明五,2020-12-28,2021-01-11,10,5
2020-12-25,6237,驊訊,2020-12-28,2021-01-11,10,5
2020-12-21,5386,青雲,2020-12-22,2021-01-05,10,20
2020-12-18,6204,艾華,2020-12-21,2021-01-04,10,20
