公布日期,證券代號,證券名稱,處置起始,處置結束,處置天數,處置營業日數,撮合頻率(分鐘),開盤價,收盤價,short_return
2021-01-04,2609,陽明,2021-01-05,2021-01-18,14,10,20,17.4,18.22,-0.0471
2021-01-05,2415,錩新,2021-01-06,2021-01-19,14,10,5,25.05,27.3,-0.0898
2021-01-06,2611,志信,2021-01-07,2021-01-20,14,10,5,13.6,13.6,0.0
2021-01-08,3138,耀登,2021-01-11,2021-01-22,12,10,5,228.31,232.95,-0.0203
2021-01-08,4961,天鈺,2021-01-11,2021-01-22,12,10,20,198.18,184.49,0.0691
2021-01-11,3661,世芯-KY,2021-01-12,2021-01-25,14,10,5,776.59,806.8,-0.0389
2021-01-13,3138,耀登,2021-01-14,2021-01-27,14,10,20,258.93,263.57,-0.0179
2021-01-14,1533,車王電,2021-01-15,2021-01-28,14,10,5,54.14,57.72,-0.0661
2021-01-18,2354,鴻準,2021-01-19,2021-02-01,14,10,5,69.13,70.31,-0.0171
2021-01-28,4576,大銀微系統,2021-01-29,2021-02-22,25,10,5,121.26,121.26,0.0
2021-02-19,3138,耀登,2021-02-22,2021-03-08,15,10,20,418.56,438.05,-0.0466
2021-02-19,4961,天鈺,2021-02-22,2021-03-08,15,10,20,276.4,269.23,0.0259
2021-02-22,2009,第一銅,2021-02-23,2021-03-09,15,10,5,28.23,29.08,-0.0301
2021-02-23,8427,基勝-KY,2021-02-24,2021-03-10,15,10,5,57.1,54.9,0.0385
2021-02-24,2465,麗臺,2021-02-25,2021-03-11,15,10,5,22.22,23.02,-0.036
2021-02-25,2375,凱美,2021-02-26,2021-03-12,15,10,5,124.57,121.8,0.0222
2021-02-25,6541,泰福-KY,2021-02-26,2021-03-12,15,10,5,152.64,170.79,-0.1189
2021-03-02,2939,凱羿-KY,2021-03-03,2021-03-16,14,10,10,30.1,32.83,-0.0907
2021-03-02,4571,鈞興-KY,2021-03-03,2021-03-16,14,10,5,148.05,148.05,0.0
2021-03-03,6541,泰福-KY,2021-03-04,2021-03-17,14,10,20,183.75,184.32,-0.0031
2021-03-05,4571,鈞興-KY,2021-03-08,2021-03-19,12,10,20,162.99,153.93,0.0556
2021-03-16,6533,晶心科,2021-03-17,2021-03-30,14,10,5,479.23,473.81,0.0113
2021-03-17,3545,敦泰,2021-03-18,2021-03-31,14,10,5,122.35,113.38,0.0733
2021-03-22,2457,飛宏,2021-03-23,2021-04-07,16,10,5,25.76,25.27,0.019
2021-03-22,2491,吉祥全,2021-03-23,2021-04-07,16,10,5,20.92,20.92,0.0
2021-03-22,2609,陽明,2021-03-23,2021-04-07,16,10,5,20.29,20.31,-0.001
2021-03-22,3094,聯傑,2021-03-23,2021-04-07,16,10,5,39.06,36.87,0.0561
2021-03-22,4961,天鈺,2021-03-23,2021-04-07,16,10,20,387.88,370.28,0.0454
2021-03-23,2489,瑞軒,2021-03-24,2021-04-08,16,10,5,18.38,16.53,0.1007
2021-03-23,5608,四維航,2021-03-24,2021-04-08,16,10,5,15.48,13.93,0.1001
2021-03-23,6283,淳安,2021-03-24,2021-04-08,16,10,5,62.0,61.1,0.0145
2021-03-24,2399,映泰,2021-03-25,2021-04-09,16,10,5,23.2,24.34,-0.0491
2021-03-24,2415,錩新,2021-03-25,2021-04-09,16,10,5,36.19,36.4,-0.0058
2021-03-24,3383,新世紀,2021-03-25,2021-04-09,16,10,10,6.6,6.05,0.0833
2021-03-25,2491,吉祥全,2021-03-26,2021-04-12,18,10,20,22.34,23.31,-0.0434
2021-03-25,2929,淘帝-KY,2021-03-26,2021-04-12,18,10,10,7.98,7.95,0.0038
2021-03-26,3021,鴻名,2021-03-29,2021-04-13,16,10,5,22.31,21.82,0.022
2021-04-06,1592,英瑞-KY,2021-04-07,2021-04-20,14,10,10,2.24,2.16,0.0357
2021-04-06,2597,潤弘,2021-04-07,2021-04-20,14,10,5,75.33,79.4,-0.054
2021-04-07,1517,利奇,2021-04-08,2021-04-21,14,10,5,24.22,24.22,0.0
2021-04-08,1438,三地開發,2021-04-09,2021-04-22,14,10,5,34.53,33.76,0.0223
2021-04-08,2108,南帝,2021-04-09,2021-04-22,14,10,5,116.46,118.54,-0.0179
2021-04-08,2457,飛宏,2021-04-09,2021-04-22,14,10,20,39.71,40.78,-0.0269
2021-04-08,2465,麗臺,2021-04-09,2021-04-22,14,10,20,56.13,51.17,0.0884
2021-04-08,2609,陽明,2021-04-09,2021-04-22,14,10,20,26.07,26.18,-0.0042
2021-04-08,3149,正達,2021-04-09,2021-04-22,14,10,5,72.96,74.41,-0.0199
2021-04-09,2399,映泰,2021-04-12,2021-04-23,12,10,20,36.39,34.39,0.055
2021-04-12,1471,首利,2021-04-13,2021-04-26,14,10,5,12.2,12.2,0.0
2021-04-12,1517,利奇,2021-04-13,2021-04-26,14,10,20,26.88,24.93,0.0725
2021-04-12,2014,中鴻,2021-04-13,2021-04-26,14,10,5,23.86,25.62,-0.0738
2021-04-12,3046,建碁,2021-04-13,2021-04-26,14,10,5,25.52,25.62,-0.0039
2021-04-12,3058,立德,2021-04-13,2021-04-26,14,10,5,21.38,20.16,0.0571
2021-04-12,3308,聯德,2021-04-13,2021-04-26,14,10,5,20.3,19.44,0.0424
2021-04-12,6582,申豐,2021-04-13,2021-04-26,14,10,5,264.54,264.54,0.0
2021-04-12,6668,中揚光,2021-04-13,2021-04-26,14,10,5,97.94,86.43,0.1175
2021-04-13,1418,東華,2021-04-14,2021-04-27,14,10,10,12.35,12.35,0.0
2021-04-13,2108,南帝,2021-04-14,2021-04-27,14,10,20,138.58,124.81,0.0994
2021-04-13,3006,晶豪科,2021-04-14,2021-04-27,14,10,5,123.23,121.03,0.0179
2021-04-15,3661,世芯-KY,2021-04-16,2021-04-29,14,10,5,520.33,520.33,0.0
2021-04-16,3138,耀登,2021-04-19,2021-05-03,15,10,5,220.42,220.42,0.0
2021-04-20,3661,世芯-KY,2021-04-21,2021-05-05,15,10,20,484.28,488.17,-0.008
2021-04-21,1608,華榮,2021-04-22,2021-05-06,15,10,5,21.17,21.17,0.0
2021-04-21,1905,華紙,2021-04-22,2021-05-06,15,10,5,23.1,25.37,-0.0983
2021-04-21,2007,燁興,2021-04-22,2021-05-06,15,10,5,15.75,16.2,-0.0286
2021-04-21,2022,聚亨,2021-04-22,2021-05-06,15,10,5,18.21,20.06,-0.1016
2021-04-21,5608,四維航,2021-04-22,2021-05-06,15,10,20,25.24,26.44,-0.0475
2021-04-22,1616,億泰,2021-04-23,2021-05-07,15,10,5,11.05,11.05,0.0
2021-04-22,2017,官田鋼,2021-04-23,2021-05-07,15,10,5,19.95,20.19,-0.012
2021-04-23,2033,佳大,2021-04-26,2021-05-10,15,10,5,23.64,21.7,0.0821
2021-04-23,2605,新興,2021-04-26,2021-05-10,15,10,5,31.86,28.89,0.0932
2021-04-23,2637,慧洋-KY,2021-04-26,2021-05-10,15,10,5,47.52,48.69,-0.0246
2021-04-23,3661,世芯-KY,2021-04-26,2021-05-10,15,10,20,430.2,399.5,0.0714
2021-04-23,8261,富鼎,2021-04-26,2021-05-10,15,10,5,73.35,77.38,-0.0549
2021-04-26,2543,皇昌,2021-04-27,2021-05-11,15,10,5,8.62,7.73,0.1032
2021-04-26,2601,益航,2021-04-27,2021-05-11,15,10,5,15.1,16.55,-0.096
2021-04-26,3060,銘異,2021-04-27,2021-05-11,15,10,5,27.36,27.36,0.0
2021-04-26,3536,誠創,2021-04-27,2021-05-11,15,10,45,7.95,8.05,-0.0126
2021-04-27,1616,億泰,2021-04-28,2021-05-12,15,10,20,11.4,11.65,-0.0219
2021-04-28,3057,喬鼎,2021-04-29,2021-05-13,15,10,5,17.75,19.1,-0.0761
2021-04-29,3060,銘異,2021-05-03,2021-05-14,12,10,20,33.55,31.45,0.0626
2021-04-29,3536,誠創,2021-05-03,2021-05-14,12,10,60,10.7,10.7,0.0
2021-04-29,6116,彩晶,2021-05-03,2021-05-14,12,10,5,26.54,26.14,0.0151
2021-05-03,2495,普安,2021-05-04,2021-05-17,14,10,5,23.26,23.4,-0.006
2021-05-05,1441,大東,2021-05-06,2021-05-19,14,10,5,27.52,26.98,0.0196
2021-05-12,2929,淘帝-KY,2021-05-13,2021-05-26,14,10,20,15.15,14.9,0.0165
2021-05-18,1475,業旺,2021-05-19,2021-06-01,14,10,5,29.61,31.59,-0.0669
2021-05-18,1732,毛寶,2021-05-19,2021-06-01,14,10,5,48.51,48.51,0.0
2021-05-18,2617,台航,2021-05-19,2021-06-01,14,10,5,26.04,27.9,-0.0714
2021-05-20,1760,寶齡富錦,2021-05-21,2021-06-03,14,10,5,105.22,106.64,-0.0135
2021-05-28,1435,中福,2021-05-31,2021-06-11,12,10,5,22.7,21.25,0.0639
2021-05-28,2491,吉祥全,2021-05-31,2021-06-11,12,10,5,29.11,30.24,-0.0388
2021-05-28,2615,萬海,2021-05-31,2021-06-11,12,10,5,95.35,100.22,-0.0511
2021-05-28,2642,宅配通,2021-05-31,2021-06-11,12,10,5,68.54,71.29,-0.0401
2021-05-28,4746,台耀,2021-05-31,2021-06-11,12,10,5,97.61,93.15,0.0457
2021-06-01,2014,中鴻,2021-06-02,2021-06-16,15,10,5,47.18,47.1,0.0017
2021-06-02,2636,台驊投控,2021-06-03,2021-06-17,15,10,5,87.77,87.77,0.0
2021-06-02,2642,宅配通,2021-06-03,2021-06-17,15,10,20,74.77,81.28,-0.0871
2021-06-03,1455,集盛,2021-06-04,2021-06-18,15,10,5,23.76,25.66,-0.08
2021-06-03,2465,麗臺,2021-06-04,2021-06-18,15,10,5,56.21,63.3,-0.1261
2021-06-04,2028,威致,2021-06-07,2021-06-21,15,10,5,37.6,38.9,-0.0346
2021-06-04,2038,海光,2021-06-07,2021-06-21,15,10,5,41.11,41.19,-0.0019
2021-06-08,3530,晶相光,2021-06-09,2021-06-23,15,10,5,160.16,154.02,0.0383
2021-06-16,2614,東森,2021-06-17,2021-06-30,14,10,5,47.02,48.91,-0.0402
2021-06-17,2603,長榮,2021-06-18,2021-07-01,14,10,5,155.95,159.45,-0.0224
2021-06-17,5608,四維航,2021-06-18,2021-07-01,14,10,5,39.53,41.92,-0.0605
2021-06-21,2609,陽明,2021-06-22,2021-07-05,14,10,5,85.0,89.82,-0.0567
2021-06-21,2614,東森,2021-06-22,2021-07-05,14,10,20,56.02,59.29,-0.0584
2021-06-21,6756,威鋒電子,2021-06-22,2021-07-05,14,10,5,335.97,334.1,0.0056
2021-06-22,5608,四維航,2021-06-23,2021-07-06,14,10,20,55.65,54.7,0.0171
2021-06-23,1905,華紙,2021-06-24,2021-07-07,14,10,5,28.21,27.68,0.0188
2021-06-23,8429,金麗-KY,2021-06-24,2021-07-07,14,10,5,16.65,16.7,-0.003
2021-06-24,1455,集盛,2021-06-25,2021-07-08,14,10,20,22.31,22.26,0.0022
2021-06-24,6756,威鋒電子,2021-06-25,2021-07-08,14,10,20,369.56,365.83,0.0101
2021-06-25,2605,新興,2021-06-28,2021-07-09,12,10,5,42.04,42.04,0.0
2021-06-28,2601,益航,2021-06-29,2021-07-12,14,10,5,23.0,25.2,-0.0957
2021-06-28,2613,中櫃,2021-06-29,2021-07-12,14,10,5,42.59,45.86,-0.0768
2021-06-29,2612,中航,2021-06-30,2021-07-13,14,10,5,71.68,71.17,0.0071
2021-06-30,2022,聚亨,2021-07-01,2021-07-14,14,10,5,36.98,37.91,-0.0251
2021-06-30,2607,榮運,2021-07-01,2021-07-14,14,10,5,42.03,46.33,-0.1023
2021-06-30,2611,志信,2021-07-01,2021-07-14,14,10,5,34.21,36.73,-0.0737
2021-07-01,2007,燁興,2021-07-02,2021-07-15,14,10,5,22.85,22.85,0.0
2021-07-01,2030,彰源,2021-07-02,2021-07-15,14,10,5,33.01,31.74,0.0385
2021-07-01,2033,佳大,2021-07-02,2021-07-15,14,10,5,28.85,25.93,0.1012
2021-07-02,2024,志聯,2021-07-05,2021-07-16,12,10,5,28.43,30.17,-0.0612
2021-07-02,2025,千興,2021-07-05,2021-07-16,12,10,45,6.25,6.25,0.0
2021-07-05,2023,燁輝,2021-07-06,2021-07-19,14,10,5,35.17,34.4,0.0219
2021-07-05,2032,新鋼,2021-07-06,2021-07-19,14,10,5,36.39,36.07,0.0088
2021-07-05,2069,運錩,2021-07-06,2021-07-19,14,10,5,38.01,35.24,0.0729
2021-07-06,2603,長榮,2021-07-07,2021-07-20,14,10,20,255.25,261.67,-0.0252
2021-07-07,2025,千興,2021-07-08,2021-07-21,14,10,60,8.3,8.3,0.0
2021-07-09,2486,一詮,2021-07-12,2021-07-23,12,10,5,46.97,48.47,-0.0319
2021-07-09,6573,虹揚-KY,2021-07-12,2021-07-23,12,10,5,28.1,30.05,-0.0694
2021-07-13,2614,東森,2021-07-14,2021-07-27,14,10,20,114.11,118.92,-0.0422
2021-07-14,3035,智原,2021-07-15,2021-07-28,14,10,5,105.88,106.82,-0.0089
2021-07-26,6226,光鼎,2021-07-27,2021-08-09,14,10,5,17.14,16.9,0.014
2021-07-28,2609,陽明,2021-07-29,2021-08-11,14,10,20,69.7,66.87,0.0406
2021-08-03,1783,和康生,2021-08-04,2021-08-17,14,10,5,49.19,52.92,-0.0758
2021-08-09,1734,杏輝,2021-08-10,2021-08-23,14,10,5,41.69,40.74,0.0228
2021-08-27,2013,中鋼構,2021-08-30,2021-09-10,12,10,5,67.4,65.97,0.0212
2021-09-07,3701,大眾控,2021-09-08,2021-09-23,16,10,5,24.26,25.44,-0.0486
2021-09-16,1727,中華化,2021-09-17,2021-10-04,18,10,5,34.83,34.04,0.0227
2021-10-01,4141,龍燈-KY,2021-10-04,2021-10-20,17,12,5,20.65,21.9,-0.0605
2021-10-15,1721,三晃,2021-10-18,2021-10-29,12,10,5,14.75,16.44,-0.1146
2021-10-18,2243,宏旭-KY,2021-10-19,2021-11-01,14,10,5,22.62,22.71,-0.004
2021-10-20,1721,三晃,2021-10-21,2021-11-03,14,10,20,17.23,17.23,0.0
2021-10-25,2498,宏達電,2021-10-26,2021-11-10,16,12,5,52.0,53.0,-0.0192
2021-10-28,2498,宏達電,2021-10-29,2021-11-11,14,10,20,59.7,59.7,0.0
2021-10-28,4968,立積,2021-10-29,2021-11-11,14,10,5,300.44,310.63,-0.0339
2021-10-29,6172,互億,2021-11-01,2021-11-12,12,10,5,23.15,23.15,0.0
2021-11-04,1611,中電,2021-11-05,2021-11-18,14,10,5,13.31,13.4,-0.0068
2021-11-11,1721,三晃,2021-11-12,2021-11-29,18,12,20,25.53,26.22,-0.027
2021-11-16,3419,譁裕,2021-11-17,2021-11-30,14,10,5,25.42,25.13,0.0114
2021-11-18,8427,基勝-KY,2021-11-19,2021-12-02,14,10,5,74.9,74.4,0.0067
2021-11-19,1236,宏亞,2021-11-22,2021-12-03,12,10,5,25.43,25.43,0.0
2021-11-22,4943,康控-KY,2021-11-23,2021-12-06,14,10,5,54.63,54.63,0.0
2021-11-23,3016,嘉晶,2021-11-24,2021-12-09,16,12,5,137.64,129.06,0.0623
2021-11-24,3046,建碁,2021-11-25,2021-12-08,14,10,5,36.03,35.74,0.008
2021-11-30,2497,怡利電,2021-12-01,2021-12-16,16,12,5,64.73,65.32,-0.0091
2021-12-08,6235,華孚,2021-12-09,2021-12-22,14,10,5,26.94,27.21,-0.01
2021-12-14,3051,力特,2021-12-15,2021-12-28,14,10,5,35.41,35.14,0.0076
2021-12-15,1236,宏亞,2021-12-16,2021-12-29,14,10,20,31.94,34.28,-0.0733
2021-12-15,2405,浩鑫,2021-12-16,2021-12-29,14,10,5,18.75,18.85,-0.0053
2021-12-17,2406,國碩,2021-12-20,2022-01-05,17,12,5,34.18,34.52,-0.0099
2021-12-20,3308,聯德,2021-12-21,2022-01-04,15,10,5,18.74,17.56,0.063
2021-12-24,2939,凱羿-KY,2021-12-27,2022-01-10,15,10,5,38.5,37.9,0.0156
2021-12-28,3383,新世紀,2021-12-29,2022-01-12,15,10,45,6.94,6.94,0.0
2021-12-30,4755,三福化,2022-01-03,2022-01-18,16,12,5,166.93,161.83,0.0306
2022-01-03,3383,新世紀,2022-01-04,2022-01-17,14,10,60,9.22,9.22,0.0
2022-01-05,2323,中環,2022-01-06,2022-01-19,14,10,5,12.28,12.91,-0.0513
2022-01-05,2359,所羅門,2022-01-06,2022-01-19,14,10,5,24.73,24.5,0.0093
2022-01-06,3383,新世紀,2022-01-07,2022-01-20,14,10,60,12.2,9.99,0.1811
2022-01-10,2443,昶虹,2022-01-11,2022-01-24,14,10,45,4.96,4.44,0.1048
2022-01-14,6225,天瀚,2022-01-17,2022-02-08,23,10,45,21.44,21.09,0.0163
2022-01-17,3383,新世紀,2022-01-18,2022-02-09,23,10,60,5.85,6.34,-0.0838
2022-02-07,1529,樂士,2022-02-08,2022-02-23,16,12,5,24.23,25.87,-0.0677
2022-02-07,8454,富邦媒,2022-02-08,2022-02-21,14,10,5,830.99,809.12,0.0263
2022-02-11,2497,怡利電,2022-02-14,2022-03-02,17,12,5,93.45,98.37,-0.0526
2022-02-24,9955,佳龍,2022-02-25,2022-03-15,19,12,5,28.3,29.05,-0.0265
2022-02-25,1435,中福,2022-03-01,2022-03-14,14,10,5,49.6,48.2,0.0282
2022-03-02,2497,怡利電,2022-03-03,2022-03-16,14,10,20,111.65,114.11,-0.022
2022-03-03,1435,中福,2022-03-04,2022-03-17,14,10,20,64.1,63.6,0.0078
2022-03-07,2936,客思達-KY,2022-03-08,2022-03-21,14,10,5,38.65,38.65,0.0
2022-03-08,2024,志聯,2022-03-09,2022-03-22,14,10,5,29.53,24.57,0.168
2022-03-23,1432,大魯閣,2022-03-24,2022-04-08,16,10,5,19.55,19.55,0.0
2022-03-28,3011,今皓,2022-03-29,2022-04-13,16,10,5,16.85,18.2,-0.0801
2022-04-11,1453,大將,2022-04-12,2022-04-25,14,10,5,13.67,14.09,-0.0307
2022-04-12,4133,亞諾法,2022-04-13,2022-04-28,16,12,5,73.0,70.63,0.0325
2022-04-15,4133,亞諾法,2022-04-18,2022-05-04,17,12,20,72.81,76.59,-0.0519
2022-04-15,4148,全宇生技-KY,2022-04-18,2022-05-04,17,12,5,88.5,81.52,0.0789
2022-04-18,6598,ABC-KY,2022-04-19,2022-05-03,15,10,5,57.2,56.8,0.007
2022-04-20,1760,寶齡富錦,2022-04-21,2022-05-09,19,12,5,155.42,157.36,-0.0125
2022-04-22,4106,雃博,2022-04-25,2022-05-09,15,10,5,41.12,38.74,0.0579
2022-04-29,1453,大將,2022-05-03,2022-05-16,14,10,20,23.66,21.91,0.074
2022-05-18,2482,連宇,2022-05-19,2022-06-01,14,10,5,17.91,17.95,-0.0022
2022-05-19,3535,晶彩科,2022-05-20,2022-06-07,19,12,5,26.36,28.5,-0.0812
2022-05-23,1453,大將,2022-05-24,2022-06-09,17,12,20,28.18,28.84,-0.0234
2022-05-23,2482,連宇,2022-05-24,2022-06-07,15,10,20,20.25,19.62,0.0311
2022-05-23,2929,淘帝-KY,2022-05-24,2022-06-07,15,10,5,13.45,13.4,0.0037
2022-05-24,1524,耿鼎,2022-05-25,2022-06-10,17,12,5,18.57,18.53,0.0022
2022-05-26,1568,倉佑,2022-05-27,2022-06-10,15,10,5,24.46,24.15,0.0127
2022-05-30,1539,巨庭,2022-05-31,2022-06-16,17,12,5,29.41,29.14,0.0092
2022-06-06,2364,倫飛,2022-06-07,2022-06-20,14,10,5,29.44,28.72,0.0245
2022-06-06,5258,虹堡,2022-06-07,2022-06-22,16,12,5,57.75,52.71,0.0873
2022-06-14,3494,誠研,2022-06-15,2022-06-28,14,10,5,8.4,8.13,0.0321
2022-06-22,8467,波力-KY,2022-06-23,2022-07-06,14,10,5,55.43,55.61,-0.0032
2022-06-23,8222,寶一,2022-06-24,2022-07-11,18,12,5,21.5,20.45,0.0488
2022-07-08,6225,天瀚,2022-07-11,2022-07-22,12,10,45,13.15,13.15,0.0
2022-07-13,6796,晉弘,2022-07-14,2022-07-27,14,10,5,82.51,84.07,-0.0189
2022-07-21,6133,金橋,2022-07-22,2022-08-08,18,12,5,16.33,17.74,-0.0863
2022-07-22,2305,全友,2022-07-25,2022-08-09,16,12,5,21.05,22.65,-0.076
2022-07-26,6225,天瀚,2022-07-27,2022-08-09,14,10,60,21.41,17.61,0.1775
2022-07-27,2305,全友,2022-07-28,2022-08-10,14,10,20,24.05,23.45,0.0249
2022-07-27,2388,威盛,2022-07-28,2022-08-12,16,12,5,72.17,72.87,-0.0097
2022-07-28,2380,虹光,2022-07-29,2022-08-11,14,10,5,12.8,12.56,0.0188
2022-08-05,9912,偉聯,2022-08-08,2022-08-19,12,10,5,12.9,13.85,-0.0736
2022-08-10,3432,台端,2022-08-11,2022-08-24,14,10,5,42.89,41.78,0.0259
2022-08-18,2364,倫飛,2022-08-19,2022-09-01,14,10,5,81.33,89.26,-0.0975
2022-08-19,1449,佳和,2022-08-22,2022-09-02,12,10,5,19.46,18.76,0.036
2022-08-22,1539,巨庭,2022-08-23,2022-09-05,14,10,5,42.14,41.74,0.0095
2022-08-22,2468,華經,2022-08-23,2022-09-05,14,10,5,22.45,20.67,0.0793
2022-08-23,8478,東哥遊艇,2022-08-24,2022-09-08,16,12,5,289.01,317.02,-0.0969
2022-08-25,3043,科風,2022-08-26,2022-09-08,14,10,45,40.55,38.5,0.0506
2022-08-25,9928,中視,2022-08-26,2022-09-08,14,10,5,31.1,31.1,0.0
2022-08-26,4770,上品,2022-08-29,2022-09-12,15,10,5,345.1,353.98,-0.0257
2022-08-30,3043,科風,2022-08-31,2022-09-14,15,10,60,43.0,42.45,0.0128
2022-09-01,6666,羅麗芬-KY,2022-09-02,2022-09-16,15,10,5,77.57,74.81,0.0356
2022-09-02,3383,新世紀,2022-09-05,2022-09-19,15,10,45,1.43,1.73,-0.2098
2022-09-12,2364,倫飛,2022-09-13,2022-09-26,14,10,20,60.62,57.05,0.0589
2022-10-03,6550,北極星藥業-KY,2022-10-04,2022-10-20,17,12,5,126.0,119.5,0.0516
2022-10-05,2364,倫飛,2022-10-06,2022-10-24,19,12,20,93.6,92.0,0.0171
2022-10-11,2540,愛山林,2022-10-12,2022-10-25,14,10,5,69.84,70.2,-0.0052
2022-10-14,3686,達能,2022-10-17,2022-10-28,12,10,5,11.55,11.6,-0.0043
2022-11-04,9928,中視,2022-11-07,2022-11-18,12,10,5,19.85,19.75,0.005
2022-11-08,8033,雷虎,2022-11-09,2022-11-22,14,10,5,35.08,33.33,0.0499
2022-11-23,4943,康控-KY,2022-11-24,2022-12-07,14,10,45,11.11,11.11,0.0
2022-11-28,1795,美時,2022-11-29,2022-12-14,16,12,5,232.76,243.63,-0.0467
2022-11-28,1810,和成,2022-11-29,2022-12-14,16,12,5,18.62,21.39,-0.1488
2022-11-30,8222,寶一,2022-12-01,2022-12-16,16,12,5,35.7,31.9,0.1064
2022-12-08,1342,八貫,2022-12-09,2022-12-26,18,12,5,120.51,125.16,-0.0386
2022-12-16,1701,中化,2022-12-19,2022-12-30,12,10,5,27.98,30.11,-0.0761
2022-12-26,4943,康控-KY,2022-12-27,2023-01-10,15,10,60,18.66,19.83,-0.0627
2022-12-29,4943,康控-KY,2022-12-30,2023-01-13,15,10,60,22.18,22.9,-0.0325
2023-01-04,4943,康控-KY,2023-01-05,2023-01-30,26,10,60,30.29,30.29,0.0
2023-02-06,2482,連宇,2023-02-07,2023-02-22,16,12,5,37.13,37.56,-0.0116
2023-02-15,2453,凌群,2023-02-16,2023-03-07,20,12,5,38.11,39.27,-0.0304
2023-02-22,8940,新天地,2023-02-23,2023-03-10,16,10,5,23.0,25.9,-0.1261
2023-02-23,3058,立德,2023-02-24,2023-03-13,18,10,5,13.21,14.35,-0.0863
2023-02-24,2739,寒舍,2023-03-01,2023-03-14,14,10,5,53.9,54.0,-0.0019
2023-03-02,8996,高力,2023-03-03,2023-03-20,18,12,5,241.1,236.68,0.0183
2023-03-03,2739,寒舍,2023-03-06,2023-03-17,12,10,20,65.0,62.5,0.0385
2023-03-06,8033,雷虎,2023-03-07,2023-03-20,14,10,5,57.0,61.5,-0.0789
2023-03-10,2429,銘旺科,2023-03-13,2023-03-24,12,10,5,16.95,16.55,0.0236
2023-03-24,1435,中福,2023-03-27,2023-04-12,17,10,5,32.6,32.25,0.0107
2023-03-27,4763,材料-KY,2023-03-28,2023-04-13,17,10,5,262.89,273.93,-0.042
2023-03-27,8033,雷虎,2023-03-28,2023-04-13,17,10,20,61.4,64.9,-0.057
2023-03-27,8478,東哥遊艇,2023-03-28,2023-04-17,21,12,5,475.78,519.04,-0.0909
2023-03-27,8996,高力,2023-03-28,2023-04-13,17,10,20,210.65,219.0,-0.0396
2023-04-07,2482,連宇,2023-04-10,2023-04-21,12,10,5,63.6,63.7,-0.0016
2023-04-12,4763,材料-KY,2023-04-13,2023-04-26,14,10,20,368.22,370.77,-0.0069
2023-04-13,2358,廷鑫,2023-04-14,2023-04-27,14,10,10,8.4,10.15,-0.2083
2023-04-14,3308,聯德,2023-04-17,2023-04-28,12,10,5,33.4,33.46,-0.0018
2023-04-14,3494,誠研,2023-04-17,2023-04-28,12,10,10,7.19,7.35,-0.0223
2023-04-19,1529,樂事綠能,2023-04-20,2023-05-04,15,10,5,40.28,40.56,-0.007
2023-04-19,2630,亞航,2023-04-20,2023-05-04,15,10,5,24.25,24.07,0.0074
2023-04-19,3308,聯德,2023-04-20,2023-05-04,15,10,20,35.3,36.81,-0.0428
2023-04-20,1810,和成,2023-04-21,2023-05-05,15,10,5,28.13,26.84,0.0459
2023-04-20,8033,雷虎,2023-04-21,2023-05-05,15,10,20,76.6,74.6,0.0261
2023-04-21,3058,立德,2023-04-24,2023-05-08,15,10,5,24.23,21.66,0.1061
2023-04-24,6235,華孚,2023-04-25,2023-05-09,15,10,5,91.49,92.08,-0.0064
2023-04-28,1727,中華化,2023-05-02,2023-05-15,14,10,5,41.8,40.8,0.0239
2023-05-08,2424,隴華,2023-05-09,2023-05-22,14,10,5,34.7,34.05,0.0187
2023-05-12,8033,雷虎,2023-05-15,2023-05-26,12,10,20,68.9,68.3,0.0087
2023-05-22,2427,三商電,2023-05-23,2023-06-05,14,10,5,23.3,23.94,-0.0275
2023-06-07,8996,高力,2023-06-08,2023-06-21,14,10,5,264.82,277.17,-0.0466
2023-06-12,2432,倚天酷碁-創,2023-06-13,2023-06-28,16,10,5,58.44,58.44,0.0
2023-06-12,6625,必應,2023-06-13,2023-06-30,18,12,5,114.48,112.29,0.0191
2023-06-19,6235,華孚,2023-06-20,2023-07-07,18,12,5,165.27,161.34,0.0238
2023-06-20,2468,華經,2023-06-21,2023-07-06,16,10,5,42.06,41.62,0.0105
2023-06-26,2722,夏都,2023-06-27,2023-07-12,16,12,5,114.43,105.05,0.082
2023-06-26,6120,達運,2023-06-27,2023-07-10,14,10,5,15.48,15.13,0.0226
2023-06-28,1471,首利,2023-06-29,2023-07-12,14,10,5,14.0,13.85,0.0107
2023-06-28,2059,川湖,2023-06-29,2023-07-12,14,10,5,652.04,619.78,0.0495
2023-06-29,1519,華城,2023-06-30,2023-07-13,14,10,5,150.21,151.69,-0.0099
2023-07-03,2059,川湖,2023-07-04,2023-07-17,14,10,20,657.91,693.1,-0.0535
2023-07-04,8996,高力,2023-07-05,2023-07-18,14,10,20,374.99,367.58,0.0198
2023-07-05,6451,訊芯-KY,2023-07-06,2023-07-19,14,10,5,120.68,125.13,-0.0369
2023-07-06,3013,晟銘電,2023-07-07,2023-07-20,14,10,5,41.84,43.92,-0.0497
2023-07-07,6117,迎廣,2023-07-10,2023-07-21,12,10,5,25.3,26.4,-0.0435
2023-07-10,3018,隆銘綠能,2023-07-11,2023-07-24,14,10,45,28.4,24.0,0.1549
2023-07-13,3231,緯創,2023-07-14,2023-07-27,14,10,5,130.0,132.0,-0.0154
2023-07-17,1519,華城,2023-07-18,2023-07-31,14,10,20,202.58,214.94,-0.061
2023-07-17,2388,威盛,2023-07-18,2023-07-31,14,10,5,125.5,130.0,-0.0359
2023-07-19,2356,英業達,2023-07-20,2023-08-02,14,10,5,69.0,63.6,0.0783
2023-07-19,3706,神達,2023-07-20,2023-08-02,14,10,5,51.2,49.93,0.0248
2023-07-20,6442,光聖,2023-07-21,2023-08-03,14,10,5,77.53,72.72,0.062
2023-07-20,6579,研揚,2023-07-21,2023-08-03,14,10,5,187.0,190.0,-0.016
2023-07-21,2316,楠梓電,2023-07-24,2023-08-04,12,10,5,39.9,42.8,-0.0727
2023-07-24,3035,智原,2023-07-25,2023-08-09,16,12,5,386.88,374.96,0.0308
2023-07-24,8210,勤誠,2023-07-25,2023-08-07,14,10,5,235.5,248.0,-0.0531
2023-07-25,8996,高力,2023-07-26,2023-08-08,14,10,20,421.93,392.78,0.0691
2023-07-27,2421,建準,2023-07-28,2023-08-10,14,10,5,146.5,145.0,0.0102
2023-07-31,2329,華泰,2023-08-01,2023-08-14,14,10,5,50.8,44.95,0.1152
2023-08-18,3043,科風,2023-08-21,2023-09-01,12,10,5,52.0,54.0,-0.0385
2023-08-24,6117,迎廣,2023-08-25,2023-09-11,18,12,5,37.8,36.9,0.0238
2023-09-07,2816,旺旺保,2023-09-08,2023-09-21,14,10,5,35.1,35.0,0.0028
2023-09-08,2358,廷鑫,2023-09-11,2023-09-22,12,10,5,12.95,14.2,-0.0965
2023-10-04,6117,迎廣,2023-10-05,2023-10-24,20,12,20,47.0,47.6,-0.0128
2023-10-06,2417,圓剛,2023-10-11,2023-10-26,16,12,5,34.35,34.25,0.0029
2023-10-17,2363,矽統,2023-10-18,2023-11-02,16,12,5,49.95,54.1,-0.0831
2023-10-18,2364,倫飛,2023-10-19,2023-11-01,14,10,5,155.5,143.5,0.0772
2023-10-25,3041,揚智,2023-10-26,2023-11-08,14,10,5,25.2,27.35,-0.0853
2023-11-02,3715,定穎投控,2023-11-03,2023-11-16,14,10,5,86.2,87.0,-0.0093
2023-11-08,1449,佳和,2023-11-09,2023-11-22,14,10,5,19.6,20.05,-0.023
2023-11-17,1515,力山,2023-11-20,2023-12-05,16,12,5,58.4,59.9,-0.0257
2023-11-20,2543,皇昌,2023-11-21,2023-12-04,14,10,5,29.87,28.12,0.0586
2023-11-22,8467,波力-KY,2023-11-23,2023-12-06,14,10,5,130.5,138.5,-0.0613
2023-11-23,2380,虹光,2023-11-24,2023-12-07,14,10,10,6.49,6.51,-0.0031
2023-11-28,3437,榮創,2023-11-29,2023-12-12,14,10,5,28.25,29.0,-0.0265
2023-12-01,1325,恆大,2023-12-04,2023-12-15,12,10,5,36.8,39.05,-0.0611
2023-12-04,9919,康那香,2023-12-05,2023-12-20,16,12,5,32.2,32.8,-0.0186
2023-12-07,6117,迎廣,2023-12-08,2023-12-21,14,10,5,76.9,77.3,-0.0052
2024-01-11,8467,波力-KY,2024-01-12,2024-01-29,18,12,5,175.0,172.0,0.0171
2024-02-02,1418,東華,2024-02-05,2024-02-27,23,10,5,30.25,30.1,0.005
2024-02-16,2465,麗臺,2024-02-19,2024-03-04,15,10,5,113.5,113.5,0.0
2024-02-16,6805,富世達,2024-02-19,2024-03-04,15,10,5,733.0,722.0,0.015
2024-02-19,2365,昆盈,2024-02-20,2024-03-07,17,12,5,25.0,24.45,0.022
2024-02-21,2465,麗臺,2024-02-22,2024-03-07,15,10,20,121.0,120.0,0.0083
2024-02-22,3321,同泰,2024-02-23,2024-03-08,15,10,5,19.5,20.3,-0.041
2024-02-22,5284,jpp-KY,2024-02-23,2024-03-08,15,10,5,178.0,189.0,-0.0618
2024-02-23,1519,華城,2024-02-26,2024-03-11,15,10,5,528.0,560.0,-0.0606
2024-02-23,1809,中釉,2024-02-26,2024-03-11,15,10,5,26.4,28.25,-0.0701
2024-02-23,6442,光聖,2024-02-26,2024-03-13,17,12,5,158.5,145.5,0.082
2024-02-26,4588,玖鼎電力,2024-02-27,2024-03-12,15,10,5,99.0,108.0,-0.0909
2024-02-29,1809,中釉,2024-03-01,2024-03-14,14,10,20,31.65,30.75,0.0284
2024-03-05,1725,元禎,2024-03-06,2024-03-19,14,10,5,36.35,38.0,-0.0454
2024-03-07,3376,新日興,2024-03-08,2024-03-25,18,12,5,220.5,220.0,0.0023
2024-03-08,3013,晟銘電,2024-03-11,2024-03-26,16,12,5,65.1,61.9,0.0492
2024-03-08,4943,康控-KY,2024-03-11,2024-03-22,12,10,45,26.3,26.3,0.0
2024-03-11,2417,圓剛,2024-03-12,2024-03-25,14,10,5,52.4,51.5,0.0172
2024-03-12,2404,漢唐,2024-03-13,2024-03-26,14,10,5,372.0,398.0,-0.0699
2024-03-14,4994,傳奇,2024-03-15,2024-03-28,14,10,5,120.5,124.0,-0.029
2024-03-18,1519,華城,2024-03-19,2024-04-03,16,12,20,662.0,694.0,-0.0483
2024-03-19,6230,尼得科超眾,2024-03-20,2024-04-02,14,10,5,221.5,206.5,0.0677
2024-03-22,1503,士電,2024-03-25,2024-04-09,16,10,5,275.5,274.0,0.0054
2024-03-25,6753,龍德造船,2024-03-26,2024-04-10,16,10,5,109.5,120.0,-0.0959
2024-03-26,2359,所羅門,2024-03-27,2024-04-11,16,10,5,69.9,69.7,0.0029
2024-03-28,1616,億泰,2024-03-29,2024-04-15,18,10,5,23.15,21.9,0.054
2024-04-02,6197,佳必琪,2024-04-03,2024-04-18,16,10,5,151.5,155.5,-0.0264
2024-04-08,2359,所羅門,2024-04-09,2024-04-22,14,10,20,98.0,105.5,-0.0765
2024-04-08,6139,亞翔,2024-04-09,2024-04-24,16,12,5,288.0,290.5,-0.0087
2024-04-09,1587,吉茂,2024-04-10,2024-04-23,14,10,5,43.88,38.96,0.1121
2024-04-12,2363,矽統,2024-04-15,2024-04-26,12,10,5,59.9,61.4,-0.025
2024-04-12,6949,沛爾生醫-創,2024-04-15,2024-04-26,12,10,5,130.0,125.0,0.0385
2024-04-15,1453,大將,2024-04-16,2024-04-29,14,10,5,23.9,24.8,-0.0377
2024-04-15,1514,亞力,2024-04-16,2024-05-02,17,12,5,179.5,175.0,0.0251
2024-04-16,3060,銘異,2024-04-17,2024-04-30,14,10,5,29.5,27.9,0.0542
2024-04-18,6283,淳安,2024-04-19,2024-05-03,15,10,5,34.2,33.5,0.0205
2024-04-19,4588,玖鼎電力,2024-04-22,2024-05-06,15,10,5,140.0,137.0,0.0214
2024-04-19,9955,佳龍,2024-04-22,2024-05-06,15,10,5,38.5,38.5,0.0
2024-04-22,1617,榮星,2024-04-23,2024-05-07,15,10,5,30.6,27.0,0.1176
2024-05-02,6230,尼得科超眾,2024-05-03,2024-05-16,14,10,20,318.0,334.0,-0.0503
2024-05-02,6552,易華電,2024-05-03,2024-05-20,18,12,5,49.5,49.5,0.0
2024-05-07,8996,高力,2024-05-08,2024-05-23,16,12,5,415.0,409.0,0.0145
2024-05-08,6442,光聖,2024-05-09,2024-05-24,16,12,5,170.5,168.5,0.0117
2024-05-13,4562,穎漢,2024-05-14,2024-05-27,14,10,5,29.65,29.45,0.0067
2024-05-15,2615,萬海,2024-05-16,2024-05-31,16,12,5,69.0,70.5,-0.0217
2024-05-16,2609,陽明,2024-05-17,2024-05-30,14,10,5,72.0,74.1,-0.0292
2024-05-16,6863,永道-KY,2024-05-17,2024-05-30,14,10,5,217.5,217.0,0.0023
2024-05-20,2362,藍天,2024-05-21,2024-06-03,14,10,5,61.0,60.4,0.0098
2024-05-21,6442,光聖,2024-05-22,2024-06-04,14,10,20,178.5,181.0,-0.014
2024-05-21,6446,藥華藥,2024-05-22,2024-06-04,14,10,5,432.0,430.0,0.0046
2024-05-22,2374,佳能,2024-05-23,2024-06-07,16,12,5,62.1,61.7,0.0064
2024-05-23,8033,雷虎,2024-05-24,2024-06-06,14,10,5,75.7,79.7,-0.0528
2024-05-24,2359,所羅門,2024-05-27,2024-06-12,17,12,5,166.0,171.5,-0.0331
2024-05-27,2392,正崴,2024-05-28,2024-06-11,15,10,5,73.3,73.9,-0.0082
2024-05-28,2365,昆盈,2024-05-29,2024-06-12,15,10,5,36.1,36.1,0.0
2024-05-29,8374,羅昇,2024-05-30,2024-06-13,15,10,5,54.4,54.4,0.0
2024-05-30,8996,高力,2024-05-31,2024-06-14,15,10,20,492.0,501.0,-0.0183
2024-06-03,3312,弘憶股,2024-06-04,2024-06-20,17,12,5,71.4,74.1,-0.0378
2024-06-03,6695,芯鼎,2024-06-04,2024-06-18,15,10,5,74.0,73.1,0.0122
2024-06-03,8374,羅昇,2024-06-04,2024-06-18,15,10,20,72.2,72.2,0.0
2024-06-04,6117,迎廣,2024-06-05,2024-06-19,15,10,5,162.5,157.5,0.0308
2024-06-11,5484,慧友,2024-06-12,2024-06-25,14,10,5,45.5,45.5,0.0
2024-06-11,6442,光聖,2024-06-12,2024-06-27,16,12,20,262.0,255.0,0.0267
2024-06-12,3229,晟鈦,2024-06-13,2024-06-26,14,10,5,25.6,25.7,-0.0039
2024-06-14,5484,慧友,2024-06-17,2024-06-28,12,10,20,60.5,60.5,0.0
2024-06-18,1519,華城,2024-06-19,2024-07-04,16,12,5,912.0,945.0,-0.0362
2024-06-19,2486,一詮,2024-06-20,2024-07-03,14,10,5,121.0,118.5,0.0207
2024-06-20,6451,訊芯-KY,2024-06-21,2024-07-04,14,10,5,243.0,270.0,-0.1111
2024-06-21,2438,翔耀,2024-06-24,2024-07-05,12,10,5,47.65,51.4,-0.0787
2024-06-24,6598,ABC-KY,2024-06-25,2024-07-08,14,10,5,33.4,30.8,0.0778
2024-06-26,2438,翔耀,2024-06-27,2024-07-10,14,10,20,58.2,57.1,0.0189
2024-06-26,4526,東台,2024-06-27,2024-07-12,16,12,5,32.35,33.0,-0.0201
2024-06-26,6431,光麗-KY,2024-06-27,2024-07-10,14,10,5,17.7,16.85,0.048
2024-06-27,6869,雲豹能源,2024-06-28,2024-07-11,14,10,5,221.5,215.0,0.0293
2024-06-28,3652,精聯,2024-07-01,2024-07-12,12,10,5,47.5,48.15,-0.0137
2024-07-02,3686,達能,2024-07-03,2024-07-16,14,10,5,27.35,30.85,-0.128
2024-07-02,6869,雲豹能源,2024-07-03,2024-07-18,16,12,20,254.0,271.0,-0.0669
2024-07-03,2429,銘旺科,2024-07-04,2024-07-17,14,10,5,46.6,45.5,0.0236
2024-07-04,1587,吉茂,2024-07-05,2024-07-18,14,10,5,64.1,64.5,-0.0062
2024-07-04,2349,錸德,2024-07-05,2024-07-18,14,10,5,16.25,16.5,-0.0154
2024-07-04,6658,聯策,2024-07-05,2024-07-18,14,10,5,76.9,77.9,-0.013
2024-07-05,2467,志聖,2024-07-08,2024-07-23,16,12,5,208.5,212.0,-0.0168
2024-07-05,3018,隆銘綠能,2024-07-08,2024-07-19,12,10,45,21.35,24.0,-0.1241
2024-07-05,5484,慧友,2024-07-08,2024-07-19,12,10,20,117.0,118.5,-0.0128
2024-07-05,6541,泰福-KY,2024-07-08,2024-07-19,12,10,10,73.3,67.6,0.0778
2024-07-05,6698,旭暉應材,2024-07-08,2024-07-23,16,12,5,55.1,54.0,0.02
2024-07-05,8104,錸寶,2024-07-08,2024-07-19,12,10,5,59.1,57.9,0.0203
2024-07-08,2486,一詮,2024-07-09,2024-07-22,14,10,20,141.0,141.0,0.0
2024-07-08,4562,穎漢,2024-07-09,2024-07-22,14,10,5,77.1,72.1,0.0649
2024-07-08,8374,羅昇,2024-07-09,2024-07-22,14,10,20,144.0,120.5,0.1632
2024-07-09,2349,錸德,2024-07-10,2024-07-23,14,10,20,21.9,18.0,0.1781
2024-07-10,6133,金橋,2024-07-11,2024-07-24,14,10,5,23.25,24.0,-0.0323
2024-07-11,3047,訊舟,2024-07-12,2024-07-25,14,10,5,42.7,46.45,-0.0878
2024-07-11,6937,天虹,2024-07-12,2024-07-25,14,10,5,334.0,310.0,0.0719
2024-07-12,3593,力銘,2024-07-15,2024-07-26,12,10,5,21.0,21.0,0.0
2024-07-15,3535,晶彩科,2024-07-16,2024-07-29,14,10,5,78.5,75.7,0.0357
2024-07-16,2243,宏旭-KY,2024-07-17,2024-07-30,14,10,5,28.0,28.5,-0.0179
2024-07-16,4927,泰鼎-KY,2024-07-17,2024-07-30,14,10,5,53.5,54.7,-0.0224
2024-07-16,5484,慧友,2024-07-17,2024-07-30,14,10,20,78.9,75.5,0.0431
2024-07-17,6442,光聖,2024-07-18,2024-07-31,14,10,20,533.0,527.0,0.0113
2024-07-19,2243,宏旭-KY,2024-07-22,2024-08-02,12,10,20,30.5,31.35,-0.0279
2024-08-02,2524,京城,2024-08-05,2024-08-20,16,12,5,112.5,115.5,-0.0267
2024-08-08,1540,喬福,2024-08-09,2024-08-26,18,12,5,42.5,42.65,-0.0035
2024-08-15,6754,匯僑設計,2024-08-16,2024-08-29,14,10,5,83.1,85.8,-0.0325
2024-08-19,1225,福懋油,2024-08-20,2024-09-02,14,10,5,160.5,163.0,-0.0156
2024-08-21,2438,翔耀,2024-08-22,2024-09-04,14,10,5,61.0,67.1,-0.1
2024-08-29,2424,隴華,2024-08-30,2024-09-12,14,10,5,50.7,48.6,0.0414
2024-08-29,3550,聯穎,2024-08-30,2024-09-12,14,10,5,24.35,25.0,-0.0267
2024-08-29,8039,台虹,2024-08-30,2024-09-12,14,10,5,69.3,70.1,-0.0115
2024-09-02,2425,承啟,2024-09-03,2024-09-16,14,10,5,43.35,43.0,0.0081
2024-09-02,4526,東台,2024-09-03,2024-09-19,17,12,5,39.35,37.1,0.0572
2024-09-02,4583,台灣精銳,2024-09-03,2024-09-16,14,10,5,556.0,544.0,0.0216
2024-09-03,3450,聯鈞,2024-09-04,2024-09-20,17,12,5,179.5,174.0,0.0306
2024-09-05,1735,日勝化,2024-09-06,2024-09-20,15,10,5,29.1,25.35,0.1289
2024-09-06,4569,六方科-KY,2024-09-09,2024-09-23,15,10,5,180.0,180.0,0.0
2024-09-11,4569,六方科-KY,2024-09-12,2024-09-26,15,10,20,214.0,228.5,-0.0678
2024-09-16,8249,菱光,2024-09-18,2024-10-01,14,10,5,55.2,55.2,0.0
2024-09-19,8996,高力,2024-09-20,2024-10-03,14,10,5,372.0,402.0,-0.0806
2024-09-20,2033,佳大,2024-09-23,2024-10-04,12,10,5,22.55,21.85,0.031
2024-09-20,5234,達興材料,2024-09-23,2024-10-08,16,12,5,248.0,238.0,0.0403
2024-09-23,1721,三晃,2024-09-24,2024-10-07,14,10,5,26.0,25.7,0.0115
2024-09-24,3167,大量,2024-09-25,2024-10-11,17,12,5,129.0,127.0,0.0155
2024-09-25,6706,惠特,2024-09-26,2024-10-09,14,10,5,169.0,169.0,0.0
2024-09-26,6969,成信實業*-創,2024-09-27,2024-10-11,15,10,5,67.0,63.0,0.0597
2024-10-07,5907,大洋-KY,2024-10-08,2024-10-22,15,10,5,13.55,13.5,0.0037
2024-10-08,2929,淘帝-KY,2024-10-09,2024-10-23,15,10,5,13.9,13.95,-0.0036
2024-10-08,8404,百和興業-KY,2024-10-09,2024-10-23,15,10,5,29.35,28.85,0.017
2024-10-16,4956,光鋐,2024-10-17,2024-11-01,16,12,5,37.0,41.5,-0.1216
2024-10-18,6854,錼創科技-KY創,2024-10-21,2024-11-01,12,10,5,141.5,148.5,-0.0495
2024-10-22,4576,大銀微系統,2024-10-23,2024-11-07,16,12,5,139.0,141.0,-0.0144
2024-10-28,3447,展達,2024-10-29,2024-11-13,16,12,5,80.0,81.4,-0.0175
2024-11-01,2424,隴華,2024-11-04,2024-11-15,12,10,5,73.6,78.7,-0.0693
2024-11-05,6442,光聖,2024-11-06,2024-11-19,14,10,5,520.0,525.0,-0.0096
2024-11-12,6781,AES-KY,2024-11-13,2024-11-26,14,10,5,738.0,728.0,0.0136
2024-11-15,6781,AES-KY,2024-11-18,2024-11-29,12,10,20,754.0,772.0,-0.0239
2024-11-22,3593,力銘,2024-11-25,2024-12-06,12,10,10,7.5,7.97,-0.0627
2024-11-27,3593,力銘,2024-11-28,2024-12-11,14,10,25,6.69,6.08,0.0912
2024-11-29,8101,華冠,2024-12-02,2024-12-13,12,10,10,22.1,22.1,0.0
2024-12-04,8101,華冠,2024-12-05,2024-12-18,14,10,25,29.35,29.35,0.0
2024-12-06,6781,AES-KY,2024-12-09,2024-12-20,12,10,20,1040.0,1020.0,0.0192
2024-12-09,6426,統新,2024-12-10,2024-12-23,14,10,5,109.5,108.5,0.0091
2024-12-13,6442,光聖,2024-12-16,2024-12-31,16,12,20,598.0,627.0,-0.0485
2024-12-18,4540,全球傳動,2024-12-19,2025-01-06,19,12,5,60.0,57.8,0.0367
2024-12-20,3019,亞光,2024-12-23,2025-01-08,17,12,5,163.0,163.5,-0.0031
2024-12-23,4571,鈞興-KY,2024-12-24,2025-01-09,17,12,5,254.5,253.5,0.0039
2024-12-24,2466,冠西電,2024-12-25,2025-01-08,15,10,5,60.8,60.8,0.0
2024-12-25,2250,IKKA-KY,2024-12-26,2025-01-09,15,10,5,134.0,137.0,-0.0224
2024-12-27,2466,冠西電,2024-12-30,2025-01-13,15,10,20,64.1,69.8,-0.0889
2025-01-03,8033,雷虎,2025-01-06,2025-01-17,12,10,5,69.3,68.7,0.0087
2025-01-08,6442,光聖,2025-01-09,2025-01-22,14,10,20,593.0,616.0,-0.0388
2025-01-09,6477,安集,2025-01-10,2025-02-05,27,12,5,40.0,38.65,0.0338
2025-01-10,8045,達運光電,2025-01-13,2025-02-04,23,10,5,115.0,115.0,0.0
2025-02-04,6558,興能高,2025-02-05,2025-02-18,14,10,5,60.5,60.4,0.0017
2025-02-11,6215,和椿,2025-02-12,2025-02-27,16,12,5,137.0,138.5,-0.0109
2025-02-14,2438,翔耀,2025-02-17,2025-03-03,15,10,5,39.5,37.5,0.0506
2025-02-14,6854,錼創科技-KY創,2025-02-17,2025-03-03,15,10,5,257.0,257.0,0.0
2025-03-06,3321,同泰,2025-03-07,2025-03-20,14,10,10,9.66,9.52,0.0145
2025-03-14,3528,安馳,2025-03-17,2025-04-01,16,12,5,76.1,83.4,-0.0959
2025-03-24,2314,台揚,2025-03-25,2025-04-09,16,10,10,16.1,16.1,0.0
2025-03-24,4943,康控-KY,2025-03-25,2025-04-09,16,10,45,11.25,11.7,-0.04
2025-03-25,8033,雷虎,2025-03-26,2025-04-14,20,12,5,72.5,73.3,-0.011
2025-03-27,2314,台揚,2025-03-28,2025-04-14,18,10,25,11.75,14.35,-0.2213
2025-03-27,2468,華經,2025-03-28,2025-04-16,20,12,5,62.7,63.8,-0.0175
2025-03-27,4949,有成精密,2025-03-28,2025-04-14,18,10,5,41.2,37.55,0.0886
2025-04-14,3055,蔚華科,2025-04-15,2025-04-28,14,10,5,42.0,44.5,-0.0595
2025-04-14,6668,中揚光,2025-04-15,2025-04-28,14,10,5,32.7,31.35,0.0413
2025-04-21,6916,華凌,2025-04-22,2025-05-06,15,10,5,27.2,27.3,-0.0037
2025-05-15,6442,光聖,2025-05-16,2025-05-29,14,10,5,463.0,467.5,-0.0097
2025-05-19,6591,動力-KY,2025-05-20,2025-06-03,15,10,5,74.2,73.0,0.0162
2025-05-23,1419,新紡,2025-05-26,2025-06-09,15,10,5,70.3,74.3,-0.0569
2025-05-29,9902,台火,2025-06-02,2025-06-13,12,10,5,22.7,21.55,0.0507
2025-06-02,1235,興泰,2025-06-03,2025-06-16,14,10,5,65.2,61.2,0.0613
2025-06-09,6885,全福生技,2025-06-10,2025-06-23,14,10,5,32.0,34.05,-0.0641
2025-06-25,3040,遠見,2025-06-26,2025-07-09,14,10,5,62.7,63.4,-0.0112
2025-06-26,2314,台揚,2025-06-27,2025-07-10,14,10,45,12.55,11.9,0.0518
2025-07-15,8499,鼎炫-KY,2025-07-16,2025-07-29,14,10,5,243.0,244.0,-0.0041
2025-07-16,3708,上緯投控,2025-07-17,2025-08-01,16,12,5,98.0,96.9,0.0112
2025-07-17,6933,AMAX-KY,2025-07-18,2025-07-31,14,10,5,178.5,178.5,0.0
2025-07-18,8210,勤誠,2025-07-21,2025-08-01,12,10,5,544.0,542.0,0.0037
2025-07-18,8499,鼎炫-KY,2025-07-21,2025-08-01,12,10,20,283.0,291.0,-0.0283
2025-07-22,6933,AMAX-KY,2025-07-23,2025-08-05,14,10,20,217.0,216.5,0.0023
2025-07-24,4989,榮科,2025-07-25,2025-08-07,14,10,5,22.6,23.5,-0.0398
2025-07-24,6442,光聖,2025-07-25,2025-08-11,18,12,5,576.0,617.0,-0.0712
2025-07-31,6928,攸泰科技,2025-08-01,2025-08-18,18,12,5,74.0,72.5,0.0203
2025-07-31,8033,雷虎,2025-08-01,2025-08-18,18,12,5,97.6,95.6,0.0205
2025-07-31,8045,達運光電,2025-08-01,2025-08-14,14,10,5,104.5,106.5,-0.0191
2025-08-04,2429,銘旺科,2025-08-05,2025-08-20,16,12,5,88.2,88.4,-0.0023
2025-08-06,6949,沛爾生醫-創,2025-08-07,2025-08-20,14,10,5,281.5,281.5,0.0
2025-08-07,8033,雷虎,2025-08-08,2025-08-21,14,10,20,112.0,105.0,0.0625
2025-08-08,8021,尖點,2025-08-11,2025-08-22,12,10,5,80.2,82.6,-0.0299
2025-08-11,2406,國碩,2025-08-12,2025-08-25,14,10,5,20.0,20.8,-0.04
2025-08-11,2493,揚博,2025-08-12,2025-08-25,14,10,5,141.0,135.5,0.039
2025-08-11,6949,沛爾生醫-創,2025-08-12,2025-08-25,14,10,20,340.0,360.0,-0.0588
2025-08-14,6215,和椿,2025-08-15,2025-09-01,18,12,5,158.0,152.0,0.038
2025-08-18,2630,亞航,2025-08-19,2025-09-03,16,12,5,62.3,63.0,-0.0112
2025-08-18,3694,海華,2025-08-19,2025-09-03,16,12,5,88.7,95.8,-0.08
2025-08-18,4989,榮科,2025-08-19,2025-09-01,14,10,20,33.65,36.6,-0.0877
2025-08-18,6283,淳安,2025-08-19,2025-09-01,14,10,5,29.35,28.95,0.0136
2025-08-19,1717,長興,2025-08-20,2025-09-02,14,10,5,45.0,42.3,0.06
2025-08-19,1802,台玻,2025-08-20,2025-09-04,16,12,5,39.8,35.95,0.0967
2025-08-20,4722,國精化,2025-08-21,2025-09-03,14,10,5,116.0,117.5,-0.0129
2025-08-21,2380,虹光,2025-08-22,2025-09-04,14,10,45,6.7,6.03,0.1
2025-08-21,6213,聯茂,2025-08-22,2025-09-04,14,10,5,133.0,131.5,0.0113
