date,stock_id,market_value
2014-03-28,6414,11942196210.0
2014-03-31,6414,11942196210.0
2014-04-01,6414,11908931039.0
2014-04-02,6414,11975461380.0
2014-04-03,6414,12441173767.0
2014-04-07,6414,12041991721.0
2014-04-08,6414,11642809675.0
2014-04-09,6414,11975461380.0
2014-04-10,6414,11842400698.0
2014-04-11,6414,11809135528.0
2014-04-14,6414,11343423141.0
2014-04-15,6414,11509748993.0
2014-04-16,6414,11642809675.0
2014-04-17,6414,11775870357.0
2014-04-18,6414,11709340016.0
2014-04-21,6414,11709340016.0
2014-04-22,6414,11476483823.0
2014-04-23,6414,11609544505.0
2014-04-24,6414,11875665869.0
2014-04-25,6414,11476483823.0
2014-04-28,6414,11343423141.0
2014-04-29,6414,11509748993.0
2014-04-30,6414,11509748993.0
2014-05-02,6414,11709340016.0
2014-05-05,6414,12008726551.0
2014-05-06,6414,11609544505.0
2014-05-07,6414,11642809675.0
2014-05-08,6414,11509748993.0
2014-05-09,6414,11576279334.0
2014-05-12,6414,11343423141.0
2014-05-13,6414,11243627629.0
2014-05-14,6414,11310157970.0
2014-05-15,6414,11343423141.0
2014-05-16,6414,11143832118.0
2014-05-19,6414,11143832118.0
2014-05-20,6414,11310157970.0
2014-05-21,6414,11110566947.0
2014-05-22,6414,11243627629.0
2014-05-23,6414,11310157970.0
2014-05-26,6414,11110566947.0
2014-05-27,6414,11177097288.0
2014-05-28,6414,11276892800.0
2014-05-29,6414,12041991721.0
2014-05-30,6414,12873620984.0
2014-06-03,6414,12507704108.0
2014-06-04,6414,13106477177.0
2014-06-05,6414,13705250246.0
2014-06-06,6414,13605454735.0
2014-06-09,6414,13206272689.0
2014-06-10,6414,13705250246.0
2014-06-11,6414,13771780587.0
2014-06-12,6414,13439128882.0
2014-06-13,6414,13505659223.0
2014-06-16,6414,13206272689.0
2014-06-17,6414,13139742348.0
2014-06-18,6414,12940151325.0
2014-06-19,6414,13239537859.0
2014-06-20,6414,13239537859.0
2014-06-23,6414,12607499620.0
2014-06-24,6414,12674029961.0
2014-06-25,6414,12740560302.0
2014-06-26,6414,12973416495.0
2014-06-27,6414,12873620984.0
2014-06-30,6414,13106477177.0
2014-07-01,6414,12840355813.0
2014-07-02,6414,12441173767.0
2014-07-03,6414,13306068200.0
2014-07-04,6414,13838310928.0
2014-07-07,6414,13605454735.0
2014-07-08,6414,13439128882.0
2014-07-09,6414,13372598541.0
2014-07-10,6414,13605454735.0
2014-07-11,6414,13106477177.0
2014-07-14,6414,13139742348.0
2014-07-15,6414,13039946836.0
2014-07-16,6414,12906886154.0
2014-07-17,6414,12707295131.0
2014-07-18,6414,12740560302.0
2014-07-21,6414,12807090643.0
2014-07-22,6414,12873620984.0
2014-07-24,6414,13638719905.0
2014-07-25,6414,14304023315.0
2014-07-28,6414,15168917748.0
2014-07-29,6414,14902796384.0
2014-07-30,6414,14969326725.0
2014-07-31,6414,14669940191.0
2014-08-01,6414,14703205361.0
2014-08-04,6414,14769735702.0
2014-08-05,6414,14304023315.0
2014-08-06,6414,14337288486.0
2014-08-07,6414,13971371610.0
2014-08-08,6414,14503614338.0
2014-08-11,6414,14403818827.0
2014-08-12,6414,14204227804.0
2014-08-13,6414,14370553656.0
2014-08-14,6414,14636675020.0
2014-08-15,6414,14370553656.0
2014-08-18,6414,13971371610.0
2014-08-19,6414,14071167122.0
2014-08-20,6414,14004636781.0
2014-08-22,6414,14403818827.0
2014-08-25,6414,14270758145.0
2014-08-26,6414,14204227804.0
2014-08-27,6414,14337288486.0
2014-08-28,6414,14403818827.0
2014-08-29,6414,14603409850.0
2014-09-01,6414,14636675020.0
2014-09-02,6414,14337288486.0
2014-09-03,6414,14170962633.0
2014-09-04,6414,14137697463.0
2014-09-05,6414,13971371610.0
2014-09-09,6414,14104432292.0
2014-09-10,6414,14170962633.0
2014-09-11,6414,14037901951.0
2014-09-12,6414,13904841269.0
2014-09-15,6414,13572189564.0
2014-09-16,6414,13339333371.0
2014-09-17,6414,13039946836.0
2014-09-18,6414,12773825472.0
2014-09-19,6414,13006681666.0
2014-09-22,6414,12940151325.0
2014-09-23,6414,12906886154.0
2014-09-24,6414,12873620984.0
2014-09-25,6414,12773825472.0
2014-09-26,6414,12940151325.0
2014-09-29,6414,13106477177.0
2014-09-30,6414,13405863712.0
2014-10-01,6414,13206272689.0
2014-10-02,6414,13306068200.0
2014-10-03,6414,13538924394.0
2014-10-06,6414,13638719905.0
2014-10-07,6414,13572189564.0
2014-10-08,6414,13439128882.0
2014-10-09,6414,13073212007.0
2014-10-13,6414,12308113085.0
2014-10-14,6414,12341378256.0
2014-10-15,6414,12308113085.0
2014-10-16,6414,12308113085.0
2014-10-17,6414,12075256892.0
2014-10-20,6414,12108522062.0
2014-10-21,6414,12108522062.0
2014-10-22,6414,12308113085.0
2014-10-23,6414,12075256892.0
2014-10-24,6414,11243627629.0
2014-10-27,6414,10478528708.0
2014-10-28,6414,11044036606.0
2014-10-29,6414,11809135528.0
2014-10-30,6414,12008726551.0
2014-10-31,6414,12507704108.0
2014-11-03,6414,13139742348.0
2014-11-04,6414,13372598541.0
2014-11-05,6414,13306068200.0
2014-11-06,6414,13306068200.0
2014-11-07,6414,13705250246.0
2014-11-10,6414,13039946836.0
2014-11-11,6414,13505659223.0
2014-11-12,6414,13505659223.0
2014-11-13,6414,13705250246.0
2014-11-14,6414,13572189564.0
2014-11-17,6414,13838310928.0
2014-11-18,6414,13439128882.0
2014-11-19,6414,13372598541.0
2014-11-20,6414,13472394053.0
2014-11-21,6414,14370553656.0
2014-11-24,6414,15168917748.0
2014-11-25,6414,15035857066.0
2014-11-26,6414,14969326725.0
2014-11-27,6414,14270758145.0
2014-11-28,6414,14969326725.0
2014-12-01,6414,16000547011.0
2014-12-02,6414,16067077352.0
2014-12-03,6414,15867486329.0
2014-12-04,6414,16466259398.0
2014-12-05,6414,16233403204.0
2014-12-08,6414,16166872863.0
2014-12-09,6414,15834221158.0
2014-12-10,6414,15734425647.0
2014-12-11,6414,15900751499.0
2014-12-12,6414,16466259398.0
2014-12-15,6414,16333198716.0
2014-12-16,6414,15967281840.0
2014-12-17,6414,15800955988.0
2014-12-18,6414,16166872863.0
2014-12-19,6414,15568099794.0
2014-12-22,6414,16067077352.0
2014-12-23,6414,16586302352.0
2014-12-24,6414,16483281840.0
2014-12-25,6414,16208560476.0
2014-12-26,6414,16208560476.0
2014-12-29,6414,16208560476.0
2014-12-30,6414,16311580988.0
2014-12-31,6414,16345921158.0
2015-01-05,6414,16242900647.0
2015-01-06,6414,16242900647.0
2015-01-07,6414,17376126273.0
2015-01-08,6414,17101404909.0
2015-01-09,6414,17856888660.0
2015-01-12,6414,17856888660.0
2015-01-13,6414,17856888660.0
2015-01-14,6414,17856888660.0
2015-01-15,6414,17513486955.0
2015-01-16,6414,17238765591.0
2015-01-19,6414,16723663034.0
2015-01-20,6414,17513486955.0
2015-01-21,6414,17307445932.0
2015-01-22,6414,17376126273.0
2015-01-23,6414,17376126273.0
2015-01-26,6414,17307445932.0
2015-01-27,6414,17307445932.0
2015-01-28,6414,17444806614.0
2015-01-29,6414,17719527978.0
2015-01-30,6414,17788208319.0
2015-02-02,6414,17444806614.0
2015-02-03,6414,17238765591.0
2015-02-04,6414,16414601499.0
2015-02-05,6414,16551962181.0
2015-02-06,6414,15762138260.0
2015-02-09,6414,16861023716.0
2015-02-10,6414,17513486955.0
2015-02-11,6414,17513486955.0
2015-02-12,6414,17616507467.0
2015-02-13,6414,17616507467.0
2015-02-24,6414,18097269854.0
2015-02-25,6414,17994249342.0
2015-02-26,6414,17994249342.0
2015-03-02,6414,17994249342.0
2015-03-03,6414,17513486955.0
2015-03-04,6414,17650847637.0
2015-03-05,6414,18131610024.0
2015-03-06,6414,17959909172.0
2015-03-09,6414,17753868149.0
2015-03-10,6414,17891228831.0
2015-03-11,6414,17513486955.0
2015-03-12,6414,17513486955.0
2015-03-13,6414,17822548490.0
2015-03-16,6414,18749733093.0
2015-03-17,6414,18955774116.0
2015-03-18,6414,19367856162.0
2015-03-19,6414,20295040766.0
2015-03-20,6414,20054659572.0
2015-03-23,6414,20432401448.0
2015-03-24,6414,19848618549.0
2015-03-25,6414,19161815139.0
2015-03-26,6414,19299175821.0
2015-03-27,6414,19127474969.0
2015-03-30,6414,19367856162.0
2015-03-31,6414,19539557015.0
2015-04-01,6414,19470876674.0
2015-04-02,6414,19917298890.0
2015-04-07,6414,20363721107.0
2015-04-08,6414,19951639061.0
2015-04-09,6414,19299175821.0
2015-04-10,6414,19505216844.0
2015-04-13,6414,19745598038.0
2015-04-14,6414,19676917697.0
2015-04-15,6414,19402196333.0
2015-04-16,6414,19333515992.0
2015-04-17,6414,19230495480.0
2015-04-20,6414,18784073264.0
2015-04-21,6414,18784073264.0
2015-04-22,6414,19093134798.0
2015-04-23,6414,18612372411.0
2015-04-24,6414,19882958720.0
2015-04-27,6414,19814278379.0
2015-04-28,6414,19882958720.0
2015-04-29,6414,19711257867.0
2015-04-30,6414,20020319402.0
2015-05-04,6414,19779938208.0
2015-05-05,6414,19505216844.0
2015-05-06,6414,19711257867.0
2015-05-07,6414,19779938208.0
2015-05-08,6414,19230495480.0
2015-05-11,6414,19127474969.0
2015-05-12,6414,19230495480.0
2015-05-13,6414,19539557015.0
2015-05-14,6414,19539557015.0
2015-05-15,6414,19779938208.0
2015-05-18,6414,19882958720.0
2015-05-19,6414,20192020254.0
2015-05-20,6414,21256565540.0
2015-05-21,6414,22664512530.0
2015-05-22,6414,23213955258.0
2015-05-25,6414,23832078327.0
2015-05-26,6414,24038119350.0
2015-05-27,6414,25033984295.0
2015-05-28,6414,26029849239.0
2015-05-29,6414,26647972308.0
2015-06-01,6414,25892488557.0
2015-06-02,6414,25068324465.0
2015-06-03,6414,23969439009.0
2015-06-04,6414,23832078327.0
2015-06-05,6414,25480406511.0
2015-06-08,6414,24518881737.0
2015-06-09,6414,23523016793.0
2015-06-10,6414,24347180885.0
2015-06-11,6414,24347180885.0
2015-06-12,6414,24381521055.0
2015-06-15,6414,23694717645.0
2015-06-16,6414,22527151848.0
2015-06-17,6414,22801873212.0
2015-06-18,6414,23797738157.0
2015-06-22,6414,23866418498.0
2015-06-23,6414,23454336452.0
2015-06-24,6414,24003779180.0
2015-06-25,6414,25961168898.0
2015-06-26,6414,25480406511.0
2015-06-29,6414,25480406511.0
2015-06-30,6414,25308705659.0
2015-07-01,6414,25068324465.0
2015-07-02,6414,25961168898.0
2015-07-03,6414,25549086852.0
2015-07-06,6414,24965303954.0
2015-07-07,6414,24587562078.0
2015-07-08,6414,22389791166.0
2015-07-09,6414,23316975770.0
2015-07-13,6414,23419996281.0
2015-07-14,6414,25137004806.0
2015-07-15,6414,24862283442.0
2015-07-16,6414,24518881737.0
2015-07-17,6414,24724922760.0
2015-07-20,6414,23900758668.0
2015-07-21,6414,23213955258.0
2015-07-22,6414,22458471507.0
2015-07-23,6414,21909028779.0
2015-07-24,6414,21428266392.0
2015-07-27,6414,21496946733.0
2015-07-28,6414,22561492019.0
2015-07-29,6414,23763397986.0
2015-07-30,6414,22527151848.0
2015-07-31,6414,22115069802.0
2015-08-03,6414,22458471507.0
2015-08-04,6414,22252430484.0
2015-08-05,6414,22115069802.0
2015-08-06,6414,20569762130.0
2015-08-07,6414,21187885199.0
2015-08-10,6414,21702987756.0
2015-08-11,6414,21874688609.0
2015-08-12,6414,21222225369.0
2015-08-13,6414,20260700595.0
2015-08-14,6414,20569762130.0
2015-08-17,6414,20363721107.0
2015-08-18,6414,20192020254.0
2015-08-19,6414,19299175821.0
2015-08-20,6414,19745598038.0
2015-08-21,6414,17891228831.0
2015-08-24,6414,16105539965.0
2015-08-25,6414,16895363886.0
2015-08-26,6414,17238765591.0
2015-08-27,6414,17891228831.0
2015-08-28,6414,18200290365.0
2015-08-31,6414,18681052752.0
2015-09-01,6414,18818413434.0
2015-09-02,6414,19127474969.0
2015-09-03,6414,20260700595.0
2015-09-04,6414,19848618549.0
2015-09-07,6414,19917298890.0
2015-09-08,6414,19779938208.0
2015-09-09,6414,20398061277.0
2015-09-10,6414,20672782641.0
2015-09-11,6414,20741462982.0
2015-09-14,6414,20775803153.0
2015-09-15,6414,20363721107.0
2015-09-16,6414,20466741618.0
2015-09-17,6414,20535421959.0
2015-09-18,6414,21290905710.0
2015-09-21,6414,20947504005.0
2015-09-22,6414,21943368950.0
2015-09-23,6414,21256565540.0
2015-09-24,6414,21222225369.0
2015-09-25,6414,21084864687.0
2015-09-30,6414,21840348438.0
2015-10-01,6414,21737327927.0
2015-10-02,6414,22355450996.0
2015-10-05,6414,23969439009.0
2015-10-06,6414,23626037304.0
2015-10-07,6414,24759262931.0
2015-10-08,6414,23900758668.0
2015-10-12,6414,23832078327.0
2015-10-13,6414,23763397986.0
2015-10-14,6414,23900758668.0
2015-10-15,6414,23832078327.0
2015-10-16,6414,23213955258.0
2015-10-19,6414,23488676622.0
2015-10-20,6414,24106799691.0
2015-10-21,6414,23763397986.0
2015-10-22,6414,23694717645.0
2015-10-23,6414,23488676622.0
2015-10-26,6414,23935098839.0
2015-10-27,6414,24381521055.0
2015-10-28,6414,24244160373.0
2015-10-29,6414,23832078327.0
2015-10-30,6414,23969439009.0
2015-11-02,6414,24381521055.0
2015-11-03,6414,24827943272.0
2015-11-04,6414,25068324465.0
2015-11-05,6414,24724922760.0
2015-11-06,6414,24106799691.0
2015-11-09,6414,23385656111.0
2015-11-10,6414,23626037304.0
2015-11-11,6414,22595832189.0
2015-11-12,6414,22561492019.0
2015-11-13,6414,22561492019.0
2015-11-16,6414,22527151848.0
2015-11-17,6414,23145274917.0
2015-11-18,6414,23042254406.0
2015-11-19,6414,23316975770.0
2015-11-20,6414,23832078327.0
2015-11-23,6414,23797738157.0
2015-11-24,6414,23454336452.0
2015-11-25,6414,22870553553.0
2015-11-26,6414,22904893724.0
2015-11-27,6414,23007914235.0
2015-11-30,6414,23007914235.0
2015-12-01,6414,23454336452.0
2015-12-02,6414,23866418498.0
2015-12-03,6414,24999644124.0
2015-12-04,6414,24724922760.0
2015-12-07,6414,25823808216.0
2015-12-08,6414,25377386000.0
2015-12-09,6414,25961168898.0
2015-12-10,6414,25343045829.0
2015-12-11,6414,25137004806.0
2015-12-14,6414,25343045829.0
2015-12-15,6414,25274365488.0
2015-12-16,6414,24381521055.0
2015-12-17,6414,25480406511.0
2015-12-18,6414,24862283442.0
2015-12-21,6414,24999644124.0
2015-12-22,6414,25068324465.0
2015-12-23,6414,24827943272.0
2015-12-24,6414,24244160373.0
2015-12-25,6414,24965303954.0
2015-12-28,6414,25480406511.0
2015-12-29,6414,25549086852.0
2015-12-30,6414,25549086852.0
2015-12-31,6414,25549086852.0
2016-01-04,6414,24381521055.0
2016-01-05,6414,24621902249.0
2016-01-06,6414,23832078327.0
2016-01-07,6414,22698852701.0
2016-01-08,6414,23419996281.0
2016-01-11,6414,22870553553.0
2016-01-12,6414,23145274917.0
2016-01-13,6414,23626037304.0
2016-01-14,6414,23007914235.0
2016-01-15,6414,22767533042.0
2016-01-18,6414,23042254406.0
2016-01-19,6414,23488676622.0
2016-01-20,6414,22733192871.0
2016-01-21,6414,21393926222.0
2016-01-22,6414,22183750143.0
2016-01-25,6414,23213955258.0
2016-01-26,6414,23763397986.0
2016-01-27,6414,23660377475.0
2016-01-28,6414,23797738157.0
2016-01-29,6414,24244160373.0
2016-02-01,6414,24038119350.0
2016-02-02,6414,24381521055.0
2016-02-15,6414,24072459521.0
2016-02-16,6414,23935098839.0
2016-02-17,6414,24724922760.0
2016-02-18,6414,26373250944.0
2016-02-19,6414,26098529580.0
2016-02-22,6414,26270230433.0
2016-02-23,6414,27163074866.0
2016-02-24,6414,25274365488.0
2016-02-25,6414,25171344977.0
2016-02-26,6414,25102664636.0
2016-03-01,6414,25411726170.0
2016-03-02,6414,25171344977.0
2016-03-03,6414,24930963783.0
2016-03-04,6414,24827943272.0
2016-03-07,6414,24862283442.0
2016-03-08,6414,25377386000.0
2016-03-09,6414,25102664636.0
2016-03-10,6414,24999644124.0
2016-03-11,6414,25274365488.0
2016-03-14,6414,26098529580.0
2016-03-15,6414,26029849239.0
2016-03-16,6414,25823808216.0
2016-03-17,6414,26029849239.0
2016-03-18,6414,26098529580.0
2016-03-21,6414,26373250944.0
2016-03-22,6414,26167209921.0
2016-03-23,6414,25652107364.0
2016-03-24,6414,25308705659.0
2016-03-25,6414,26083470790.0
2016-03-28,6414,26259710458.0
2016-03-29,6414,26083470790.0
2016-03-30,6414,27281900529.0
2016-03-31,6414,27281900529.0
2016-04-01,6414,27634379864.0
2016-04-06,6414,30383718677.0
2016-04-07,6414,29079545138.0
2016-04-08,6414,28903305470.0
2016-04-11,6414,28903305470.0
2016-04-12,6414,29749255874.0
2016-04-13,6414,32216611219.0
2016-04-14,6414,31229669081.0
2016-04-15,6414,30806693879.0
2016-04-18,6414,30877189746.0
2016-04-19,6414,31159173214.0
2016-04-20,6414,30383718677.0
2016-04-21,6414,30559958345.0
2016-04-22,6414,29784503808.0
2016-04-25,6414,29960743475.0
2016-04-26,6414,29995991409.0
2016-04-27,6414,29502520340.0
2016-04-28,6414,29361528606.0
2016-04-29,6414,29044297204.0
2016-05-03,6414,29608264140.0
2016-05-04,6414,29185288938.0
2016-05-05,6414,30595206278.0
2016-05-06,6414,31441156682.0
2016-05-09,6414,29925495542.0
2016-05-10,6414,28973801337.0
2016-05-11,6414,29326280672.0
2016-05-12,6414,29044297204.0
2016-05-13,6414,29044297204.0
2016-05-16,6414,28409834401.0
2016-05-17,6414,27669627798.0
2016-05-18,6414,28268842667.0
2016-05-19,6414,29009049271.0
2016-05-20,6414,29185288938.0
2016-05-23,6414,30877189746.0
2016-05-24,6414,30313222810.0
2016-05-25,6414,30277974877.0
2016-05-26,6414,31053429414.0
2016-05-27,6414,30841941813.0
2016-05-30,6414,31018181480.0
2016-05-31,6414,31300164948.0
2016-06-01,6414,30771445946.0
2016-06-02,6414,31123925281.0
2016-06-03,6414,31793636017.0
2016-06-06,6414,32956817823.0
2016-06-07,6414,32780578155.0
2016-06-08,6414,33133057490.0
2016-06-13,6414,31758388084.0
2016-06-14,6414,31652644283.0
2016-06-15,6414,31194421148.0
2016-06-16,6414,31300164948.0
2016-06-17,6414,32181363286.0
2016-06-20,6414,30877189746.0
2016-06-21,6414,30841941813.0
2016-06-22,6414,30877189746.0
2016-06-23,6414,30524710411.0
2016-06-24,6414,30277974877.0
2016-06-27,6414,29396776539.0
2016-06-28,6414,28727065803.0
2016-06-29,6414,29749255874.0
2016-06-30,6414,30313222810.0
2016-07-01,6414,30700950079.0
2016-07-04,6414,30877189746.0
2016-07-05,6414,31300164948.0
2016-07-06,6414,30841941813.0
2016-07-07,6414,30771445946.0
2016-07-11,6414,31405908749.0
2016-07-12,6414,32569090554.0
2016-07-13,6414,32075619485.0
2016-07-14,6414,32216611219.0
2016-07-15,6414,32251859153.0
2016-07-18,6414,31934627751.0
2016-07-19,6414,35084394416.0
2016-07-20,6414,35273426714.0
2016-07-21,6414,35122200876.0
2016-07-22,6414,36067362363.0
2016-07-25,6414,35273426714.0
2016-07-26,6414,35613684849.0
2016-07-27,6414,36974717391.0
2016-07-28,6414,36634459256.0
2016-07-29,6414,36142975282.0
2016-08-01,6414,37277169067.0
2016-08-02,6414,36823491553.0
2016-08-03,6414,36747878634.0
2016-08-04,6414,36218588201.0
2016-08-05,6414,36445426958.0
2016-08-08,6414,36218588201.0
2016-08-09,6414,35764910687.0
2016-08-10,6414,35878330066.0
2016-08-11,6414,35953942985.0
2016-08-12,6414,36332007580.0
2016-08-15,6414,36332007580.0
2016-08-16,6414,35764910687.0
2016-08-17,6414,35046587957.0
2016-08-18,6414,34933168578.0
2016-08-19,6414,34555103983.0
2016-08-22,6414,34214845848.0
2016-08-23,6414,34214845848.0
2016-08-24,6414,35424652552.0
2016-08-25,6414,37163749689.0
2016-08-26,6414,38184524095.0
2016-08-29,6414,38335749933.0
2016-08-30,6414,39167492042.0
2016-08-31,6414,39923621232.0
2016-09-01,6414,37693040122.0
2016-09-02,6414,37730846581.0
2016-09-05,6414,38033298257.0
2016-09-06,6414,38562588690.0
2016-09-07,6414,38638201609.0
2016-09-08,6414,39469943718.0
2016-09-09,6414,38940653285.0
2016-09-12,6414,37730846581.0
2016-09-13,6414,38184524095.0
2016-09-14,6414,39696782475.0
2016-09-19,6414,39621169556.0
2016-09-20,6414,40755363341.0
2016-09-21,6414,40679750422.0
2016-09-22,6414,40528524584.0
2016-09-23,6414,40150459989.0
2016-09-26,6414,39167492042.0
2016-09-29,6414,39394330799.0
2016-09-30,6414,39545556637.0
2016-10-03,6414,39016266204.0
2016-10-04,6414,38638201609.0
2016-10-05,6414,38789427447.0
2016-10-06,6414,39621169556.0
2016-10-07,6414,40150459989.0
2016-10-11,6414,39772395394.0
2016-10-12,6414,0.0
2016-10-13,6414,39696782475.0
2016-10-14,6414,37579620743.0
2016-10-17,6414,37352781986.0
2016-10-18,6414,38184524095.0
2016-10-19,6414,38562588690.0
2016-10-20,6414,39243104961.0
2016-10-21,6414,38865040366.0
2016-10-24,6414,37806459500.0
2016-10-25,6414,38184524095.0
2016-10-26,6414,38033298257.0
2016-10-27,6414,37882072419.0
2016-10-28,6414,37617427203.0
2016-10-31,6414,37882072419.0
2016-11-01,6414,36785685094.0
2016-11-02,6414,33723361874.0
2016-11-03,6414,32135490575.0
2016-11-04,6414,33269684360.0
2016-11-07,6414,35160007335.0
2016-11-08,6414,34781942740.0
2016-11-09,6414,32816006846.0
2016-11-10,6414,36067362363.0
2016-11-11,6414,32475748711.0
2016-11-14,6414,30320780519.0
2016-11-15,6414,30207361141.0
2016-11-16,6414,29942715924.0
2016-11-17,6414,31265942007.0
2016-11-18,6414,31190329088.0
2016-11-21,6414,31681813061.0
2016-11-22,6414,32248909954.0
2016-11-23,6414,32135490575.0
2016-11-24,6414,32059877656.0
2016-11-25,6414,32135490575.0
2016-11-28,6414,32664781008.0
2016-11-29,6414,34101426469.0
2016-11-30,6414,34025813550.0
2016-12-01,6414,33836781253.0
2016-12-02,6414,33194071441.0
2016-12-05,6414,32967232684.0
2016-12-06,6414,32967232684.0
2016-12-07,6414,33194071441.0
2016-12-08,6414,34025813550.0
2016-12-09,6414,33458716658.0
2016-12-12,6414,32324522873.0
2016-12-13,6414,32475748711.0
2016-12-14,6414,32891619765.0
2016-12-15,6414,33269684360.0
2016-12-16,6414,32967232684.0
2016-12-19,6414,32362329332.0
2016-12-20,6414,32059877656.0
2016-12-21,6414,31795232440.0
2016-12-22,6414,31039103250.0
2016-12-23,6414,30774458033.0
2016-12-26,6414,31454974304.0
2016-12-27,6414,31152522628.0
2016-12-28,6414,31568393683.0
2016-12-29,6414,31681813061.0
2016-12-30,6414,31152522628.0
2017-01-03,6414,32248909954.0
2017-01-04,6414,31757425980.0
2017-01-05,6414,32022071197.0
2017-01-06,6414,31757425980.0
2017-01-09,6414,32362329332.0
2017-01-10,6414,32891619765.0
2017-01-11,6414,33345297279.0
2017-01-12,6414,33420910198.0
2017-01-13,6414,32740393927.0
2017-01-16,6414,32437942251.0
2017-01-17,6414,34517297524.0
2017-01-18,6414,34101426469.0
2017-01-19,6414,34101426469.0
2017-01-20,6414,34177039388.0
2017-01-23,6414,34063620010.0
2017-01-24,6414,33874587712.0
2017-02-02,6414,34781942740.0
2017-02-03,6414,36369814039.0
2017-02-06,6414,36861298013.0
2017-02-07,6414,37201556148.0
2017-02-08,6414,37806459500.0
2017-02-09,6414,37806459500.0
2017-02-10,6414,37768653041.0
2017-02-13,6414,37579620743.0
2017-02-14,6414,37428394905.0
2017-02-15,6414,37957685338.0
2017-02-16,6414,37806459500.0
2017-02-17,6414,37125943229.0
2017-02-20,6414,37730846581.0
2017-02-21,6414,37882072419.0
2017-02-22,6414,37277169067.0
2017-02-23,6414,36596652796.0
2017-02-24,6414,36672265715.0
2017-03-01,6414,35689297768.0
2017-03-02,6414,34857555659.0
2017-03-03,6414,33761168334.0
2017-03-06,6414,34592910443.0
2017-03-07,6414,34403878145.0
2017-03-08,6414,33950200631.0
2017-03-09,6414,34101426469.0
2017-03-10,6414,34101426469.0
2017-03-13,6414,34328265226.0
2017-03-14,6414,34706329821.0
2017-03-15,6414,34403878145.0
2017-03-16,6414,34517297524.0
2017-03-17,6414,33761168334.0
2017-03-20,6414,33269684360.0
2017-03-21,6414,33496523117.0
2017-03-22,6414,32362329332.0
2017-03-23,6414,31492780764.0
2017-03-24,6414,31644006602.0
2017-03-27,6414,32173297035.0
2017-03-28,6414,32891619765.0
2017-03-29,6414,33005039144.0
2017-03-30,6414,32816006846.0
2017-03-31,6414,29980522384.0
2017-04-05,6414,27069425002.0
2017-04-06,6414,27220650840.0
2017-04-07,6414,27296263759.0
2017-04-10,6414,27069425002.0
2017-04-11,6414,24385166378.0
2017-04-12,6414,23402198431.0
2017-04-13,6414,23515617809.0
2017-04-14,6414,22835101538.0
2017-04-17,6414,24460779297.0
2017-04-18,6414,24120521161.0
2017-04-19,6414,24347359918.0
2017-04-20,6414,24498585756.0
2017-04-21,6414,24044908242.0
2017-04-24,6414,24120521161.0
2017-04-25,6414,24498585756.0
2017-04-26,6414,25065682649.0
2017-04-27,6414,24876650351.0
2017-04-28,6414,24838843892.0
2017-05-02,6414,24801037432.0
2017-05-03,6414,24990069730.0
2017-05-04,6414,24990069730.0
2017-05-05,6414,24952263270.0
2017-05-08,6414,23855875945.0
2017-05-09,6414,24422972837.0
2017-05-10,6414,26577941029.0
2017-05-11,6414,26464521650.0
2017-05-12,6414,26993812083.0
2017-05-15,6414,28874828052.0
2017-05-16,6414,29027604920.0
2017-05-17,6414,29333158656.0
2017-05-18,6414,28722051184.0
2017-05-19,6414,28951216486.0
2017-05-22,6414,28951216486.0
2017-05-23,6414,29447741307.0
2017-05-24,6414,29524129741.0
2017-05-25,6414,29294964439.0
2017-05-26,6414,28836633835.0
2017-06-01,6414,29065799137.0
2017-06-02,6414,29027604920.0
2017-06-05,6414,30402596732.0
2017-06-06,6414,30135237213.0
2017-06-07,6414,29715100826.0
2017-06-08,6414,29982460345.0
2017-06-09,6414,30097042996.0
2017-06-12,6414,29791489260.0
2017-06-13,6414,29867877694.0
2017-06-14,6414,27996361061.0
2017-06-15,6414,26965117202.0
2017-06-16,6414,27576224674.0
2017-06-19,6414,27996361061.0
2017-06-20,6414,28874828052.0
2017-06-21,6414,28874828052.0
2017-06-22,6414,29065799137.0
2017-06-23,6414,28683856967.0
2017-06-26,6414,29333158656.0
2017-06-27,6414,29333158656.0
2017-06-28,6414,28798439618.0
2017-06-29,6414,29524129741.0
2017-06-30,6414,29447741307.0
2017-07-03,6414,29256770222.0
2017-07-04,6414,28951216486.0
2017-07-05,6414,29600518175.0
2017-07-06,6414,30097042996.0
2017-07-07,6414,30249819864.0
2017-07-10,6414,29753295043.0
2017-07-11,6414,29485935524.0
2017-07-12,6414,29485935524.0
2017-07-13,6414,29524129741.0
2017-07-14,6414,29409547090.0
2017-07-17,6414,30020654562.0
2017-07-18,6414,31739394327.0
2017-07-19,6414,32159530714.0
2017-07-20,6414,32274113365.0
2017-07-21,6414,32388696016.0
2017-07-24,6414,32541472884.0
2017-07-25,6414,32808832403.0
2017-07-26,6414,32847026620.0
2017-07-27,6414,35138679640.0
2017-07-28,6414,34489377951.0
2017-07-31,6414,34642154819.0
2017-08-01,6414,34222018432.0
2017-08-02,6414,34489377951.0
2017-08-03,6414,34833125904.0
2017-08-04,6414,35406039159.0
2017-08-07,6414,36208117716.0
2017-08-08,6414,34603960602.0
2017-08-09,6414,33840076262.0
2017-08-10,6414,33954658913.0
2017-08-11,6414,34145629998.0
2017-08-14,6414,33305357224.0
2017-08-15,6414,34031047347.0
2017-08-16,6414,34833125904.0
2017-08-17,6414,34527572168.0
2017-08-18,6414,33992853130.0
2017-08-21,6414,33419939875.0
2017-08-22,6414,34145629998.0
2017-08-23,6414,33840076262.0
2017-08-24,6414,33610910960.0
2017-08-25,6414,33610910960.0
2017-08-28,6414,32961609271.0
2017-08-29,6414,32999803488.0
2017-08-30,6414,33687299394.0
2017-08-31,6414,33687299394.0
2017-09-01,6414,33992853130.0
2017-09-04,6414,34756737470.0
2017-09-05,6414,34374795300.0
2017-09-06,6414,34603960602.0
2017-09-07,6414,35635204461.0
2017-09-08,6414,36666448320.0
2017-09-11,6414,36360894584.0
2017-09-12,6414,36055340848.0
2017-09-13,6414,34794931687.0
2017-09-14,6414,35062291206.0
2017-09-15,6414,34451183734.0
2017-09-18,6414,35100485423.0
2017-09-19,6414,34565766385.0
2017-09-20,6414,33916464696.0
2017-09-21,6414,34909514338.0
2017-09-22,6414,33687299394.0
2017-09-25,6414,33076191922.0
2017-09-26,6414,33152580356.0
2017-09-27,6414,33916464696.0
2017-09-28,6414,33458134092.0
2017-09-29,6414,33228968790.0
2017-10-02,6414,34145629998.0
2017-10-03,6414,33534522526.0
2017-10-05,6414,34031047347.0
2017-10-06,6414,34260212649.0
2017-10-11,6414,34145629998.0
2017-10-12,6414,33496328309.0
2017-10-13,6414,33610910960.0
2017-10-16,6414,33610910960.0
2017-10-17,6414,32961609271.0
2017-10-18,6414,31510229025.0
2017-10-19,6414,32159530714.0
2017-10-20,6414,32159530714.0
2017-10-23,6414,31777588544.0
2017-10-24,6414,31777588544.0
2017-10-25,6414,32159530714.0
2017-10-26,6414,33037997705.0
2017-10-27,6414,32083142280.0
2017-10-30,6414,32197724931.0
2017-10-31,6414,32732443969.0
2017-11-01,6414,33419939875.0
2017-11-02,6414,33458134092.0
2017-11-03,6414,33458134092.0
2017-11-06,6414,33458134092.0
2017-11-07,6414,33458134092.0
2017-11-08,6414,34183824215.0
2017-11-09,6414,33458134092.0
2017-11-10,6414,33916464696.0
2017-11-13,6414,34603960602.0
2017-11-14,6414,34336601083.0
2017-11-15,6414,32770638186.0
2017-11-16,6414,33572716743.0
2017-11-17,6414,33840076262.0
2017-11-20,6414,33610910960.0
2017-11-21,6414,34336601083.0
2017-11-22,6414,35597010244.0
2017-11-23,6414,35253262291.0
2017-11-24,6414,35902563980.0
2017-11-27,6414,35520621810.0
2017-11-28,6414,35826175546.0
2017-11-29,6414,36857419405.0
2017-11-30,6414,37277555792.0
2017-12-01,6414,37239361575.0
2017-12-04,6414,38041440132.0
2017-12-05,6414,37850469047.0
2017-12-06,6414,35291456508.0
2017-12-07,6414,35291456508.0
2017-12-08,6414,37048390490.0
2017-12-11,6414,36093535065.0
2017-12-12,6414,35558816027.0
2017-12-13,6414,35520621810.0
2017-12-14,6414,34718543253.0
2017-12-15,6414,34833125904.0
2017-12-18,6414,35444233376.0
2017-12-19,6414,34603960602.0
2017-12-20,6414,34680349036.0
2017-12-21,6414,34565766385.0
2017-12-22,6414,34031047347.0
2017-12-25,6414,33037997705.0
2017-12-26,6414,33267163007.0
2017-12-27,6414,33343551441.0
2017-12-28,6414,33840076262.0
2017-12-29,6414,34374795300.0
2018-01-02,6414,33916464696.0
2018-01-03,6414,34565766385.0
2018-01-04,6414,35711592895.0
2018-01-05,6414,35673398678.0
2018-01-08,6414,35215068074.0
2018-01-09,6414,34756737470.0
2018-01-10,6414,35024096989.0
2018-01-11,6414,37506721094.0
2018-01-12,6414,36895613622.0
2018-01-15,6414,37965051698.0
2018-01-16,6414,38805324472.0
2018-01-17,6414,38728936038.0
2018-01-18,6414,38041440132.0
2018-01-19,6414,37812274830.0
2018-01-22,6414,38270605434.0
2018-01-23,6414,36972002056.0
2018-01-24,6414,37048390490.0
2018-01-25,6414,36208117716.0
2018-01-26,6414,36742836754.0
2018-01-29,6414,36819225188.0
2018-01-30,6414,35787981329.0
2018-01-31,6414,36284506150.0
2018-02-01,6414,36360894584.0
2018-02-02,6414,37048390490.0
2018-02-05,6414,36819225188.0
2018-02-06,6414,34718543253.0
2018-02-07,6414,34756737470.0
2018-02-08,6414,34527572168.0
2018-02-09,6414,34756737470.0
2018-02-12,6414,35444233376.0
2018-02-21,6414,34756737470.0
2018-02-22,6414,38194217000.0
2018-02-23,6414,38881712906.0
2018-02-26,6414,38805324472.0
2018-02-27,6414,37965051698.0
2018-03-01,6414,39492820378.0
2018-03-02,6414,38728936038.0
2018-03-05,6414,37888663264.0
2018-03-06,6414,39340043510.0
2018-03-07,6414,40409481586.0
2018-03-08,6414,39951150982.0
2018-03-09,6414,39263655076.0
2018-03-12,6414,39034489774.0
2018-03-13,6414,38652547604.0
2018-03-14,6414,38576159170.0
2018-03-15,6414,38117828566.0
2018-03-16,6414,37277555792.0
2018-03-19,6414,37201167358.0
2018-03-20,6414,37697692179.0
2018-03-21,6414,38117828566.0
2018-03-22,6414,37583109528.0
2018-03-23,6414,36284506150.0
2018-03-26,6414,36857419405.0
2018-03-27,6414,37010196273.0
2018-03-28,6414,36551865669.0
2018-03-29,6414,36590059886.0
2018-03-30,6414,0.0
2018-04-02,6414,36093535065.0
2018-04-03,6414,34374795300.0
2018-04-09,6414,35978952414.0
2018-04-10,6414,36093535065.0
2018-04-11,6414,37277555792.0
2018-04-12,6414,36704642537.0
2018-04-13,6414,36704642537.0
2018-04-16,6414,37315750009.0
2018-04-17,6414,37048390490.0
2018-04-18,6414,37965051698.0
2018-04-19,6414,39492820378.0
2018-04-20,6414,38194217000.0
2018-04-23,6414,37506721094.0
2018-04-24,6414,37086584707.0
2018-04-25,6414,36208117716.0
2018-04-26,6414,36093535065.0
2018-04-27,6414,36284506150.0
2018-04-30,6414,36819225188.0
2018-05-02,6414,36475477235.0
2018-05-03,6414,36551865669.0
2018-05-04,6414,36437283018.0
2018-05-07,6414,36093535065.0
2018-05-08,6414,36322700367.0
2018-05-09,6414,36055340848.0
2018-05-10,6414,36208117716.0
2018-05-11,6414,35864369763.0
2018-05-14,6414,36666448320.0
2018-05-15,6414,36055340848.0
2018-05-16,6414,36360894584.0
2018-05-17,6414,36666448320.0
2018-05-18,6414,37965051698.0
2018-05-21,6414,38117828566.0
2018-05-22,6414,36857419405.0
2018-05-23,6414,37707472698.0
2018-05-24,6414,37591211220.0
2018-05-25,6414,37862488002.0
2018-05-28,6414,38986348956.0
2018-05-29,6414,38056257132.0
2018-05-30,6414,37436195916.0
2018-05-31,6414,37784980350.0
2018-06-01,6414,37319934438.0
2018-06-04,6414,37746226524.0
2018-06-05,6414,37629965046.0
2018-06-06,6414,38366287740.0
2018-06-07,6414,37242426786.0
2018-06-08,6414,36738627048.0
2018-06-11,6414,35963550528.0
2018-06-12,6414,36118565832.0
2018-06-13,6414,34723428096.0
2018-06-14,6414,34878443400.0
2018-06-15,6414,34684674270.0
2018-06-19,6414,34994704878.0
2018-06-20,6414,34800935748.0
2018-06-21,6414,34103366880.0
2018-06-22,6414,33483305664.0
2018-06-25,6414,33095767404.0
2018-06-26,6414,32243183232.0
2018-06-27,6414,32398198536.0
2018-06-28,6414,32785736796.0
2018-06-29,6414,34297136010.0
2018-07-02,6414,32126921754.0
2018-07-03,6414,28949108022.0
2018-07-04,6414,28367800632.0
2018-07-05,6414,27592724112.0
2018-07-06,6414,27670231764.0
2018-07-09,6414,28561569762.0
2018-07-10,6414,31390599060.0
2018-07-11,6414,30925553148.0
2018-07-12,6414,31235583756.0
2018-07-13,6414,31196829930.0
2018-07-16,6414,30654276366.0
2018-07-17,6414,29879199846.0
2018-07-18,6414,30654276366.0
2018-07-19,6414,30460507236.0
2018-07-20,6414,31816891146.0
2018-07-23,6414,29259138630.0
2018-07-24,6414,29142877152.0
2018-07-25,6414,29297892456.0
2018-07-26,6414,29840446020.0
2018-07-27,6414,29879199846.0
2018-07-30,6414,29685430716.0
2018-07-31,6414,29375400108.0
2018-08-01,6414,29452907760.0
2018-08-02,6414,29065369500.0
2018-08-03,6414,29685430716.0
2018-08-06,6414,29995461324.0
2018-08-07,6414,29491661586.0
2018-08-08,6414,29375400108.0
2018-08-09,6414,29569169238.0
2018-08-10,6414,28677831240.0
2018-08-13,6414,27205185852.0
2018-08-14,6414,26197586376.0
2018-08-15,6414,23601080034.0
2018-08-16,6414,21585881082.0
2018-08-17,6414,21314604300.0
2018-08-20,6414,21547127256.0
2018-08-21,6414,22515972906.0
2018-08-22,6414,22050926994.0
2018-08-23,6414,22322203776.0
2018-08-24,6414,22050926994.0
2018-08-27,6414,23213541774.0
2018-08-28,6414,23523572382.0
2018-08-29,6414,23407310904.0
2018-08-30,6414,23407310904.0
2018-08-31,6414,23174787948.0
2018-09-03,6414,22322203776.0
2018-09-04,6414,23019772644.0
2018-09-05,6414,22826003514.0
2018-09-06,6414,22322203776.0
2018-09-07,6414,20655789258.0
2018-09-10,6414,18795605610.0
2018-09-11,6414,19376913000.0
2018-09-12,6414,18756851784.0
2018-09-13,6414,19919466564.0
2018-09-14,6414,21237096648.0
2018-09-17,6414,19919466564.0
2018-09-18,6414,20733296910.0
2018-09-19,6414,21857157864.0
2018-09-20,6414,22283449950.0
2018-09-21,6414,22205942298.0
2018-09-25,6414,22787249688.0
2018-09-26,6414,22477219080.0
2018-09-27,6414,21740896386.0
2018-09-28,6414,21663388734.0
2018-10-01,6414,22360957602.0
2018-10-02,6414,21973419342.0
2018-10-03,6414,21547127256.0
2018-10-04,6414,21779650212.0
2018-10-08,6414,19299405348.0
2018-10-09,6414,19841958912.0
2018-10-11,6414,17865513786.0
2018-10-12,6414,18020529090.0
2018-10-15,6414,17749252308.0
2018-10-16,6414,17632990830.0
2018-10-17,6414,16586637528.0
2018-10-18,6414,16857914310.0
2018-10-19,6414,17477975526.0
2018-10-22,6414,17284206396.0
2018-10-23,6414,16082837790.0
2018-10-24,6414,16044083964.0
2018-10-25,6414,15152745966.0
2018-10-26,6414,15113992140.0
2018-10-29,6414,15036484488.0
2018-10-30,6414,15113992140.0
2018-10-31,6414,15889068660.0
2018-11-01,6414,16276606920.0
2018-11-02,6414,17012929614.0
2018-11-05,6414,16237853094.0
2018-11-06,6414,15269007444.0
2018-11-07,6414,16354114572.0
2018-11-08,6414,17051683440.0
2018-11-09,6414,17284206396.0
2018-11-12,6414,17710498482.0
2018-11-13,6414,18291805872.0
2018-11-14,6414,17710498482.0
2018-11-15,6414,17749252308.0
2018-11-16,6414,17981775264.0
2018-11-19,6414,18136790568.0
2018-11-20,6414,18291805872.0
2018-11-21,6414,17904267612.0
2018-11-22,6414,18408067350.0
2018-11-23,6414,17788006134.0
2018-11-26,6414,17943021438.0
2018-11-27,6414,18873113262.0
2018-11-28,6414,19725697434.0
2018-11-29,6414,19686943608.0
2018-11-30,6414,20345758650.0
2018-12-03,6414,22360957602.0
2018-12-04,6414,22244696124.0
2018-12-05,6414,21082081344.0
2018-12-06,6414,19531928304.0
2018-12-07,6414,20307004824.0
2018-12-10,6414,19493174478.0
2018-12-11,6414,20074481868.0
2018-12-12,6414,20849558388.0
2018-12-13,6414,20810804562.0
2018-12-14,6414,20074481868.0
2018-12-17,6414,19841958912.0
2018-12-18,6414,19570682130.0
2018-12-19,6414,19686943608.0
2018-12-20,6414,19415666826.0
2018-12-21,6414,19376913000.0
2018-12-24,6414,19260651522.0
2018-12-25,6414,18640590306.0
2018-12-26,6414,18834359436.0
2018-12-27,6414,18989374740.0
2018-12-28,6414,18911867088.0
2019-01-02,6414,19066882392.0
2019-01-03,6414,19144390044.0
2019-01-04,6414,18718097958.0
2019-01-07,6414,19299405348.0
2019-01-08,6414,19260651522.0
2019-01-09,6414,19338159174.0
2019-01-10,6414,19376913000.0
2019-01-11,6414,19144390044.0
2019-01-14,6414,18640590306.0
2019-01-15,6414,18679344132.0
2019-01-16,6414,18756851784.0
2019-01-17,6414,18369313524.0
2019-01-18,6414,18330559698.0
2019-01-21,6414,18756851784.0
2019-01-22,6414,18524328828.0
2019-01-23,6414,18601836480.0
2019-01-24,6414,18756851784.0
2019-01-25,6414,18911867088.0
2019-01-28,6414,19841958912.0
2019-01-29,6414,19299405348.0
2019-01-30,6414,19493174478.0
2019-02-11,6414,19493174478.0
2019-02-12,6414,19919466564.0
2019-02-13,6414,19686943608.0
2019-02-14,6414,19958220390.0
2019-02-15,6414,19221897696.0
2019-02-18,6414,19803205086.0
2019-02-19,6414,20074481868.0
2019-02-20,6414,19958220390.0
2019-02-21,6414,20190743346.0
2019-02-22,6414,20617035432.0
2019-02-25,6414,22670988210.0
2019-02-26,6414,22981018818.0
2019-02-27,6414,22709742036.0
2019-03-04,6414,23019772644.0
2019-03-05,6414,22012173168.0
2019-03-06,6414,22283449950.0
2019-03-07,6414,21895911690.0
2019-03-08,6414,21702142560.0
2019-03-11,6414,22322203776.0
2019-03-12,6414,22089680820.0
2019-03-13,6414,21663388734.0
2019-03-14,6414,23735150048.0
2019-03-15,6414,23568001104.0
2019-03-18,6414,23902298992.0
2019-03-19,6414,23693362812.0
2019-03-20,6414,23860511756.0
2019-03-21,6414,22815830856.0
2019-03-22,6414,23150128744.0
2019-03-25,6414,22189022316.0
2019-03-26,6414,22189022316.0
2019-03-27,6414,22314384024.0
2019-03-28,6414,21812937192.0
2019-03-29,6414,22230809552.0
2019-04-01,6414,22648681912.0
2019-04-02,6414,22481532968.0
2019-04-03,6414,22439745732.0
2019-04-08,6414,22439745732.0
2019-04-09,6414,23066554272.0
2019-04-10,6414,23233703216.0
2019-04-11,6414,22899405328.0
2019-04-12,6414,23359064924.0
2019-04-15,6414,23818724520.0
2019-04-16,6414,23735150048.0
2019-04-17,6414,23985873464.0
2019-04-18,6414,23442639396.0
2019-04-19,6414,23693362812.0
2019-04-22,6414,23651575576.0
2019-04-23,6414,23317277688.0
2019-04-24,6414,23317277688.0
2019-04-25,6414,23275490452.0
2019-04-26,6414,23024767036.0
2019-04-29,6414,22272596788.0
2019-04-30,6414,22732256384.0
2019-05-02,6414,22648681912.0
2019-05-03,6414,22648681912.0
2019-05-06,6414,21478639304.0
2019-05-07,6414,21729362720.0
2019-05-08,6414,21729362720.0
2019-05-09,6414,21018979708.0
2019-05-10,6414,20057873280.0
2019-05-13,6414,19723575392.0
2019-05-14,6414,20016086044.0
2019-05-15,6414,19472851976.0
2019-05-16,6414,18637107256.0
2019-05-17,6414,17676000828.0
2019-05-20,6414,17676000828.0
2019-05-21,6414,17676000828.0
2019-05-22,6414,17132766760.0
2019-05-23,6414,16714894400.0
2019-05-24,6414,16923830580.0
2019-05-27,6414,16965617816.0
2019-05-28,6414,17216341232.0
2019-05-29,6414,17550639120.0
2019-05-30,6414,17550639120.0
2019-05-31,6414,17634213592.0
2019-06-03,6414,17090979524.0
2019-06-04,6414,17550639120.0
2019-06-05,6414,17550639120.0
2019-06-06,6414,17174553996.0
2019-06-10,6414,17801362536.0
2019-06-11,6414,17926724244.0
2019-06-12,6414,17759575300.0
2019-06-13,6414,17508851884.0
2019-06-14,6414,17676000828.0
2019-06-17,6414,17759575300.0
2019-06-18,6414,18428171076.0
2019-06-19,6414,18804256200.0
2019-06-20,6414,19472851976.0
2019-06-21,6414,18637107256.0
2019-06-24,6414,19263915796.0
2019-06-25,6414,19054979616.0
2019-06-26,6414,19514639212.0
2019-06-27,6414,19514639212.0
2019-06-28,6414,19222128560.0
2019-07-01,6414,19807149864.0
2019-07-02,6414,19640000920.0
2019-07-03,6414,19514639212.0
2019-07-04,6414,19514639212.0
2019-07-05,6414,19305703032.0
2019-07-08,6414,19389277504.0
2019-07-09,6414,19013192380.0
2019-07-10,6414,19305703032.0
2019-07-11,6414,19472851976.0
2019-07-12,6414,19472851976.0
2019-07-15,6414,19514639212.0
2019-07-16,6414,19640000920.0
2019-07-17,6414,19765362628.0
2019-07-18,6414,19431064740.0
2019-07-19,6414,19263915796.0
2019-07-22,6414,19347490268.0
2019-07-23,6414,19222128560.0
2019-07-24,6414,19138554088.0
2019-07-25,6414,19556426448.0
2019-07-26,6414,18720681728.0
2019-07-29,6414,18386383840.0
2019-07-30,6414,17884937008.0
2019-07-31,6414,18386383840.0
2019-08-01,6414,18386383840.0
2019-08-02,6414,17676000828.0
2019-08-05,6414,17216341232.0
2019-08-06,6414,17174553996.0
2019-08-07,6414,16965617816.0
2019-08-08,6414,17341702940.0
2019-08-12,6414,17425277412.0
2019-08-13,6414,17132766760.0
2019-08-14,6414,17884937008.0
2019-08-15,6414,17383490176.0
2019-08-16,6414,17425277412.0
2019-08-19,6414,17717788064.0
2019-08-20,6414,18219234896.0
2019-08-21,6414,19681788156.0
2019-08-22,6414,19389277504.0
2019-08-23,6414,19054979616.0
2019-08-26,6414,17884937008.0
2019-08-27,6414,18052085952.0
2019-08-28,6414,18219234896.0
2019-08-29,6414,18177447660.0
2019-08-30,6414,18762468964.0
2019-09-02,6414,18846043436.0
2019-09-03,6414,18637107256.0
2019-09-04,6414,18971405144.0
2019-09-05,6414,19054979616.0
2019-09-06,6414,19096766852.0
2019-09-09,6414,18929617908.0
2019-09-10,6414,18971405144.0
2019-09-11,6414,19013192380.0
2019-09-12,6414,19222128560.0
2019-09-16,6414,18971405144.0
2019-09-17,6414,19389277504.0
2019-09-18,6414,19347490268.0
2019-09-19,6414,19222128560.0
2019-09-20,6414,19263915796.0
2019-09-23,6414,19222128560.0
2019-09-24,6414,19556426448.0
2019-09-25,6414,19472851976.0
2019-09-26,6414,19054979616.0
2019-09-27,6414,18344596604.0
2019-10-01,6414,17884937008.0
2019-10-02,6414,17968511480.0
2019-10-03,6414,17717788064.0
2019-10-04,6414,17508851884.0
2019-10-07,6414,17341702940.0
2019-10-08,6414,17550639120.0
2019-10-09,6414,17550639120.0
2019-10-14,6414,18135660424.0
2019-10-15,6414,17926724244.0
2019-10-16,6414,17634213592.0
2019-10-17,6414,18135660424.0
2019-10-18,6414,18261022132.0
2019-10-21,6414,18344596604.0
2019-10-22,6414,18469958312.0
2019-10-23,6414,18511745548.0
2019-10-24,6414,18553532784.0
2019-10-25,6414,18762468964.0
2019-10-28,6414,19305703032.0
2019-10-29,6414,18929617908.0
2019-10-30,6414,19096766852.0
2019-10-31,6414,19096766852.0
2019-11-01,6414,19556426448.0
2019-11-04,6414,19472851976.0
2019-11-05,6414,19389277504.0
2019-11-06,6414,19054979616.0
2019-11-07,6414,18595320020.0
2019-11-08,6414,18678894492.0
2019-11-11,6414,17843149772.0
2019-11-12,6414,18344596604.0
2019-11-13,6414,18302809368.0
2019-11-14,6414,18678894492.0
2019-11-15,6414,20517532876.0
2019-11-18,6414,20851830764.0
2019-11-19,6414,21060766944.0
2019-11-20,6414,20601107348.0
2019-11-21,6414,21478639304.0
2019-11-22,6414,21353277596.0
2019-11-25,6414,21227915888.0
2019-11-26,6414,21395064832.0
2019-11-27,6414,21227915888.0
2019-11-28,6414,21395064832.0
2019-11-29,6414,21436852068.0
2019-12-02,6414,20726469056.0
2019-12-03,6414,21018979708.0
2019-12-04,6414,20810043528.0
2019-12-05,6414,21102554180.0
2019-12-06,6414,21186128652.0
2019-12-09,6414,21436852068.0
2019-12-10,6414,21227915888.0
2019-12-11,6414,21854724428.0
2019-12-12,6414,21395064832.0
2019-12-13,6414,20977192472.0
2019-12-16,6414,21018979708.0
2019-12-17,6414,21102554180.0
2019-12-18,6414,21018979708.0
2019-12-19,6414,21436852068.0
2019-12-20,6414,21060766944.0
2019-12-23,6414,21102554180.0
2019-12-24,6414,20726469056.0
2019-12-25,6414,20935405236.0
2019-12-26,6414,20810043528.0
2019-12-27,6414,20977192472.0
2019-12-30,6414,20684681820.0
2019-12-31,6414,20642894584.0
2020-01-02,6414,21478639304.0
2020-01-03,6414,20977192472.0
2020-01-06,6414,20559320112.0
2020-01-07,6414,20308596696.0
2020-01-08,6414,20266809460.0
2020-01-09,6414,20642894584.0
2020-01-10,6414,21227915888.0
2020-01-13,6414,21269703124.0
2020-01-14,6414,21478639304.0
2020-01-15,6414,21520426540.0
2020-01-16,6414,21353277596.0
2020-01-17,6414,21269703124.0
2020-01-20,6414,21353277596.0
2020-01-30,6414,19222128560.0
2020-01-31,6414,19013192380.0
2020-02-03,6414,18302809368.0
2020-02-04,6414,18929617908.0
2020-02-05,6414,18678894492.0
2020-02-06,6414,19263915796.0
2020-02-07,6414,18762468964.0
2020-02-10,6414,18595320020.0
2020-02-11,6414,19096766852.0
2020-02-12,6414,19305703032.0
2020-02-13,6414,19138554088.0
2020-02-14,6414,19263915796.0
2020-02-17,6414,19138554088.0
2020-02-18,6414,19263915796.0
2020-02-19,6414,19681788156.0
2020-02-20,6414,20099660516.0
2020-02-21,6414,19681788156.0
2020-02-24,6414,19305703032.0
2020-02-25,6414,19514639212.0
2020-02-26,6414,19096766852.0
2020-02-27,6414,18261022132.0
2020-03-02,6414,18052085952.0
2020-03-03,6414,18386383840.0
2020-03-04,6414,18386383840.0
2020-03-05,6414,18469958312.0
2020-03-06,6414,19138554088.0
2020-03-09,6414,18219234896.0
2020-03-10,6414,18762468964.0
2020-03-11,6414,18219234896.0
2020-03-12,6414,16464170984.0
2020-03-13,6414,15252341140.0
2020-03-16,6414,13789787880.0
2020-03-17,6414,12661532508.0
2020-03-18,6414,11951149496.0
2020-03-19,6414,10781106888.0
2020-03-20,6414,11073617540.0
2020-03-23,6414,9987149404.0
2020-03-24,6414,10948255832.0
2020-03-25,6414,12034723968.0
2020-03-26,6414,12452596328.0
2020-03-27,6414,12410809092.0
2020-03-30,6414,12243660148.0
2020-03-31,6414,12536170800.0
2020-04-01,6414,12494383564.0
2020-04-06,6414,12703319744.0
2020-04-07,6414,13288341048.0
2020-04-08,6414,13915149588.0
2020-04-09,6414,13956936824.0
2020-04-10,6414,13956936824.0
2020-04-13,6414,14040511296.0
2020-04-14,6414,14374809184.0
2020-04-15,6414,14583745364.0
2020-04-16,6414,14834468780.0
2020-04-17,6414,14959830488.0
2020-04-20,6414,14918043252.0
2020-04-21,6414,14291234712.0
2020-04-22,6414,14709107072.0
2020-04-23,6414,14834468780.0
2020-04-24,6414,14834468780.0
2020-04-27,6414,15252341140.0
2020-04-28,6414,15795575208.0
2020-04-29,6414,15962724152.0
2020-04-30,6414,16338809276.0
2020-05-04,6414,15795575208.0
2020-05-05,6414,15837362444.0
2020-05-06,6414,15879149680.0
2020-05-07,6414,16046298624.0
2020-05-08,6414,16213447568.0
2020-05-11,6414,16380596512.0
2020-05-12,6414,16004511388.0
2020-05-13,6414,16464170984.0
2020-05-14,6414,15962724152.0
2020-05-15,6414,15377702848.0
2020-05-18,6414,15210553904.0
2020-05-19,6414,15670213500.0
2020-05-20,6414,15795575208.0
2020-05-21,6414,15920936916.0
2020-05-22,6414,15377702848.0
2020-05-25,6414,15544851792.0
2020-05-26,6414,16046298624.0
2020-05-27,6414,15920936916.0
2020-05-28,6414,16046298624.0
2020-05-29,6414,16129873096.0
2020-06-01,6414,17049192288.0
2020-06-02,6414,17467064648.0
2020-06-03,6414,17717788064.0
2020-06-04,6414,17508851884.0
2020-06-05,6414,18135660424.0
2020-06-08,6414,18302809368.0
2020-06-09,6414,18093873188.0
2020-06-10,6414,17926724244.0
2020-06-12,6414,17676000828.0
2020-06-15,6414,17132766760.0
2020-06-16,6414,18093873188.0
2020-06-17,6414,18219234896.0
2020-06-18,6414,20016086044.0
2020-06-19,6414,21980086136.0
2020-06-22,6414,21562213776.0
2020-06-23,6414,21896511664.0
2020-06-24,6414,21771149956.0
2020-06-29,6414,22021873372.0
2020-06-30,6414,23484426632.0
2020-07-01,6414,23985873464.0
2020-07-02,6414,23985873464.0
2020-07-03,6414,23776937284.0
2020-07-06,6414,23776937284.0
2020-07-07,6414,23818724520.0
2020-07-08,6414,23776937284.0
2020-07-09,6414,23944086228.0
2020-07-10,6414,22774043620.0
2020-07-13,6414,22481532968.0
2020-07-14,6414,22732256384.0
2020-07-15,6414,23066554272.0
2020-07-16,6414,23275490452.0
2020-07-17,6414,22815830856.0
2020-07-20,6414,22314384024.0
2020-07-21,6414,23317277688.0
2020-07-22,6414,23275490452.0
2020-07-23,6414,22774043620.0
2020-07-24,6414,22147235080.0
2020-07-27,6414,21812937192.0
2020-07-28,6414,20935405236.0
2020-07-29,6414,21771149956.0
2020-07-30,6414,21729362720.0
2020-07-31,6414,21938298900.0
2020-08-03,6414,21436852068.0
2020-08-04,6414,21687575484.0
2020-08-05,6414,23108341508.0
2020-08-06,6414,23442639396.0
2020-08-07,6414,23024767036.0
2020-08-10,6414,23776937284.0
2020-08-11,6414,23609788340.0
2020-08-12,6414,23359064924.0
2020-08-13,6414,25657362904.0
2020-08-14,6414,25114128836.0
2020-08-17,6414,25072341600.0
2020-08-18,6414,26827405512.0
2020-08-19,6414,26660256568.0
2020-08-20,6414,24696256476.0
2020-08-21,6414,25532001196.0
2020-08-24,6414,25406639488.0
2020-08-25,6414,25490213960.0
2020-08-26,6414,25573788432.0
2020-08-27,6414,25448426724.0
2020-08-28,6414,25448426724.0
2020-08-31,6414,24738043712.0
2020-09-01,6414,24403745824.0
2020-09-02,6414,24027660700.0
2020-09-03,6414,23651575576.0
2020-09-04,6414,23818724520.0
2020-09-07,6414,23442639396.0
2020-09-08,6414,24069447936.0
2020-09-09,6414,20726469056.0
2020-09-10,6414,20099660516.0
2020-09-11,6414,19932511572.0
2020-09-14,6414,20475745640.0
2020-09-15,6414,20684681820.0
2020-09-16,6414,20642894584.0
2020-09-17,6414,20726469056.0
2020-09-18,6414,20308596696.0
2020-09-21,6414,19723575392.0
2020-09-22,6414,22012196484.0
2020-09-23,6414,21872288456.0
2020-09-24,6414,20846296247.0
2020-09-25,6414,20613116199.0
2020-09-28,6414,21592472399.0
2020-09-29,6414,21405928361.0
2020-09-30,6414,21499200380.0
2020-10-05,6414,21825652446.0
2020-10-06,6414,21685744418.0
2020-10-07,6414,21965560475.0
2020-10-08,6414,21639108408.0
2020-10-12,6414,22292012541.0
2020-10-13,6414,21779016437.0
2020-10-14,6414,21872288456.0
2020-10-15,6414,22198740522.0
2020-10-16,6414,22012196484.0
2020-10-19,6414,22851644655.0
2020-10-20,6414,22478556579.0
2020-10-21,6414,22944916674.0
2020-10-22,6414,22478556579.0
2020-10-23,6414,22571828598.0
2020-10-26,6414,22711736627.0
2020-10-27,6414,22338648551.0
2020-10-28,6414,21732380427.0
2020-10-29,6414,21266020332.0
2020-10-30,6414,20986204275.0
2020-11-02,6414,20566480190.0
2020-11-03,6414,21079476294.0
2020-11-04,6414,20986204275.0
2020-11-05,6414,21079476294.0
2020-11-06,6414,21639108408.0
2020-11-09,6414,22292012541.0
2020-11-10,6414,22431920570.0
2020-11-11,6414,23131460712.0
2020-11-12,6414,22338648551.0
2020-11-13,6414,21965560475.0
2020-11-16,6414,22058832494.0
2020-11-17,6414,21685744418.0
2020-11-18,6414,21452564370.0
2020-11-19,6414,21685744418.0
2020-11-20,6414,21825652446.0
2020-11-23,6414,21732380427.0
2020-11-24,6414,21732380427.0
2020-11-25,6414,22058832494.0
2020-11-26,6414,21685744418.0
2020-11-27,6414,21592472399.0
2020-11-30,6414,21452564370.0
2020-12-01,6414,21452564370.0
2020-12-02,6414,22105468503.0
2020-12-03,6414,21872288456.0
2020-12-04,6414,22012196484.0
2020-12-07,6414,21872288456.0
2020-12-08,6414,23178096722.0
2020-12-09,6414,24530540997.0
2020-12-10,6414,24204088931.0
2020-12-11,6414,23644456817.0
2020-12-14,6414,24017544893.0
2020-12-15,6414,23271368741.0
2020-12-16,6414,23551184798.0
2020-12-17,6414,23831000855.0
2020-12-18,6414,23737728836.0
2020-12-21,6414,23271368741.0
2020-12-22,6414,22944916674.0
2020-12-23,6414,23038188693.0
2020-12-24,6414,23551184798.0
2020-12-25,6414,23644456817.0
2020-12-28,6414,23504548788.0
2020-12-29,6414,23318004750.0
2020-12-30,6414,23271368741.0
2020-12-31,6414,23411276769.0
