Stock_id,Combination,Start_Date,End_Date,Start_Price,End_Price,Return,RT_Percentile_Rank,Remark,RT_Rank,RT_6M_After
3005,201605-201610,2016/5/3,2016/10/31,21.35,41,92%,99%,Winner,1,-6%
2439,201605-201610,2016/5/3,2016/10/31,64,122,91%,99%,Winner,2,44%
2377,201605-201610,2016/5/3,2016/10/31,51.2,90.9,78%,98%,Winner,3,-32%
2345,201605-201610,2016/5/3,2016/10/31,29.3,50.4,72%,98%,Winner,4,39%
2371,201605-201610,2016/5/3,2016/10/31,4.97,8.31,67%,97%,Winner,5,34%
5269,201605-201610,2016/5/3,2016/10/31,148.5,246.5,66%,97%,Winner,6,26%
4943,201605-201610,2016/5/3,2016/10/31,43.16,71.44,66%,96%,Winner,7,78%
3008,201605-201610,2016/5/3,2016/10/31,2295,3735,63%,96%,Winner,8,37%
2383,201605-201610,2016/5/3,2016/10/31,57.6,88.1,53%,95%,Winner,9,39%
1319,201605-201610,2016/5/3,2016/10/31,48,73.4,53%,95%,Winner,10,-30%
2023,201605-201610,2016/5/3,2016/10/31,8.27,12.2,48%,94%,Winner,11,2%
8464,201605-201610,2016/5/3,2016/10/31,254,366,44%,94%,Winner,12,-16%
2492,201605-201610,2016/5/3,2016/10/31,27.2,38.3,41%,93%,Winner,13,49%
6239,201605-201610,2016/5/3,2016/10/31,65.1,90.1,38%,93%,Winner,14,6%
2354,201605-201610,2016/5/3,2016/10/31,66.8,91.6,37%,92%,Winner,15,1%
6452,201605-201610,2016/5/3,2016/10/31,352.5,476.5,35%,92%,Winner,16,-1%
4915,201605-201610,2016/5/3,2016/10/31,37,50,35%,91%,Winner,17,-1%
2633,201605-201610,2016/5/3,2016/10/31,15.5,20.85,35%,91%,Winner,18,14%
2409,201605-201610,2016/5/3,2016/10/31,9.02,12,33%,90%,Winner,19,3%
3706,201605-201610,2016/5/3,2016/10/31,22.5,29.9,33%,90%,Winner,20,6%
2855,201605-201610,2016/5/3,2016/10/31,12.25,11,-10%,10%,Loser,179,22%
2615,201605-201610,2016/5/3,2016/10/31,17.35,15.55,-10%,10%,Loser,180,8%
2015,201605-201610,2016/5/3,2016/10/31,46.8,41.9,-10%,9%,Loser,181,22%
9907,201605-201610,2016/5/3,2016/10/31,15.2,13.55,-11%,9%,Loser,182,7%
2849,201605-201610,2016/5/3,2016/10/31,13.9,12.05,-13%,8%,Loser,183,10%
1536,201605-201610,2016/5/3,2016/10/31,152,131.5,-13%,8%,Loser,184,1%
2106,201605-201610,2016/5/3,2016/10/31,56,48.3,-14%,7%,Loser,185,0%
2606,201605-201610,2016/5/3,2016/10/31,25.6,21.9,-14%,7%,Loser,186,40%
2511,201605-201610,2016/5/3,2016/10/31,11.7,10,-15%,6%,Loser,187,18%
8341,201605-201610,2016/5/3,2016/10/31,142.5,113,-21%,5%,Loser,189,33%
2231,201605-201610,2016/5/3,2016/10/31,383,290,-24%,5%,Loser,190,10%
8046,201605-201610,2016/5/3,2016/10/31,31.5,23.85,-24%,4%,Loser,191,9%
1477,201605-201610,2016/5/3,2016/10/31,166,124.5,-25%,4%,Loser,192,2%
3060,201605-201610,2016/5/3,2016/10/31,49.95,37.1,-26%,3%,Loser,193,-16%
3673,201605-201610,2016/5/3,2016/10/31,68.2,50.5,-26%,3%,Loser,194,108%
5264,201605-201610,2016/5/3,2016/10/31,139.5,101.5,-27%,2%,Loser,195,-11%
1589,201605-201610,2016/5/3,2016/10/31,204.5,124,-39%,2%,Loser,196,-24%
4137,201605-201610,2016/5/3,2016/10/31,229.5,138.5,-40%,1%,Loser,197,7%
2371,201606-201611,2016/6/1,2016/11/30,5.06,9.84,94%,99%,Winner,1,4%
3406,201606-201611,2016/6/1,2016/11/30,47.7,92.3,94%,99%,Winner,2,216%
3005,201606-201611,2016/6/1,2016/11/30,23.15,40.45,75%,98%,Winner,3,2%
2439,201606-201611,2016/6/1,2016/11/30,70.6,121.5,72%,98%,Winner,4,34%
5269,201606-201611,2016/6/1,2016/11/30,157,263,68%,97%,Winner,5,21%
3532,201606-201611,2016/6/1,2016/11/30,31.2,51.6,65%,97%,Winner,6,71%
2377,201606-201611,2016/6/1,2016/11/30,52.6,85,62%,96%,Winner,7,-15%
2023,201606-201611,2016/6/1,2016/11/30,8.04,12.3,53%,96%,Winner,8,6%
2337,201606-201611,2016/6/1,2016/11/30,2.65,4.04,52%,95%,Winner,9,258%
2352,201606-201611,2016/6/1,2016/11/30,10.65,15.4,45%,95%,Winner,10,38%
1605,201606-201611,2016/6/1,2016/11/30,9.29,13.4,44%,94%,Winner,11,-6%
1319,201606-201611,2016/6/1,2016/11/30,47.6,68,43%,94%,Winner,12,-16%
3706,201606-201611,2016/6/1,2016/11/30,22.9,32.45,42%,93%,Winner,13,15%
2823,201606-201611,2016/6/1,2016/11/30,25.3,34,34%,93%,Winner,14,-17%
2501,201606-201611,2016/6/1,2016/11/30,13.85,18.6,34%,92%,Winner,15,3%
3008,201606-201611,2016/6/1,2016/11/30,2830,3690,30%,92%,Winner,16,30%
2456,201606-201611,2016/6/1,2016/11/30,56,71.6,28%,91%,Winner,17,22%
2809,201606-201611,2016/6/1,2016/11/30,21.2,27.1,28%,91%,Winner,18,12%
2881,201606-201611,2016/6/1,2016/11/30,39,49.45,27%,90%,Winner,19,-9%
2383,201606-201611,2016/6/1,2016/11/30,66.7,83.8,26%,90%,Winner,20,51%
9910,201606-201611,2016/6/1,2016/11/30,136.5,119.5,-12%,10%,Loser,177,-5%
2449,201606-201611,2016/6/1,2016/11/30,30.25,26.35,-13%,10%,Loser,178,12%
1216,201606-201611,2016/6/1,2016/11/30,62.7,54.5,-13%,9%,Loser,179,10%
2392,201606-201611,2016/6/1,2016/11/30,41.55,36,-13%,9%,Loser,180,18%
2355,201606-201611,2016/6/1,2016/11/30,71.8,61.9,-14%,8%,Loser,181,-5%
1789,201606-201611,2016/6/1,2016/11/30,46.55,39.5,-15%,8%,Loser,182,4%
3037,201606-201611,2016/6/1,2016/11/30,14.1,11.95,-15%,7%,Loser,183,43%
8454,201606-201611,2016/6/1,2016/11/30,229.5,194.5,-15%,7%,Loser,184,18%
3673,201606-201611,2016/6/1,2016/11/30,65.3,53.9,-17%,6%,Loser,185,67%
3576,201606-201611,2016/6/1,2016/11/30,18.1,14.8,-18%,6%,Loser,186,-12%
8046,201606-201611,2016/6/1,2016/11/30,30,24.2,-19%,5%,Loser,187,5%
1536,201606-201611,2016/6/1,2016/11/30,155,122.5,-21%,5%,Loser,188,23%
1477,201606-201611,2016/6/1,2016/11/30,163.5,125.5,-23%,4%,Loser,189,4%
8341,201606-201611,2016/6/1,2016/11/30,156,115.5,-26%,4%,Loser,190,47%
2609,201606-201611,2016/6/1,2016/11/30,7.9,5.75,-27%,3%,Loser,191,128%
2231,201606-201611,2016/6/1,2016/11/30,367,264,-28%,3%,Loser,192,28%
4137,201606-201611,2016/6/1,2016/11/30,197,141.5,-28%,2%,Loser,193,-4%
5264,201606-201611,2016/6/1,2016/11/30,123.5,87.1,-29%,2%,Loser,194,5%
3060,201606-201611,2016/6/1,2016/11/30,45.7,30.4,-33%,1%,Loser,195,-3%
1589,201606-201611,2016/6/1,2016/11/30,220,107,-51%,1%,Loser,196,-22%
3532,201607-201612,2016/7/1,2016/12/30,30.85,65,111%,99%,Winner,1,19%
2371,201607-201612,2016/7/1,2016/12/30,5.05,9.54,89%,99%,Winner,2,37%
5269,201607-201612,2016/7/1,2016/12/30,151,270,79%,98%,Winner,3,15%
2439,201607-201612,2016/7/1,2016/12/30,68,121.5,79%,98%,Winner,4,54%
3005,201607-201612,2016/7/1,2016/12/30,22.7,38.05,68%,97%,Winner,5,3%
2337,201607-201612,2016/7/1,2016/12/30,2.83,4.63,64%,97%,Winner,6,263%
6116,201607-201612,2016/7/1,2016/12/30,4.96,7.86,58%,96%,Winner,7,15%
2023,201607-201612,2016/7/1,2016/12/30,7.96,11.25,41%,96%,Winner,8,20%
2882,201607-201612,2016/7/1,2016/12/30,35.05,48.2,38%,95%,Winner,9,4%
1605,201607-201612,2016/7/1,2016/12/30,8.73,11.85,36%,95%,Winner,10,15%
2881,201607-201612,2016/7/1,2016/12/30,37.6,51,36%,94%,Winner,11,-6%
2352,201607-201612,2016/7/1,2016/12/30,11.4,15.05,32%,94%,Winner,12,51%
1314,201607-201612,2016/7/1,2016/12/30,7.5,9.9,32%,93%,Winner,13,16%
3706,201607-201612,2016/7/1,2016/12/30,23.55,31,32%,93%,Winner,14,26%
2809,201607-201612,2016/7/1,2016/12/30,21.45,28.15,31%,92%,Winner,15,12%
1319,201607-201612,2016/7/1,2016/12/30,48.45,63.5,31%,92%,Winner,16,-10%
3008,201607-201612,2016/7/1,2016/12/30,2965,3790,28%,91%,Winner,17,28%
2823,201607-201612,2016/7/1,2016/12/30,25.1,32.05,28%,91%,Winner,18,-5%
2377,201607-201612,2016/7/1,2016/12/30,58,73.6,27%,90%,Winner,19,-5%
2501,201607-201612,2016/7/1,2016/12/30,14.5,18.2,26%,90%,Winner,20,9%
2393,201607-201612,2016/7/1,2016/12/30,52.5,46.1,-12%,10%,Loser,178,7%
2392,201607-201612,2016/7/1,2016/12/30,42.15,36.6,-13%,10%,Loser,179,13%
2723,201607-201612,2016/7/1,2016/12/30,284.5,245,-14%,9%,Loser,180,34%
2451,201607-201612,2016/7/1,2016/12/30,99,85.2,-14%,9%,Loser,181,19%
2412,201607-201612,2016/7/1,2016/12/30,118,101.5,-14%,8%,Loser,182,5%
3576,201607-201612,2016/7/1,2016/12/30,17.65,15.1,-14%,8%,Loser,183,-4%
2542,201607-201612,2016/7/1,2016/12/30,53.1,45.4,-15%,7%,Loser,184,11%
1536,201607-201612,2016/7/1,2016/12/30,148,125,-16%,7%,Loser,185,18%
4137,201607-201612,2016/7/1,2016/12/30,178.5,150.5,-16%,6%,Loser,186,-7%
8046,201607-201612,2016/7/1,2016/12/30,29.4,24.65,-16%,6%,Loser,187,4%
1477,201607-201612,2016/7/1,2016/12/30,148,124,-16%,5%,Loser,188,15%
1216,201607-201612,2016/7/1,2016/12/30,64.9,53.4,-18%,5%,Loser,189,14%
2498,201607-201612,2016/7/1,2016/12/30,106,79,-25%,4%,Loser,190,-8%
8341,201607-201612,2016/7/1,2016/12/30,152.5,113,-26%,4%,Loser,191,35%
5264,201607-201612,2016/7/1,2016/12/30,116,85.9,-26%,3%,Loser,192,19%
2231,201607-201612,2016/7/1,2016/12/30,360,251.5,-30%,3%,Loser,193,54%
3060,201607-201612,2016/7/1,2016/12/30,43.55,30.1,-31%,2%,Loser,194,9%
8150,201607-201612,2016/7/1,2016/12/30,34.6,23.25,-33%,2%,Loser,195,23%
2609,201607-201612,2016/7/1,2016/12/30,7.76,4.82,-38%,1%,Loser,196,155%
1589,201607-201612,2016/7/1,2016/12/30,201.5,103,-49%,1%,Loser,197,-9%
2371,201608-201701,2016/8/1,2017/1/24,5.64,16.75,197%,99%,Winner,1,-31%
3532,201608-201701,2016/8/1,2017/1/24,30.25,69.1,128%,99%,Winner,2,27%
3005,201608-201701,2016/8/1,2017/1/24,24.8,46.55,88%,98%,Winner,3,-21%
5269,201608-201701,2016/8/1,2017/1/24,180,308,71%,98%,Winner,4,18%
2337,201608-201701,2016/8/1,2017/1/24,4.18,6.96,67%,97%,Winner,5,124%
1909,201608-201701,2016/8/1,2017/1/24,15.9,24.6,55%,97%,Winner,6,54%
2023,201608-201701,2016/8/1,2017/1/24,8.36,12.45,49%,96%,Winner,7,2%
2383,201608-201701,2016/8/1,2017/1/24,73.9,109.5,48%,96%,Winner,8,25%
6116,201608-201701,2016/8/1,2017/1/24,5.6,8.21,47%,95%,Winner,9,6%
1314,201608-201701,2016/8/1,2017/1/24,7.71,11.2,45%,95%,Winner,10,4%
3019,201608-201701,2016/8/1,2017/1/24,27.8,39.95,44%,94%,Winner,11,71%
1710,201608-201701,2016/8/1,2017/1/24,19.45,27.7,42%,94%,Winner,12,-2%
2327,201608-201701,2016/8/1,2017/1/24,54,76,41%,93%,Winner,13,52%
2352,201608-201701,2016/8/1,2017/1/24,11.8,16.35,39%,93%,Winner,14,42%
2882,201608-201701,2016/8/1,2017/1/24,36.1,47.5,32%,92%,Winner,15,5%
2344,201608-201701,2016/8/1,2017/1/24,9.76,12.8,31%,92%,Winner,16,43%
2501,201608-201701,2016/8/1,2017/1/24,14.25,18.65,31%,91%,Winner,17,-8%
2439,201608-201701,2016/8/1,2017/1/24,99.5,130,31%,91%,Winner,18,90%
2103,201608-201701,2016/8/1,2017/1/24,27.8,36.15,30%,90%,Winner,19,-11%
4943,201608-201701,2016/8/1,2017/1/24,60.85,77.5,27%,90%,Winner,20,171%
8454,201608-201701,2016/8/1,2017/1/24,217.5,188.5,-13%,10%,Loser,178,12%
2347,201608-201701,2016/8/1,2017/1/24,37.8,32.6,-14%,10%,Loser,179,4%
1789,201608-201701,2016/8/1,2017/1/24,44.4,38.25,-14%,9%,Loser,180,6%
2454,201608-201701,2016/8/1,2017/1/24,249,213.5,-14%,9%,Loser,181,30%
2449,201608-201701,2016/8/1,2017/1/24,31.75,27,-15%,8%,Loser,182,10%
2392,201608-201701,2016/8/1,2017/1/24,43.25,36.6,-15%,8%,Loser,183,10%
6409,201608-201701,2016/8/1,2017/1/24,509,424.5,-17%,7%,Loser,184,24%
3060,201608-201701,2016/8/1,2017/1/24,40.9,34.05,-17%,7%,Loser,185,-11%
1707,201608-201701,2016/8/1,2017/1/24,215,178.5,-17%,6%,Loser,186,11%
2723,201608-201701,2016/8/1,2017/1/24,330.5,274,-17%,6%,Loser,187,23%
2498,201608-201701,2016/8/1,2017/1/24,95.7,79.3,-17%,5%,Loser,188,-8%
1216,201608-201701,2016/8/1,2017/1/24,66,53.5,-19%,5%,Loser,189,10%
8341,201608-201701,2016/8/1,2017/1/24,152,120,-21%,4%,Loser,190,28%
4137,201608-201701,2016/8/1,2017/1/24,187.5,146.5,-22%,4%,Loser,191,-8%
2609,201608-201701,2016/8/1,2017/1/24,7.48,5.59,-25%,3%,Loser,192,134%
8150,201608-201701,2016/8/1,2017/1/24,33.1,24.7,-25%,3%,Loser,193,19%
5264,201608-201701,2016/8/1,2017/1/24,130,95.8,-26%,2%,Loser,194,-8%
1477,201608-201701,2016/8/1,2017/1/24,169,116,-31%,2%,Loser,195,20%
2231,201608-201701,2016/8/1,2017/1/24,389.5,247,-37%,1%,Loser,196,52%
1589,201608-201701,2016/8/1,2017/1/24,168,104,-38%,1%,Loser,197,-23%
2371,201609-201702,2016/9/1,2017/2/24,5.48,15.9,190%,99%,Winner,1,-9%
3532,201609-201702,2016/9/1,2017/2/24,34.4,98.5,186%,99%,Winner,2,-10%
2337,201609-201702,2016/9/1,2017/2/24,4.2,8.97,114%,98%,Winner,3,327%
1909,201609-201702,2016/9/1,2017/2/24,15.5,29.85,93%,98%,Winner,4,41%
1314,201609-201702,2016/9/1,2017/2/24,7.31,12.15,66%,97%,Winner,5,15%
3019,201609-201702,2016/9/1,2017/2/24,31.8,51.6,62%,97%,Winner,6,143%
3673,201609-201702,2016/9/1,2017/2/24,58.7,91.9,57%,96%,Winner,7,45%
6456,201609-201702,2016/9/1,2017/2/24,81.7,126,54%,96%,Winner,8,198%
2501,201609-201702,2016/9/1,2017/2/24,13.85,20.95,51%,95%,Winner,9,-20%
2606,201609-201702,2016/9/1,2017/2/24,22.35,33.5,50%,95%,Winner,10,14%
3005,201609-201702,2016/9/1,2017/2/24,28.9,43,49%,94%,Winner,11,2%
5269,201609-201702,2016/9/1,2017/2/24,228,325,43%,94%,Winner,12,0%
6116,201609-201702,2016/9/1,2017/2/24,5.48,7.75,41%,93%,Winner,13,60%
2023,201609-201702,2016/9/1,2017/2/24,10.05,14.2,41%,93%,Winner,14,-16%
1605,201609-201702,2016/9/1,2017/2/24,10.2,14.2,39%,92%,Winner,15,3%
2633,201609-201702,2016/9/1,2017/2/24,15.7,21.55,37%,92%,Winner,16,24%
4943,201609-201702,2016/9/1,2017/2/24,63.09,86.5,37%,91%,Winner,17,142%
3443,201609-201702,2016/9/1,2017/2/24,75.2,102,36%,91%,Winner,18,117%
1802,201609-201702,2016/9/1,2017/2/24,13.15,17.55,33%,90%,Winner,19,-6%
5534,201609-201702,2016/9/1,2017/2/24,53,70.3,33%,90%,Winner,20,-2%
9904,201609-201702,2016/9/1,2017/2/24,44.75,41.7,-7%,10%,Loser,178,-5%
2385,201609-201702,2016/9/1,2017/2/24,77.8,72.4,-7%,10%,Loser,179,5%
6409,201609-201702,2016/9/1,2017/2/24,489.5,452,-8%,9%,Loser,180,19%
2912,201609-201702,2016/9/1,2017/2/24,245,225.5,-8%,9%,Loser,181,13%
9921,201609-201702,2016/9/1,2017/2/24,208.5,190,-9%,8%,Loser,182,-19%
2412,201609-201702,2016/9/1,2017/2/24,113,102,-10%,8%,Loser,183,3%
1702,201609-201702,2016/9/1,2017/2/24,69.9,63,-10%,7%,Loser,184,0%
2454,201609-201702,2016/9/1,2017/2/24,251,224,-11%,7%,Loser,185,20%
2609,201609-201702,2016/9/1,2017/2/24,7.87,6.94,-12%,6%,Loser,186,128%
8454,201609-201702,2016/9/1,2017/2/24,221.5,194,-12%,6%,Loser,187,7%
9910,201609-201702,2016/9/1,2017/2/24,150.5,130,-14%,5%,Loser,188,13%
1536,201609-201702,2016/9/1,2017/2/24,161.5,138,-15%,5%,Loser,189,5%
1477,201609-201702,2016/9/1,2017/2/24,147,124.5,-15%,4%,Loser,190,14%
2355,201609-201702,2016/9/1,2017/2/24,73.8,61.4,-17%,4%,Loser,191,-11%
8464,201609-201702,2016/9/1,2017/2/24,361.5,300.5,-17%,3%,Loser,192,5%
1707,201609-201702,2016/9/1,2017/2/24,246.5,204.5,-17%,3%,Loser,193,-9%
8150,201609-201702,2016/9/1,2017/2/24,30.3,24.75,-18%,2%,Loser,194,14%
1476,201609-201702,2016/9/1,2017/2/24,400.5,309,-23%,2%,Loser,195,19%
1589,201609-201702,2016/9/1,2017/2/24,170,119,-30%,1%,Loser,196,-30%
2231,201609-201702,2016/9/1,2017/2/24,382.5,253.5,-34%,1%,Loser,197,47%
3532,201610-201703,2016/10/3,2017/3/31,33.15,118,256%,99%,Winner,1,-9%
2337,201610-201703,2016/10/3,2017/3/31,4.29,12.7,196%,99%,Winner,2,283%
3673,201610-201703,2016/10/3,2017/3/31,50.2,106.5,112%,98%,Winner,3,-5%
4943,201610-201703,2016/10/3,2017/3/31,74.97,136,81%,98%,Winner,4,65%
6456,201610-201703,2016/10/3,2017/3/31,84,145.5,73%,97%,Winner,5,110%
3019,201610-201703,2016/10/3,2017/3/31,30.2,51.9,72%,97%,Winner,6,97%
2371,201610-201703,2016/10/3,2017/3/31,7.66,13,70%,96%,Winner,7,5%
1909,201610-201703,2016/10/3,2017/3/31,15.45,26.15,69%,96%,Winner,8,77%
2344,201610-201703,2016/10/3,2017/3/31,10.1,17,68%,95%,Winner,9,54%
1314,201610-201703,2016/10/3,2017/3/31,7.65,11.6,52%,95%,Winner,10,21%
2606,201610-201703,2016/10/3,2017/3/31,22.1,32.65,48%,94%,Winner,11,6%
6213,201610-201703,2016/10/3,2017/3/31,31.35,44.95,43%,94%,Winner,12,31%
2501,201610-201703,2016/10/3,2017/3/31,15.25,21.6,42%,93%,Winner,13,-24%
2345,201610-201703,2016/10/3,2017/3/31,47.8,66.9,40%,93%,Winner,14,39%
5534,201610-201703,2016/10/3,2017/3/31,52.9,74,40%,92%,Winner,15,-6%
2383,201610-201703,2016/10/3,2017/3/31,84.4,118,40%,92%,Winner,16,20%
2313,201610-201703,2016/10/3,2017/3/31,16.05,21.95,37%,91%,Winner,17,50%
1605,201610-201703,2016/10/3,2017/3/31,10.2,13.9,36%,91%,Winner,18,0%
2448,201610-201703,2016/10/3,2017/3/31,23.9,31.95,34%,90%,Winner,19,24%
3443,201610-201703,2016/10/3,2017/3/31,76,101.5,34%,90%,Winner,20,99%
1702,201610-201703,2016/10/3,2017/3/31,69.8,61.9,-11%,10%,Loser,178,-2%
2356,201610-201703,2016/10/3,2017/3/31,25.75,22.75,-12%,10%,Loser,179,2%
2355,201610-201703,2016/10/3,2017/3/31,70,61.7,-12%,9%,Loser,180,-5%
2377,201610-201703,2016/10/3,2017/3/31,80.6,70.6,-12%,9%,Loser,181,-7%
2707,201610-201703,2016/10/3,2017/3/31,179,156.5,-13%,8%,Loser,182,-2%
9910,201610-201703,2016/10/3,2017/3/31,140,121,-14%,8%,Loser,183,13%
5264,201610-201703,2016/10/3,2017/3/31,117,101,-14%,7%,Loser,184,2%
3060,201610-201703,2016/10/3,2017/3/31,39.9,34.1,-15%,7%,Loser,185,-19%
6285,201610-201703,2016/10/3,2017/3/31,100.5,85.3,-15%,6%,Loser,186,3%
1477,201610-201703,2016/10/3,2017/3/31,150,124.5,-17%,6%,Loser,187,6%
6409,201610-201703,2016/10/3,2017/3/31,492.5,405,-18%,5%,Loser,188,29%
1536,201610-201703,2016/10/3,2017/3/31,156,127,-19%,5%,Loser,189,10%
1476,201610-201703,2016/10/3,2017/3/31,376.5,304,-19%,4%,Loser,190,25%
9921,201610-201703,2016/10/3,2017/3/31,224,179.5,-20%,4%,Loser,191,-21%
6414,201610-201703,2016/10/3,2017/3/31,516,396.5,-23%,3%,Loser,192,24%
2231,201610-201703,2016/10/3,2017/3/31,350,260.5,-26%,3%,Loser,193,34%
1707,201610-201703,2016/10/3,2017/3/31,257.5,191,-26%,2%,Loser,194,-7%
1319,201610-201703,2016/10/3,2017/3/31,74.6,52.7,-29%,2%,Loser,195,18%
8464,201610-201703,2016/10/3,2017/3/31,407.5,283,-31%,1%,Loser,196,11%
1589,201610-201703,2016/10/3,2017/3/31,174.5,106,-39%,1%,Loser,197,-32%
2337,201611-201704,2016/11/1,2017/4/28,4.32,13.45,211%,99%,Winner,1,312%
3532,201611-201704,2016/11/1,2017/4/28,38.75,90.6,134%,99%,Winner,2,20%
3673,201611-201704,2016/11/1,2017/4/28,51.9,108,108%,98%,Winner,3,-8%
3019,201611-201704,2016/11/1,2017/4/28,28.8,58,101%,98%,Winner,4,118%
6456,201611-201704,2016/11/1,2017/4/28,84.3,168.5,100%,97%,Winner,5,49%
1909,201611-201704,2016/11/1,2017/4/28,14.9,27.2,83%,97%,Winner,6,63%
4943,201611-201704,2016/11/1,2017/4/28,71.82,128,78%,96%,Winner,7,182%
2344,201611-201704,2016/11/1,2017/4/28,9.88,17.05,73%,96%,Winner,8,60%
2327,201611-201704,2016/11/1,2017/4/28,62.5,106.5,70%,95%,Winner,9,127%
2492,201611-201704,2016/11/1,2017/4/28,38.8,57.8,49%,95%,Winner,10,38%
3037,201611-201704,2016/11/1,2017/4/28,12.75,18.6,46%,94%,Winner,11,-7%
2439,201611-201704,2016/11/1,2017/4/28,124,179,44%,94%,Winner,12,24%
2352,201611-201704,2016/11/1,2017/4/28,13.45,19.2,43%,93%,Winner,13,15%
5871,201611-201704,2016/11/1,2017/4/28,54.7,76.9,41%,93%,Winner,14,0%
2606,201611-201704,2016/11/1,2017/4/28,21.85,30.55,40%,92%,Winner,15,16%
2383,201611-201704,2016/11/1,2017/4/28,86.9,120.5,39%,92%,Winner,16,2%
2345,201611-201704,2016/11/1,2017/4/28,49.4,68.5,39%,91%,Winner,17,49%
2049,201611-201704,2016/11/1,2017/4/28,140,192.5,38%,91%,Winner,18,54%
3008,201611-201704,2016/11/1,2017/4/28,3650,5015,37%,90%,Winner,19,14%
2448,201611-201704,2016/11/1,2017/4/28,21.9,30,37%,90%,Winner,20,63%
9938,201611-201704,2016/11/1,2017/4/28,109,100.5,-8%,10%,Loser,177,21%
1216,201611-201704,2016/11/1,2017/4/28,60.8,55.7,-8%,10%,Loser,178,12%
2454,201611-201704,2016/11/1,2017/4/28,237.5,217,-9%,9%,Loser,179,55%
1262,201611-201704,2016/11/1,2017/4/28,162.5,147.5,-9%,9%,Loser,180,-50%
6409,201611-201704,2016/11/1,2017/4/28,474.5,430.5,-9%,8%,Loser,181,33%
2356,201611-201704,2016/11/1,2017/4/28,24.85,22.45,-10%,8%,Loser,182,4%
1702,201611-201704,2016/11/1,2017/4/28,67.6,61,-10%,7%,Loser,183,0%
2707,201611-201704,2016/11/1,2017/4/28,176,158,-10%,7%,Loser,184,-4%
9910,201611-201704,2016/11/1,2017/4/28,129.5,116,-10%,6%,Loser,185,15%
5264,201611-201704,2016/11/1,2017/4/28,100.5,89.5,-11%,6%,Loser,186,26%
3576,201611-201704,2016/11/1,2017/4/28,16.05,14.05,-12%,5%,Loser,187,11%
8464,201611-201704,2016/11/1,2017/4/28,364,305.5,-16%,4%,Loser,189,-3%
9921,201611-201704,2016/11/1,2017/4/28,223.5,182.5,-18%,4%,Loser,190,-15%
2498,201611-201704,2016/11/1,2017/4/28,91.8,72.4,-21%,3%,Loser,191,-5%
1589,201611-201704,2016/11/1,2017/4/28,121,91.5,-24%,3%,Loser,192,-24%
1707,201611-201704,2016/11/1,2017/4/28,263.5,194,-26%,2%,Loser,193,-11%
1319,201611-201704,2016/11/1,2017/4/28,73.1,51.2,-30%,2%,Loser,194,22%
2377,201611-201704,2016/11/1,2017/4/28,89,60.5,-32%,1%,Loser,195,16%
6414,201611-201704,2016/11/1,2017/4/28,486.5,328.5,-32%,1%,Loser,196,31%
3406,201612-201705,2016/12/1,2017/5/31,88.5,280,216%,99%,Winner,1,18%
6456,201612-201705,2016/12/1,2017/5/31,91.3,229,151%,99%,Winner,2,5%
2609,201612-201705,2016/12/1,2017/5/31,5.68,12.95,128%,98%,Winner,3,-8%
4943,201612-201705,2016/12/1,2017/5/31,57.8,119.5,107%,98%,Winner,4,348%
1909,201612-201705,2016/12/1,2017/5/31,16.15,28.55,77%,97%,Winner,5,41%
2344,201612-201705,2016/12/1,2017/5/31,9.96,17.5,76%,97%,Winner,6,50%
2327,201612-201705,2016/12/1,2017/5/31,59.4,102,72%,96%,Winner,7,237%
3532,201612-201705,2016/12/1,2017/5/31,51.8,88.6,71%,96%,Winner,8,16%
3019,201612-201705,2016/12/1,2017/5/31,30.2,51,69%,95%,Winner,9,117%
3673,201612-201705,2016/12/1,2017/5/31,55.4,92.5,67%,95%,Winner,10,-6%
2049,201612-201705,2016/12/1,2017/5/31,130.5,202,55%,94%,Winner,11,63%
2227,201612-201705,2016/12/1,2017/5/31,199,305,53%,94%,Winner,12,-21%
2383,201612-201705,2016/12/1,2017/5/31,83,125,51%,93%,Winner,13,-8%
2313,201612-201705,2016/12/1,2017/5/31,15.55,23.35,50%,93%,Winner,14,87%
5871,201612-201705,2016/12/1,2017/5/31,54.1,81.2,50%,92%,Winner,15,8%
2345,201612-201705,2016/12/1,2017/5/31,45,67.1,49%,92%,Winner,16,62%
2727,201612-201705,2016/12/1,2017/5/31,141.5,208.5,47%,91%,Winner,17,-38%
8341,201612-201705,2016/12/1,2017/5/31,114.5,168.5,47%,91%,Winner,18,53%
3037,201612-201705,2016/12/1,2017/5/31,12.2,17.4,43%,90%,Winner,19,-9%
2492,201612-201705,2016/12/1,2017/5/31,35.5,50.4,42%,90%,Winner,20,121%
2027,201612-201705,2016/12/1,2017/5/31,18.2,16.9,-7%,10%,Loser,178,14%
1101,201612-201705,2016/12/1,2017/5/31,37.1,34.4,-7%,10%,Loser,179,-2%
1476,201612-201705,2016/12/1,2017/5/31,332,306.5,-8%,9%,Loser,180,-14%
1326,201612-201705,2016/12/1,2017/5/31,99.5,91.3,-8%,9%,Loser,181,0%
2867,201612-201705,2016/12/1,2017/5/31,17.3,15.85,-8%,8%,Loser,182,5%
9945,201612-201705,2016/12/1,2017/5/31,38.05,34.85,-8%,8%,Loser,183,-9%
2881,201612-201705,2016/12/1,2017/5/31,50.3,45.85,-9%,7%,Loser,184,7%
2707,201612-201705,2016/12/1,2017/5/31,171,155,-9%,7%,Loser,185,-4%
3576,201612-201705,2016/12/1,2017/5/31,15.1,13.35,-12%,6%,Loser,186,7%
1262,201612-201705,2016/12/1,2017/5/31,144.5,127,-12%,6%,Loser,187,-61%
6116,201612-201705,2016/12/1,2017/5/31,8.87,7.77,-12%,5%,Loser,188,43%
8464,201612-201705,2016/12/1,2017/5/31,357,312.5,-12%,5%,Loser,189,-11%
2498,201612-201705,2016/12/1,2017/5/31,84.4,72.7,-14%,4%,Loser,190,-6%
2377,201612-201705,2016/12/1,2017/5/31,82.2,70,-15%,4%,Loser,191,4%
1319,201612-201705,2016/12/1,2017/5/31,65.7,55.1,-16%,3%,Loser,192,4%
6414,201612-201705,2016/12/1,2017/5/31,447.5,373,-17%,3%,Loser,193,28%
2823,201612-201705,2016/12/1,2017/5/31,35.4,29.5,-17%,2%,Loser,194,-4%
1589,201612-201705,2016/12/1,2017/5/31,111,86.9,-22%,2%,Loser,195,-24%
1707,201612-201705,2016/12/1,2017/5/31,240,186.5,-22%,1%,Loser,196,3%
2915,201612-201705,2016/12/1,2017/5/31,58.4,45,-23%,1%,Loser,197,13%
3406,201701-201706,2017/1/3,2017/6/30,109.5,306.5,180%,99%,Winner,1,-13%
2609,201701-201706,2017/1/3,2017/6/30,4.93,12.55,155%,99%,Winner,2,-13%
6456,201701-201706,2017/1/3,2017/6/30,91,225,147%,98%,Winner,3,-13%
4943,201701-201706,2017/1/3,2017/6/30,62.3,146,134%,98%,Winner,4,143%
1909,201701-201706,2017/1/3,2017/6/30,17.15,34.1,99%,97%,Winner,5,21%
2344,201701-201706,2017/1/3,2017/6/30,10.05,18.25,82%,97%,Winner,6,29%
2327,201701-201706,2017/1/3,2017/6/30,59.1,106,79%,96%,Winner,7,243%
3019,201701-201706,2017/1/3,2017/6/30,30.9,54.3,76%,96%,Winner,8,80%
2383,201701-201706,2017/1/3,2017/6/30,89.2,147.5,65%,95%,Winner,9,-29%
3443,201701-201706,2017/1/3,2017/6/30,78.9,129,63%,95%,Winner,10,100%
3673,201701-201706,2017/1/3,2017/6/30,57.8,93.2,61%,94%,Winner,11,-10%
2474,201701-201706,2017/1/3,2017/6/30,225.5,363.5,61%,94%,Winner,12,-10%
2313,201701-201706,2017/1/3,2017/6/30,15.6,24.8,59%,93%,Winner,13,57%
2492,201701-201706,2017/1/3,2017/6/30,34.75,54.6,57%,93%,Winner,14,95%
2439,201701-201706,2017/1/3,2017/6/30,122.5,189,54%,92%,Winner,15,4%
2231,201701-201706,2017/1/3,2017/6/30,257.5,397,54%,92%,Winner,16,-29%
5871,201701-201706,2017/1/3,2017/6/30,55.2,84.8,54%,91%,Winner,17,0%
2352,201701-201706,2017/1/3,2017/6/30,15.4,23.25,51%,91%,Winner,18,-8%
2345,201701-201706,2017/1/3,2017/6/30,51.7,77.6,50%,90%,Winner,19,36%
2227,201701-201706,2017/1/3,2017/6/30,198,285,44%,90%,Winner,20,-7%
3576,201701-201706,2017/1/3,2017/6/30,15.15,14.6,-4%,10%,Loser,178,-5%
1723,201701-201706,2017/1/3,2017/6/30,121,116.5,-4%,10%,Loser,179,10%
1704,201701-201706,2017/1/3,2017/6/30,43.6,41.9,-4%,9%,Loser,180,14%
6505,201701-201706,2017/1/3,2017/6/30,109.5,105,-4%,9%,Loser,181,9%
2376,201701-201706,2017/1/3,2017/6/30,42.8,41,-4%,8%,Loser,182,30%
9921,201701-201706,2017/1/3,2017/6/30,182.5,174,-5%,8%,Loser,183,-7%
2823,201701-201706,2017/1/3,2017/6/30,31.9,30.3,-5%,7%,Loser,184,-1%
2377,201701-201706,2017/1/3,2017/6/30,74.5,70.7,-5%,7%,Loser,185,9%
2881,201701-201706,2017/1/3,2017/6/30,51.4,48.45,-6%,6%,Loser,186,8%
9945,201701-201706,2017/1/3,2017/6/30,36.75,34.3,-7%,6%,Loser,187,-8%
4137,201701-201706,2017/1/3,2017/6/30,151,140,-7%,5%,Loser,188,9%
2867,201701-201706,2017/1/3,2017/6/30,17.05,15.8,-7%,5%,Loser,189,3%
2849,201701-201706,2017/1/3,2017/6/30,14.45,13.35,-8%,4%,Loser,190,1%
2498,201701-201706,2017/1/3,2017/6/30,79.2,72.6,-8%,4%,Loser,191,2%
1589,201701-201706,2017/1/3,2017/6/30,104,94.2,-9%,3%,Loser,192,-32%
6414,201701-201706,2017/1/3,2017/6/30,426.5,385.5,-10%,3%,Loser,193,17%
1319,201701-201706,2017/1/3,2017/6/30,63,56.5,-10%,2%,Loser,194,0%
1262,201701-201706,2017/1/3,2017/6/30,145.5,126.5,-13%,2%,Loser,195,-48%
2395,201701-201706,2017/1/3,2017/6/30,252.5,215.5,-15%,1%,Loser,196,-3%
2915,201701-201706,2017/1/3,2017/6/30,53.7,45.4,-15%,1%,Loser,197,12%
4943,201702-201707,2017/2/2,2017/7/31,79.2,215,171%,99%,Winner,1,39%
2609,201702-201707,2017/2/2,2017/7/31,5.74,13.45,134%,99%,Winner,2,-13%
2337,201702-201707,2017/2/2,2017/7/31,7.37,16.5,124%,98%,Winner,3,187%
3443,201702-201707,2017/2/2,2017/7/31,80.3,172.5,115%,98%,Winner,4,107%
2439,201702-201707,2017/2/2,2017/7/31,131,249.5,90%,97%,Winner,5,-25%
3406,201702-201707,2017/2/2,2017/7/31,196.5,346,76%,97%,Winner,6,-18%
3673,201702-201707,2017/2/2,2017/7/31,58.4,101.5,74%,96%,Winner,7,2%
3019,201702-201707,2017/2/2,2017/7/31,41.7,71.1,71%,96%,Winner,8,62%
2313,201702-201707,2017/2/2,2017/7/31,17.1,27.8,63%,95%,Winner,9,29%
5871,201702-201707,2017/2/2,2017/7/31,56,86.8,55%,95%,Winner,10,13%
1909,201702-201707,2017/2/2,2017/7/31,24.6,38,54%,94%,Winner,11,-16%
3037,201702-201707,2017/2/2,2017/7/31,12.75,19.65,54%,94%,Winner,12,9%
4915,201702-201707,2017/2/2,2017/7/31,43,66,53%,93%,Winner,13,22%
6269,201702-201707,2017/2/2,2017/7/31,92,141,53%,93%,Winner,14,-20%
2327,201702-201707,2017/2/2,2017/7/31,75.5,115,52%,92%,Winner,15,237%
2231,201702-201707,2017/2/2,2017/7/31,247.5,375,52%,92%,Winner,16,-21%
1590,201702-201707,2017/2/2,2017/7/31,277.5,408.5,47%,91%,Winner,17,15%
2227,201702-201707,2017/2/2,2017/7/31,198,286.5,45%,91%,Winner,18,-8%
2344,201702-201707,2017/2/2,2017/7/31,12.8,18.25,43%,90%,Winner,19,33%
2345,201702-201707,2017/2/2,2017/7/31,56.5,80.5,42%,90%,Winner,20,44%
2501,201702-201707,2017/2/2,2017/7/31,18.9,17.35,-8%,10%,Loser,178,-4%
4137,201702-201707,2017/2/2,2017/7/31,140,128.5,-8%,10%,Loser,179,12%
5264,201702-201707,2017/2/2,2017/7/31,104,95.4,-8%,9%,Loser,180,4%
1723,201702-201707,2017/2/2,2017/7/31,125,114.5,-8%,9%,Loser,181,22%
2498,201702-201707,2017/2/2,2017/7/31,78.3,71.7,-8%,8%,Loser,182,-1%
2409,201702-201707,2017/2/2,2017/7/31,13.4,12.2,-9%,8%,Loser,183,13%
2101,201702-201707,2017/2/2,2017/7/31,30.65,27.65,-10%,7%,Loser,184,-3%
2204,201702-201707,2017/2/2,2017/7/31,29.2,26.1,-11%,7%,Loser,185,2%
2103,201702-201707,2017/2/2,2017/7/31,38,33.95,-11%,6%,Loser,186,5%
9914,201702-201707,2017/2/2,2017/7/31,163,144.5,-11%,6%,Loser,187,-5%
3060,201702-201707,2017/2/2,2017/7/31,34.3,30.4,-11%,5%,Loser,188,-12%
2395,201702-201707,2017/2/2,2017/7/31,260,228.5,-12%,5%,Loser,189,-2%
9945,201702-201707,2017/2/2,2017/7/31,37.8,32.7,-13%,4%,Loser,190,1%
3576,201702-201707,2017/2/2,2017/7/31,16.45,13.95,-15%,4%,Loser,191,-1%
3005,201702-201707,2017/2/2,2017/7/31,48.4,38.2,-21%,3%,Loser,192,13%
2915,201702-201707,2017/2/2,2017/7/31,56.9,44.8,-21%,3%,Loser,193,12%
1589,201702-201707,2017/2/2,2017/7/31,106,81.8,-23%,2%,Loser,194,-10%
9921,201702-201707,2017/2/2,2017/7/31,200,149,-26%,2%,Loser,195,12%
2371,201702-201707,2017/2/2,2017/7/31,18.35,12.7,-31%,1%,Loser,196,96%
1262,201702-201707,2017/2/2,2017/7/31,162,88.5,-45%,1%,Loser,197,-30%
6456,201703-201708,2017/3/1,2017/8/31,121.5,361.5,198%,99%,Winner,1,-51%
3406,201703-201708,2017/3/1,2017/8/31,184.5,498,170%,99%,Winner,2,-55%
3019,201703-201708,2017/3/1,2017/8/31,48.9,119,143%,98%,Winner,3,-14%
2327,201703-201708,2017/3/1,2017/8/31,80,194,143%,98%,Winner,4,70%
4943,201703-201708,2017/3/1,2017/8/31,86.2,209,142%,97%,Winner,5,20%
2609,201703-201708,2017/3/1,2017/8/31,7.36,16.75,128%,97%,Winner,6,-37%
3443,201703-201708,2017/3/1,2017/8/31,102,221.5,117%,96%,Winner,7,47%
2344,201703-201708,2017/3/1,2017/8/31,11.05,23.15,110%,96%,Winner,8,-15%
2439,201703-201708,2017/3/1,2017/8/31,140,237,69%,95%,Winner,9,-19%
2313,201703-201708,2017/3/1,2017/8/31,19.85,32.55,64%,95%,Winner,10,4%
6116,201703-201708,2017/3/1,2017/8/31,7.67,12.3,60%,94%,Winner,11,-19%
4915,201703-201708,2017/3/1,2017/8/31,46.65,71.6,53%,94%,Winner,12,1%
2603,201703-201708,2017/3/1,2017/8/31,15,23,53%,93%,Winner,13,-31%
2474,201703-201708,2017/3/1,2017/8/31,253,384,52%,93%,Winner,14,-8%
8341,201703-201708,2017/3/1,2017/8/31,126,189.5,50%,92%,Winner,15,26%
2231,201703-201708,2017/3/1,2017/8/31,252.5,370,47%,92%,Winner,16,-6%
2492,201703-201708,2017/3/1,2017/8/31,47.4,68.9,45%,91%,Winner,17,23%
3673,201703-201708,2017/3/1,2017/8/31,85.4,124,45%,91%,Winner,18,-44%
6213,201703-201708,2017/3/1,2017/8/31,41.05,59.4,45%,90%,Winner,19,30%
6269,201703-201708,2017/3/1,2017/8/31,92.8,133.5,44%,90%,Winner,20,-17%
1102,201703-201708,2017/3/1,2017/8/31,30.6,27.35,-11%,10%,Loser,178,3%
2103,201703-201708,2017/3/1,2017/8/31,35.75,31.9,-11%,10%,Loser,179,4%
2355,201703-201708,2017/3/1,2017/8/31,61.2,54.5,-11%,9%,Loser,180,-1%
2498,201703-201708,2017/3/1,2017/8/31,77.9,68.7,-12%,9%,Loser,181,-11%
2101,201703-201708,2017/3/1,2017/8/31,30.9,27.25,-12%,8%,Loser,182,-3%
3576,201703-201708,2017/3/1,2017/8/31,15.6,13.7,-12%,8%,Loser,183,0%
2106,201703-201708,2017/3/1,2017/8/31,49.55,43.15,-13%,7%,Loser,184,-16%
2395,201703-201708,2017/3/1,2017/8/31,258.5,222.5,-14%,7%,Loser,185,-2%
2301,201703-201708,2017/3/1,2017/8/31,51.9,44.65,-14%,6%,Loser,186,-6%
2023,201703-201708,2017/3/1,2017/8/31,14.6,12.3,-16%,6%,Loser,187,-6%
9914,201703-201708,2017/3/1,2017/8/31,157.5,132.5,-16%,5%,Loser,188,-3%
2915,201703-201708,2017/3/1,2017/8/31,58.6,48.55,-17%,5%,Loser,189,6%
9921,201703-201708,2017/3/1,2017/8/31,188.5,152.5,-19%,4%,Loser,190,0%
2501,201703-201708,2017/3/1,2017/8/31,20.65,16.55,-20%,4%,Loser,191,-4%
3060,201703-201708,2017/3/1,2017/8/31,37.4,29.05,-22%,3%,Loser,192,-18%
1789,201703-201708,2017/3/1,2017/8/31,45,34.7,-23%,3%,Loser,193,-8%
9945,201703-201708,2017/3/1,2017/8/31,38.9,29.55,-24%,2%,Loser,194,9%
4137,201703-201708,2017/3/1,2017/8/31,160.5,112,-30%,2%,Loser,195,29%
1589,201703-201708,2017/3/1,2017/8/31,119.5,83.1,-30%,1%,Loser,196,-6%
1262,201703-201708,2017/3/1,2017/8/31,164.5,78.1,-53%,1%,Loser,197,-24%
2327,201704-201709,2017/4/5,2017/9/30,84,212,152%,99%,Winner,1,145%
6456,201704-201709,2017/4/5,2017/9/30,147,308.5,110%,99%,Winner,2,-43%
3443,201704-201709,2017/4/5,2017/9/30,104.5,208,99%,98%,Winner,3,40%
3019,201704-201709,2017/4/5,2017/9/30,57,112.5,97%,98%,Winner,4,-12%
2408,201704-201709,2017/4/5,2017/9/30,47.9,86.3,80%,97%,Winner,5,1%
2609,201704-201709,2017/4/5,2017/9/30,7.07,12.7,80%,97%,Winner,6,-17%
1909,201704-201709,2017/4/5,2017/9/30,25.75,45.45,77%,96%,Winner,7,-32%
2492,201704-201709,2017/4/5,2017/9/30,44.85,75.9,69%,96%,Winner,8,52%
4943,201704-201709,2017/4/5,2017/9/30,132.5,218.5,65%,95%,Winner,9,36%
2344,201704-201709,2017/4/5,2017/9/30,17.5,27,54%,95%,Winner,10,-29%
2104,201704-201709,2017/4/5,2017/9/30,30.1,45.3,50%,94%,Winner,11,4%
2313,201704-201709,2017/4/5,2017/9/30,22.55,33.85,50%,94%,Winner,12,-15%
4915,201704-201709,2017/4/5,2017/9/30,50.2,74.2,48%,93%,Winner,13,-16%
6116,201704-201709,2017/4/5,2017/9/30,8.54,12.15,42%,93%,Winner,14,-18%
2049,201704-201709,2017/4/5,2017/9/30,193,272.5,41%,92%,Winner,15,51%
2345,201704-201709,2017/4/5,2017/9/30,70.6,98.4,39%,92%,Winner,16,-3%
1590,201704-201709,2017/4/5,2017/9/30,305,417,37%,91%,Winner,17,16%
2231,201704-201709,2017/4/5,2017/9/30,262,352,34%,91%,Winner,18,9%
2454,201704-201709,2017/4/5,2017/9/30,220,291.5,33%,90%,Winner,19,18%
6213,201704-201709,2017/4/5,2017/9/30,44.6,58.5,31%,90%,Winner,20,22%
9907,201704-201709,2017/4/5,2017/9/30,15.8,13.8,-13%,10%,Loser,177,-5%
3231,201704-201709,2017/4/5,2017/9/30,28.5,24.5,-14%,10%,Loser,178,0%
1102,201704-201709,2017/4/5,2017/9/30,31.5,26.85,-15%,9%,Loser,179,6%
9914,201704-201709,2017/4/5,2017/9/30,159,135.5,-15%,9%,Loser,180,-2%
2395,201704-201709,2017/4/5,2017/9/30,250,213,-15%,8%,Loser,181,-2%
2451,201704-201709,2017/4/5,2017/9/30,102,86.6,-15%,8%,Loser,182,-1%
2106,201704-201709,2017/4/5,2017/9/30,50.5,42.65,-16%,7%,Loser,183,-13%
5522,201704-201709,2017/4/5,2017/9/30,40.65,33.8,-17%,7%,Loser,184,-2%
2023,201704-201709,2017/4/5,2017/9/30,13.65,11.25,-18%,6%,Loser,185,-4%
2301,201704-201709,2017/4/5,2017/9/30,53.2,43.2,-19%,6%,Loser,186,-6%
3060,201704-201709,2017/4/5,2017/9/30,33.85,27.45,-19%,5%,Loser,187,-17%
2357,201704-201709,2017/4/5,2017/9/30,306.5,248,-19%,5%,Loser,188,12%
9921,201704-201709,2017/4/5,2017/9/30,180.5,143,-21%,4%,Loser,189,7%
2542,201704-201709,2017/4/5,2017/9/30,52.6,41.1,-22%,4%,Loser,190,12%
9945,201704-201709,2017/4/5,2017/9/30,36.75,28.05,-24%,3%,Loser,191,20%
1789,201704-201709,2017/4/5,2017/9/30,43.25,32.8,-24%,3%,Loser,192,3%
2501,201704-201709,2017/4/5,2017/9/30,22.05,16.65,-24%,2%,Loser,193,-7%
4137,201704-201709,2017/4/5,2017/9/30,141.5,105,-26%,2%,Loser,194,87%
1589,201704-201709,2017/4/5,2017/9/30,109.5,74,-32%,1%,Loser,195,35%
1262,201704-201709,2017/4/5,2017/9/30,166.5,68.9,-59%,1%,Loser,196,-31%
3443,201705-201710,2017/5/2,2017/10/31,101.5,300,196%,99%,Winner,1,-6%
4943,201705-201710,2017/5/2,2017/10/31,128.5,363,182%,99%,Winner,2,-24%
2327,201705-201710,2017/5/2,2017/10/31,105.5,239.5,127%,98%,Winner,3,149%
3019,201705-201710,2017/5/2,2017/10/31,56.3,123,118%,98%,Winner,4,-22%
2408,201705-201710,2017/5/2,2017/10/31,49.35,81.8,66%,97%,Winner,5,7%
2448,201705-201710,2017/5/2,2017/10/31,29.9,48.8,63%,97%,Winner,6,-23%
1909,201705-201710,2017/5/2,2017/10/31,27.25,44.4,63%,96%,Winner,7,-22%
2344,201705-201710,2017/5/2,2017/10/31,16.3,26.1,60%,96%,Winner,8,-30%
2360,201705-201710,2017/5/2,2017/10/31,92.1,147,60%,95%,Winner,9,5%
2313,201705-201710,2017/5/2,2017/10/31,22.7,35.45,56%,95%,Winner,10,-22%
2454,201705-201710,2017/5/2,2017/10/31,221.5,342.5,55%,94%,Winner,11,1%
2049,201705-201710,2017/5/2,2017/10/31,196,302,54%,94%,Winner,12,50%
6456,201705-201710,2017/5/2,2017/10/31,185,276.5,49%,93%,Winner,13,-36%
2345,201705-201710,2017/5/2,2017/10/31,65.2,97.2,49%,93%,Winner,14,-30%
4915,201705-201710,2017/5/2,2017/10/31,53.6,78.2,46%,92%,Winner,15,-22%
6116,201705-201710,2017/5/2,2017/10/31,8.1,11.7,44%,92%,Winner,16,-30%
1590,201705-201710,2017/5/2,2017/10/31,346,488.5,41%,91%,Winner,17,7%
6213,201705-201710,2017/5/2,2017/10/31,45.35,63.1,39%,91%,Winner,18,3%
2104,201705-201710,2017/5/2,2017/10/31,30.25,42,39%,90%,Winner,19,1%
2492,201705-201710,2017/5/2,2017/10/31,56.5,77.8,38%,90%,Winner,20,126%
1707,201705-201710,2017/5/2,2017/10/31,194,173.5,-11%,10%,Loser,176,43%
2059,201705-201710,2017/5/2,2017/10/31,461,403.5,-12%,10%,Loser,177,4%
3231,201705-201710,2017/5/2,2017/10/31,28.8,25.15,-13%,9%,Loser,178,-5%
4938,201705-201710,2017/5/2,2017/10/31,90,78,-13%,9%,Loser,179,-11%
9914,201705-201710,2017/5/2,2017/10/31,162.5,140.5,-14%,8%,Loser,180,-5%
2357,201705-201710,2017/5/2,2017/10/31,302,261,-14%,8%,Loser,181,7%
9921,201705-201710,2017/5/2,2017/10/31,182.5,155,-15%,7%,Loser,182,-2%
9945,201705-201710,2017/5/2,2017/10/31,36.7,30.95,-16%,7%,Loser,183,16%
2395,201705-201710,2017/5/2,2017/10/31,244.5,206,-16%,6%,Loser,184,-2%
2308,201705-201710,2017/5/2,2017/10/31,174,145,-17%,6%,Loser,185,-25%
2501,201705-201710,2017/5/2,2017/10/31,20.45,16.85,-18%,5%,Loser,186,2%
2451,201705-201710,2017/5/2,2017/10/31,104,85.6,-18%,5%,Loser,187,-3%
2106,201705-201710,2017/5/2,2017/10/31,48.8,40,-18%,4%,Loser,188,-14%
2301,201705-201710,2017/5/2,2017/10/31,52.1,42.55,-18%,4%,Loser,189,-4%
1789,201705-201710,2017/5/2,2017/10/31,41.15,33.3,-19%,3%,Loser,190,-3%
5522,201705-201710,2017/5/2,2017/10/31,40.8,32.95,-19%,3%,Loser,191,0%
2542,201705-201710,2017/5/2,2017/10/31,51,40.3,-21%,2%,Loser,192,13%
1589,201705-201710,2017/5/2,2017/10/31,91.1,69.6,-24%,2%,Loser,193,15%
4137,201705-201710,2017/5/2,2017/10/31,143,109,-24%,1%,Loser,194,79%
1262,201705-201710,2017/5/2,2017/10/31,143.5,71.6,-50%,1%,Loser,195,-52%
2327,201706-201711,2017/6/1,2017/11/30,99.7,336,237%,99%,Winner,1,207%
2337,201706-201711,2017/6/1,2017/11/30,15.2,47.4,212%,99%,Winner,2,7%
3443,201706-201711,2017/6/1,2017/11/30,103,282,174%,98%,Winner,3,-5%
3026,201706-201711,2017/6/1,2017/11/30,40.2,91.5,128%,98%,Winner,4,143%
2492,201706-201711,2017/6/1,2017/11/30,50.7,112,121%,97%,Winner,5,276%
3019,201706-201711,2017/6/1,2017/11/30,51.8,112.5,117%,97%,Winner,6,-15%
2360,201706-201711,2017/6/1,2017/11/30,94,176.5,88%,96%,Winner,7,-11%
2313,201706-201711,2017/6/1,2017/11/30,23.8,44.45,87%,96%,Winner,8,-24%
2371,201706-201711,2017/6/1,2017/11/30,10.2,17.85,75%,95%,Winner,9,28%
2448,201706-201711,2017/6/1,2017/11/30,32.4,54,67%,95%,Winner,10,-23%
2049,201706-201711,2017/6/1,2017/11/30,203,330.5,63%,94%,Winner,11,29%
2345,201706-201711,2017/6/1,2017/11/30,68,110,62%,94%,Winner,12,-18%
6213,201706-201711,2017/6/1,2017/11/30,42.75,65.6,53%,93%,Winner,13,0%
8341,201706-201711,2017/6/1,2017/11/30,165,253,53%,93%,Winner,14,-18%
1590,201706-201711,2017/6/1,2017/11/30,334,511,53%,92%,Winner,15,2%
2408,201706-201711,2017/6/1,2017/11/30,51.5,77.8,51%,92%,Winner,16,32%
2344,201706-201711,2017/6/1,2017/11/30,19.1,28.6,50%,91%,Winner,17,-25%
2454,201706-201711,2017/6/1,2017/11/30,228,326,43%,91%,Winner,18,-1%
4915,201706-201711,2017/6/1,2017/11/30,58.1,83,43%,90%,Winner,19,-28%
6116,201706-201711,2017/6/1,2017/11/30,7.84,11.2,43%,90%,Winner,20,-15%
8150,201706-201711,2017/6/1,2017/11/30,31.35,27.3,-13%,10%,Loser,178,-22%
1789,201706-201711,2017/6/1,2017/11/30,41,35.4,-14%,10%,Loser,179,-2%
9904,201706-201711,2017/6/1,2017/11/30,41.75,36,-14%,9%,Loser,180,2%
1476,201706-201711,2017/6/1,2017/11/30,313.5,268.5,-14%,9%,Loser,181,36%
9921,201706-201711,2017/6/1,2017/11/30,175.5,150,-15%,8%,Loser,182,-13%
2105,201706-201711,2017/6/1,2017/11/30,61,51.4,-16%,8%,Loser,183,-10%
2451,201706-201711,2017/6/1,2017/11/30,101.5,83.7,-18%,7%,Loser,184,1%
2106,201706-201711,2017/6/1,2017/11/30,46.55,38.25,-18%,7%,Loser,185,-12%
2308,201706-201711,2017/6/1,2017/11/30,167,136.5,-18%,6%,Loser,186,-19%
3231,201706-201711,2017/6/1,2017/11/30,28.4,23.1,-19%,6%,Loser,187,0%
2395,201706-201711,2017/6/1,2017/11/30,246.5,200,-19%,5%,Loser,188,2%
2542,201706-201711,2017/6/1,2017/11/30,49.9,39.9,-20%,5%,Loser,189,15%
2227,201706-201711,2017/6/1,2017/11/30,318.5,253,-21%,4%,Loser,190,-2%
9914,201706-201711,2017/6/1,2017/11/30,160.5,124,-23%,4%,Loser,191,4%
1589,201706-201711,2017/6/1,2017/11/30,88.5,67.7,-24%,3%,Loser,192,0%
5522,201706-201711,2017/6/1,2017/11/30,41.95,31.65,-25%,3%,Loser,193,7%
4938,201706-201711,2017/6/1,2017/11/30,92.5,68.3,-26%,2%,Loser,194,-8%
2301,201706-201711,2017/6/1,2017/11/30,50,36.85,-26%,2%,Loser,195,5%
2727,201706-201711,2017/6/1,2017/11/30,211,131,-38%,1%,Loser,196,-21%
1262,201706-201711,2017/6/1,2017/11/30,134,52.6,-61%,1%,Loser,197,-33%
3026,201707-201712,2017/7/3,2017/12/29,41.25,112,172%,99%,Winner,1,92%
2337,201707-201712,2017/7/3,2017/12/29,16.8,44.2,163%,99%,Winner,2,11%
4943,201707-201712,2017/7/3,2017/12/29,146.5,355.5,143%,98%,Winner,3,-7%
3443,201707-201712,2017/7/3,2017/12/29,127.5,255,100%,98%,Winner,4,0%
2492,201707-201712,2017/7/3,2017/12/29,53.9,105,95%,97%,Winner,5,272%
3019,201707-201712,2017/7/3,2017/12/29,53.4,96.1,80%,97%,Winner,6,-4%
2360,201707-201712,2017/7/3,2017/12/29,95.2,162,70%,96%,Winner,7,-2%
8341,201707-201712,2017/7/3,2017/12/29,156.5,255,63%,96%,Winner,8,-22%
2448,201707-201712,2017/7/3,2017/12/29,27.95,45.15,62%,95%,Winner,9,-10%
2049,201707-201712,2017/7/3,2017/12/29,201,322,60%,95%,Winner,10,38%
2313,201707-201712,2017/7/3,2017/12/29,24.4,38.4,57%,94%,Winner,11,-16%
6213,201707-201712,2017/7/3,2017/12/29,41.55,65.3,57%,94%,Winner,12,-2%
2353,201707-201712,2017/7/3,2017/12/29,16,24.15,51%,93%,Winner,13,3%
1802,201707-201712,2017/7/3,2017/12/29,14.9,22.35,50%,93%,Winner,14,-19%
1590,201707-201712,2017/7/3,2017/12/29,365,535,47%,92%,Winner,15,0%
2371,201707-201712,2017/7/3,2017/12/29,13.1,19.2,47%,92%,Winner,16,19%
1907,201707-201712,2017/7/3,2017/12/29,9.77,13.95,43%,91%,Winner,17,-5%
2408,201707-201712,2017/7/3,2017/12/29,54.3,76.2,40%,91%,Winner,18,25%
2345,201707-201712,2017/7/3,2017/12/29,78,106,36%,90%,Winner,19,-19%
2104,201707-201712,2017/7/3,2017/12/29,32.35,43.85,36%,90%,Winner,20,1%
2542,201707-201712,2017/7/3,2017/12/29,50.6,42.3,-16%,10%,Loser,178,7%
2501,201707-201712,2017/7/3,2017/12/29,19.7,16.45,-16%,10%,Loser,179,8%
1477,201707-201712,2017/7/3,2017/12/29,150,125,-17%,9%,Loser,180,9%
5522,201707-201712,2017/7/3,2017/12/29,38.75,32.1,-17%,9%,Loser,181,4%
2317,201707-201712,2017/7/3,2017/12/29,116.5,95.2,-18%,8%,Loser,182,-9%
2105,201707-201712,2017/7/3,2017/12/29,65.3,52.5,-20%,8%,Loser,183,-12%
2301,201707-201712,2017/7/3,2017/12/29,50.7,40.6,-20%,7%,Loser,184,-4%
2106,201707-201712,2017/7/3,2017/12/29,48.5,37.55,-23%,7%,Loser,185,-12%
3231,201707-201712,2017/7/3,2017/12/29,31.1,23.95,-23%,6%,Loser,186,-3%
3060,201707-201712,2017/7/3,2017/12/29,35,26.9,-23%,6%,Loser,187,-18%
9914,201707-201712,2017/7/3,2017/12/29,164,125,-24%,5%,Loser,188,1%
3481,201707-201712,2017/7/3,2017/12/29,16.3,12.4,-24%,5%,Loser,189,-6%
1476,201707-201712,2017/7/3,2017/12/29,392.5,297.5,-24%,4%,Loser,190,27%
4938,201707-201712,2017/7/3,2017/12/29,97.6,72,-26%,4%,Loser,191,-10%
2727,201707-201712,2017/7/3,2017/12/29,187,134,-28%,3%,Loser,192,-23%
2383,201707-201712,2017/7/3,2017/12/29,143.5,101.5,-29%,3%,Loser,193,-19%
2231,201707-201712,2017/7/3,2017/12/29,388.5,274,-29%,2%,Loser,194,27%
3189,201707-201712,2017/7/3,2017/12/29,79.6,54.2,-32%,2%,Loser,195,8%
1589,201707-201712,2017/7/3,2017/12/29,94.1,63.8,-32%,1%,Loser,196,3%
1262,201707-201712,2017/7/3,2017/12/29,125.5,64.7,-48%,1%,Loser,197,-47%
