year_month,stock_id,mean_close
201212,1216,30.63095238095238
201201,1227,31.825333333333333
201202,1227,35.423500000000004
201203,1227,35.82521739130435
201204,1227,31.008499999999998
201205,1227,31.096363636363638
201207,1227,31.85909090909091
201208,1227,35.87909090909091
201209,1227,34.036
201210,1227,34.12772727272728
201211,1227,33.64
201212,1227,35.173809523809524
201209,1234,31.594
201209,1256,32.7135294117647
201201,1259,87.78266666666667
201202,1259,102.53900000000002
201203,1259,98.40478260869565
201204,1259,89.197
201205,1259,81.66636363636364
201206,1259,76.20476190476191
201207,1259,76.0059090909091
201208,1259,80.85636363636364
201209,1259,72.076
201210,1259,64.06545454545454
201211,1259,53.698181818181816
201212,1259,53.64809523809523
201201,1301,46.60333333333333
201202,1301,49.777
201203,1301,50.28826086956522
201204,1301,47.661
201205,1301,44.781363636363636
201206,1301,43.40380952380953
201207,1301,46.40227272727273
201208,1301,49.30409090909091
201209,1301,49.2615
201210,1301,47.49181818181818
201211,1301,43.73681818181819
201212,1301,45.69619047619047
201201,1303,35.337333333333326
201202,1303,37.8285
201203,1303,38.96782608695652
201204,1303,34.6625
201205,1303,32.51272727272727
201206,1303,30.56047619047619
201207,1303,31.865454545454543
201208,1303,34.550000000000004
201209,1303,33.564
201210,1303,32.461363636363636
201212,1303,31.920952380952382
201201,1315,37.580666666666666
201202,1315,39.6405
201203,1315,43.939565217391305
201204,1315,43.0335
201205,1315,41.54454545454546
201206,1315,40.227619047619044
201207,1315,38.46454545454546
201208,1315,37.35227272727273
201209,1315,42.926
201210,1315,40.78454545454545
201211,1315,39.79318181818182
201212,1315,41.02285714285714
201201,1326,47.60133333333333
201202,1326,51.33200000000001
201203,1326,51.462173913043486
201204,1326,49.1085
201205,1326,46.66090909090909
201206,1326,44.544761904761906
201207,1326,46.597727272727276
201208,1326,49.35227272727273
201209,1326,47.6105
201210,1326,45.71727272727273
201211,1326,40.01409090909091
201212,1326,42.93571428571428
201201,1337,32.525333333333336
201202,1337,38.1115
201203,1337,43.200434782608696
201204,1337,40.3745
201205,1337,44.16772727272728
201206,1337,44.486666666666665
201207,1337,49.02045454545455
201208,1337,55.189090909090915
201209,1337,56.174
201210,1337,55.98090909090909
201211,1337,51.12318181818182
201212,1337,51.16285714285715
201201,1338,55.97888888888889
201202,1338,60.89266666666666
201203,1338,64.87789473684211
201204,1338,62.774375
201205,1338,61.26777777777777
201206,1338,58.12166666666667
201207,1338,58.684666666666665
201208,1338,56.527692307692305
201209,1338,58.11176470588235
201210,1338,54.213
201211,1338,48.727619047619044
201212,1338,44.73285714285714
201202,1419,30.046
201203,1419,32.711739130434786
201204,1419,30.832
201205,1419,30.270000000000003
201206,1419,30.183333333333334
201207,1419,30.029999999999998
201208,1419,30.281818181818185
201209,1419,31.121
201201,1472,48.63933333333333
201202,1472,57.545500000000004
201203,1472,53.0104347826087
201204,1472,42.0395
201205,1472,42.26590909090909
201206,1472,44.52047619047619
201207,1472,50.41363636363636
201208,1472,71.48272727272727
201209,1472,78.44149999999999
201210,1472,89.42681818181819
201211,1472,96.81227272727273
201212,1472,95.20666666666666
201202,1476,31.802
201203,1476,35.66608695652174
201204,1476,39.118
201205,1476,41.11545454545455
201206,1476,39.56238095238095
201207,1476,44.37318181818182
201208,1476,50.86318181818182
201209,1476,52.463499999999996
201210,1476,56.74363636363636
201211,1476,62.96181818181819
201212,1476,68.70666666666668
201201,1477,30.586000000000002
201202,1477,33.0695
201203,1477,35.60130434782609
201204,1477,37.082499999999996
201205,1477,37.2359090909091
201206,1477,36.55095238095238
201207,1477,38.45409090909091
201208,1477,39.43818181818182
201209,1477,39.193
201210,1477,40.90772727272727
201211,1477,41.655
201212,1477,41.10857142857143
201201,1507,30.966
201202,1507,30.7125
201203,1507,31.73478260869565
201204,1507,31.27
201205,1507,31.447727272727274
201206,1507,31.421904761904763
201207,1507,32.982727272727274
201208,1507,35.69681818181818
201209,1507,38.8065
201210,1507,40.002272727272725
201211,1507,39.38727272727272
201212,1507,36.29095238095238
201201,1512,70.09466666666667
201202,1512,80.654
201203,1512,84.14826086956522
201204,1512,80.80499999999999
201205,1512,75.24545454545455
201206,1512,73.01333333333334
201207,1512,73.71636363636364
201208,1512,77.58500000000001
201209,1512,83.553
201210,1512,84.53954545454546
201211,1512,73.27636363636363
201212,1512,74.11095238095238
201202,1521,31.826999999999998
201209,1525,33.0855
201210,1525,31.150909090909092
201202,1535,32.372
201203,1535,33.92304347826087
201204,1535,33.5375
201205,1535,34.52909090909091
201206,1535,34.227619047619044
201207,1535,36.00090909090909
201208,1535,36.20227272727273
201209,1535,37.277
201210,1535,36.77909090909091
201211,1535,36.268181818181816
201212,1535,37.21523809523809
201201,1538,205.96
201202,1538,243.11149999999998
201203,1538,221.6817391304348
201204,1538,149.8475
201205,1538,130.24136363636364
201206,1538,134.34428571428572
201207,1538,118.44318181818181
201208,1538,116.97818181818182
201209,1538,128.167
201210,1538,108.11136363636363
201211,1538,85.2440909090909
201212,1538,97.08666666666666
201201,1558,37.559333333333335
201202,1558,42.890499999999996
201203,1558,46.43130434782609
201204,1558,43.4565
201205,1558,42.89363636363636
201206,1558,42.14380952380952
201207,1558,43.00409090909091
201208,1558,43.80590909090909
201209,1558,44.225
201210,1558,43.98954545454546
201211,1558,43.83136363636363
201212,1558,44.359047619047615
201201,1565,166.12
201202,1565,194.322
201203,1565,214.25608695652176
201204,1565,202.214
201205,1565,183.30363636363634
201206,1565,176.35714285714286
201207,1565,193.07227272727275
201208,1565,202.87590909090912
201209,1565,210.1435
201210,1565,229.7990909090909
201211,1565,242.32818181818183
201212,1565,253.45666666666668
201201,1569,35.29866666666667
201202,1569,45.7205
201203,1569,46.3004347826087
201204,1569,44.468
201205,1569,43.069545454545455
201206,1569,37.9147619047619
201207,1569,34.817727272727275
201208,1569,30.675454545454546
201209,1569,31.753500000000003
201201,1580,35.77733333333333
201202,1580,40.822500000000005
201203,1580,43.87695652173913
201204,1580,40.488
201205,1580,44.46
201206,1580,45.436190476190475
201207,1580,49.09136363636364
201208,1580,50.64636363636364
201209,1580,53.1145
201210,1580,55.27681818181818
201211,1580,50.75
201212,1580,52.29571428571429
201204,1589,34.38
201205,1589,39.60409090909091
201206,1589,38.7365
201207,1589,32.89181818181818
201201,1590,88.09133333333332
201202,1590,110.64649999999999
201203,1590,115.53695652173913
201204,1590,112.79
201205,1590,109.97636363636364
201206,1590,109.73809523809524
201207,1590,107.00272727272727
201208,1590,107.94363636363637
201209,1590,102.0895
201210,1590,101.33227272727272
201211,1590,102.33909090909091
201212,1590,114.78904761904762
201202,1595,36.884
201203,1595,38.04304347826087
201204,1595,33.7725
201205,1595,30.06772727272727
201206,1595,30.505714285714287
201207,1595,32.13818181818181
201208,1595,33.404545454545456
201209,1595,35.277
201210,1595,34.054545454545455
201211,1595,31.57590909090909
201212,1595,31.767619047619046
201201,1597,33.10466666666667
201202,1597,40.18526315789474
201203,1597,40.28454545454545
201204,1597,41.71368421052632
201205,1597,39.76090909090909
201206,1597,39.86523809523809
201207,1597,39.658181818181816
201208,1597,37.01954545454545
201209,1597,30.3705
201210,1626,47.03055555555555
201211,1626,46.50705882352941
201212,1626,45.6205
201201,1704,33.93066666666667
201202,1704,41.5105
201203,1704,39.009565217391305
201204,1704,33.685500000000005
201205,1704,34.05136363636364
201206,1704,34.41809523809523
201207,1704,32.98318181818182
201208,1704,32.928636363636365
201209,1704,33.0905
201206,1707,31.535238095238096
201207,1707,36.20227272727273
201208,1707,39.447272727272725
201209,1707,39.5085
201210,1707,42.662727272727274
201211,1707,46.13772727272727
201212,1707,49.77428571428571
201201,1722,40.74133333333334
201202,1722,45.661500000000004
201203,1722,45.52130434782609
201204,1722,41.269
201205,1722,39.81136363636364
201206,1722,38.656666666666666
201207,1722,38.405
201208,1722,43.22363636363636
201209,1722,45.8185
201210,1722,44.25409090909091
201211,1722,41.75318181818182
201212,1722,44.49142857142857
201201,1723,68.96933333333332
201202,1723,77.18199999999999
201203,1723,78.51695652173912
201204,1723,78.0795
201205,1723,76.7218181818182
201206,1723,76.54761904761905
201207,1723,78.77318181818181
201208,1723,76.99636363636364
201209,1723,76.876
201210,1723,77.28363636363636
201211,1723,77.02272727272727
201212,1723,78.14
201208,1726,30.222727272727273
201209,1726,31.3705
201210,1726,30.638636363636362
201212,1726,30.927142857142858
201201,1729,35.775333333333336
201202,1729,38.441500000000005
201203,1729,36.94521739130435
201204,1729,35.605000000000004
201205,1729,32.650909090909096
201206,1729,32.32238095238095
201207,1729,34.515
201208,1729,36.037727272727274
201209,1729,34.677499999999995
201210,1729,33.626363636363635
201211,1729,35.83681818181819
201212,1729,35.75952380952381
201201,1733,31.84733333333333
201202,1733,36.6315
201203,1733,39.49478260869565
201204,1733,41.128
201205,1733,43.04590909090909
201206,1733,40.65
201207,1733,41.68454545454546
201208,1733,42.23909090909091
201209,1733,41.4605
201210,1733,41.38409090909091
201211,1733,41.13727272727272
201212,1733,41.29095238095238
201201,1736,32.07866666666667
201202,1736,38.448
201203,1736,44.62086956521739
201204,1736,43.7295
201205,1736,35.95409090909091
201206,1736,32.83714285714286
201207,1736,39.605000000000004
201208,1736,40.264545454545456
201209,1736,37.55
201210,1736,39.30045454545455
201211,1736,37.94409090909091
201212,1736,38.653333333333336
201211,1760,30.343809523809526
201212,1760,40.298
201201,1762,37.528666666666666
201202,1762,43.041000000000004
201203,1762,41.50304347826087
201204,1762,38.0175
201205,1762,37.316818181818185
201206,1762,34.82047619047619
201207,1762,35.90409090909091
201208,1762,37.83045454545454
201209,1762,42.2595
201210,1762,40.99681818181818
201211,1762,37.07454545454545
201212,1762,39.876666666666665
201203,1777,31.94782608695652
201204,1777,31.1085
201212,1781,40.23380952380952
201201,1784,31.877333333333336
201202,1784,36.076499999999996
201203,1784,34.089130434782604
201204,1784,30.6535
201205,1784,31.572727272727274
201206,1784,31.825714285714287
201207,1784,37.92272727272728
201208,1784,38.36590909090909
201209,1784,37.06
201210,1784,34.565909090909095
201212,1784,32.260000000000005
201202,1785,30.1635
201203,1785,30.299130434782608
201204,1785,31.791000000000004
201205,1785,30.095454545454547
201207,1785,30.465
201208,1785,31.68227272727273
201209,1785,32.476
201210,1785,30.96772727272727
201212,1785,30.078095238095237
201202,1786,30.055
201203,1786,30.368000000000002
201204,1786,33.597
201205,1786,32.44882352941176
201206,1786,31.532222222222224
201207,1786,31.75941176470588
201208,1786,30.1775
201210,1786,30.921111111111113
201211,1786,34.373333333333335
201212,1786,37.09789473684211
201201,1788,31.993333333333332
201202,1788,39.025
201203,1788,38.331304347826084
201204,1788,34.6995
201205,1788,35.55227272727273
201206,1788,35.37142857142857
201207,1788,37.045
201208,1788,37.83863636363637
201209,1788,37.57
201210,1788,36.643181818181816
201211,1788,34.568636363636365
201212,1788,37.29571428571429
201202,1789,34.28
201203,1789,38.21391304347826
201204,1789,35.163
201205,1789,34.962272727272726
201206,1789,34.82857142857143
201207,1789,38.19681818181818
201208,1789,41.74136363636364
201209,1789,41.9005
201210,1789,41.365
201211,1789,41.60909090909091
201212,1789,46.420952380952386
201201,1903,41.15
201202,1903,48.305
201203,1903,50.79130434782609
201204,1903,44.445
201205,1903,40.08181818181818
201206,1903,39.76428571428571
201207,1903,40.07727272727273
201208,1903,43.56136363636364
201209,1903,53.985
201210,1903,50.1
201211,1903,46.73863636363637
201212,1903,47.45
201201,2025,6906.772
201202,2025,8823.747
201203,2025,8231.820434782609
201204,2025,6849.226
201205,2025,6628.792272727273
201206,2025,5745.591428571429
201207,2025,5148.452727272727
201208,2025,5211.548181818182
201209,2025,5896.6675000000005
201210,2025,5810.149545454545
201211,2025,5302.244090909091
201212,2025,6004.201428571429
201209,2035,30.002499999999998
201201,2049,142.40200000000002
201202,2049,187.5675
201203,2049,190.23391304347825
201204,2049,170.7045
201205,2049,175.21136363636364
201206,2049,176.34809523809523
201207,2049,168.7972727272727
201208,2049,155.14227272727274
201209,2049,142.6345
201210,2049,133.95727272727274
201211,2049,123.44727272727273
201212,2049,135.0447619047619
201201,2059,109.23066666666666
201202,2059,117.872
201203,2059,133.7091304347826
201204,2059,126.1685
201205,2059,124.6
201206,2059,127.75428571428571
201207,2059,132.76227272727272
201208,2059,134.43
201209,2059,135.7405
201210,2059,130.47045454545454
201211,2059,130.31136363636364
201212,2059,136.7214285714286
201201,2101,30.642666666666667
201202,2101,32.5165
201203,2101,32.59652173913044
201209,2101,31.702499999999997
201210,2101,31.908636363636365
201201,2103,36.715333333333334
201202,2103,38.2195
201203,2103,37.73391304347826
201204,2103,35.125
201205,2103,35.115
201206,2103,35.60476190476191
201207,2103,38.21363636363637
201208,2103,39.179545454545455
201209,2103,36.9405
201210,2103,36.87772727272727
201211,2103,32.27227272727273
201212,2103,33.99333333333333
201201,2105,36.11066666666667
201202,2105,36.7065
201203,2105,38.47260869565218
201204,2105,37.503499999999995
201205,2105,38.982727272727274
201206,2105,39.17190476190476
201207,2105,41.908181818181816
201208,2105,39.72545454545455
201209,2105,39.882
201210,2105,40.41318181818182
201211,2105,38.86681818181818
201212,2105,40.80952380952381
201211,2114,32.265
201212,2114,32.839999999999996
201201,2201,67.908
201202,2201,76.1645
201203,2201,74.55913043478262
201204,2201,61.402
201205,2201,61.08045454545454
201206,2201,64.4104761904762
201207,2201,63.52090909090909
201208,2201,69.67636363636365
201209,2201,70.804
201210,2201,70.14863636363636
201211,2201,64.01363636363637
201212,2201,68.3404761904762
201201,2204,33.321999999999996
201202,2204,37.0435
201203,2204,35.788260869565214
201206,2204,30.13190476190476
201208,2204,30.618636363636366
201209,2204,32.1045
201210,2204,32.531363636363636
201211,2204,30.14818181818182
201212,2204,31.385714285714286
201201,2207,99.588
201202,2207,119.81400000000001
201203,2207,156.91782608695652
201204,2207,137.0265
201205,2207,127.69590909090908
201206,2207,133.18333333333334
201207,2207,137.63045454545454
201208,2207,151.57409090909093
201209,2207,150.32850000000002
201210,2207,150.75181818181818
201211,2207,139.00318181818182
201212,2207,156.85761904761904
201201,2208,39.40933333333333
201202,2208,41.97
201203,2208,42.05347826086957
201204,2208,40.2825
201205,2208,40.09409090909091
201206,2208,39.8947619047619
201207,2208,39.505
201208,2208,37.680454545454545
201209,2208,35.089
201210,2208,33.17454545454546
201211,2208,30.469545454545457
201212,2208,31.20619047619048
201201,2227,61.98866666666667
201202,2227,91.15
201203,2227,101.43782608695653
201204,2227,86.575
201205,2227,89.82818181818182
201206,2227,103.48666666666665
201207,2227,110.7840909090909
201208,2227,120.65681818181817
201209,2227,118.02950000000001
201210,2227,112.35954545454545
201211,2227,97.59363636363636
201212,2227,106.54857142857142
201210,2228,37.3925
201211,2228,31.95214285714286
201212,2228,31.277272727272727
201202,2233,34.6355
201203,2233,39.86
201204,2233,33.497
201205,2233,30.432727272727274
201208,2233,31.441363636363636
201209,2233,30.1375
201201,2308,49.30266666666667
201202,2308,52.00599999999999
201203,2308,55.52391304347826
201204,2308,56.780499999999996
201205,2308,58.78954545454545
201206,2308,56.16571428571429
201207,2308,62.81363636363637
201208,2308,69.09272727272727
201209,2308,75.3115
201210,2308,71.00136363636364
201211,2308,70.97863636363637
201212,2308,72.06476190476191
201201,2317,47.321333333333335
201202,2317,54.635000000000005
201203,2317,57.38782608695652
201204,2317,59.149
201205,2317,47.75818181818182
201206,2317,46.66571428571429
201207,2317,48.17318181818182
201208,2317,50.35636363636363
201209,2317,55.848
201210,2317,52.804545454545455
201211,2317,54.51318181818181
201212,2317,55.091904761904765
201201,2321,61.28066666666667
201202,2321,72.964
201203,2321,65.09434782608696
201204,2321,58.410000000000004
201205,2321,49.278181818181814
201206,2321,43.820952380952384
201207,2321,37.86363636363637
201208,2321,34.05954545454546
201209,2321,47.303
201210,2321,43.749545454545455
201211,2321,37.60818181818182
201212,2321,35.93
201201,2330,51.943999999999996
201202,2330,53.121
201203,2330,55.92217391304348
201204,2330,57.303999999999995
201205,2330,57.070454545454545
201206,2330,54.05761904761905
201207,2330,54.86363636363637
201208,2330,57.93954545454546
201209,2330,60.0585
201210,2330,61.78727272727272
201211,2330,64.89772727272727
201212,2330,68.31285714285714
201201,2342,33.236666666666665
201202,2342,46.143
201203,2342,42.60826086956522
201204,2342,32.5415
201205,2342,31.46409090909091
201212,2342,33.16809523809523
201201,2347,32.845333333333336
201202,2347,32.0995
201203,2347,32.461304347826086
201204,2347,31.296499999999998
201205,2347,30.333636363636366
201206,2347,30.95952380952381
201207,2347,30.865
201208,2347,31.228181818181817
201209,2347,31.2865
201210,2347,30.301363636363636
201201,2354,57.337999999999994
201202,2354,73.9905
201203,2354,73.13478260869566
201204,2354,60.359
201205,2354,57.93454545454545
201206,2354,59.93333333333333
201207,2354,62.17363636363636
201208,2354,65.97272727272728
201209,2354,71.1035
201210,2354,65.35636363636364
201211,2354,59.782272727272726
201212,2354,57.04904761904762
201201,2357,90.74666666666667
201202,2357,99.5255
201203,2357,112.09347826086957
201204,2357,111.19000000000001
201205,2357,121.17318181818182
201206,2357,114.96428571428571
201207,2357,107.96818181818183
201208,2357,118.46545454545456
201209,2357,130.65
201210,2357,128.9709090909091
201211,2357,132.25227272727273
201212,2357,136.30809523809523
201201,2360,39.202
201202,2360,44.890499999999996
201203,2360,45.70217391304348
201204,2360,45.4445
201205,2360,43.20636363636363
201206,2360,44.63952380952381
201207,2360,47.215
201208,2360,43.03409090909091
201209,2360,42.576499999999996
201210,2360,40.61545454545455
201211,2360,42.75590909090909
201212,2360,44.49761904761905
201201,2364,44.699333333333335
201202,2364,50.0675
201203,2364,47.377826086956524
201204,2364,42.1725
201205,2364,38.440000000000005
201206,2364,32.53619047619048
201209,2364,31.3695
201202,2373,33.1045
201203,2373,35.818695652173915
201204,2373,33.424
201205,2373,33.095
201206,2373,31.57190476190476
201207,2373,30.298636363636362
201208,2373,31.584545454545456
201209,2373,31.981
201210,2373,30.849090909090908
201211,2373,30.410454545454545
201212,2373,30.974285714285717
201202,2379,31.479000000000003
201203,2379,30.45173913043478
201205,2379,31.777272727272727
201209,2379,32.463499999999996
201210,2379,31.024545454545454
201211,2379,31.405909090909095
201212,2379,33.80619047619047
201201,2382,30.974
201202,2382,32.9665
201203,2382,33.853478260869565
201204,2382,35.997
201205,2382,38.252272727272725
201206,2382,37.726190476190474
201207,2382,36.61363636363637
201208,2382,38.32181818181818
201209,2382,39.329
201210,2382,35.63454545454545
201211,2382,35.49318181818182
201212,2382,34.41142857142857
201201,2388,31.818666666666665
201202,2388,42.7
201203,2388,40.96782608695652
201204,2388,34.8055
201205,2388,31.12090909090909
201201,2392,33.56666666666667
201202,2392,37.618
201203,2392,38.15347826086956
201204,2392,34.203500000000005
201205,2392,31.196818181818184
201206,2392,32.29571428571429
201207,2392,31.335
201208,2392,32.71272727272728
201209,2392,38.4825
201210,2392,37.89590909090909
201211,2392,37.84909090909091
201212,2392,36.45857142857143
201202,2393,30.445
201203,2393,31.42782608695652
201201,2395,40.67333333333333
201202,2395,44.036
201203,2395,46.46260869565218
201204,2395,47.3785
201205,2395,47.85636363636363
201206,2395,47.22285714285714
201207,2395,50.595
201208,2395,52.469090909090916
201209,2395,52.56
201210,2395,54.174090909090914
201211,2395,54.36681818181819
201212,2395,57.03047619047619
201202,2406,40.3785
201203,2406,40.839999999999996
201204,2406,35.1705
201205,2406,36.62681818181818
201206,2406,37.38095238095238
201207,2406,36.71409090909091
201208,2406,37.029545454545456
201209,2406,36.1685
201210,2406,30.80454545454546
201201,2412,55.124
201202,2412,52.7635
201203,2412,51.123913043478254
201204,2412,50.47
201205,2412,50.783181818181816
201206,2412,50.99142857142857
201207,2412,52.98500000000001
201208,2412,53.47090909090909
201209,2412,54.588
201210,2412,54.934090909090905
201211,2412,55.11181818181819
201212,2412,55.76952380952381
201210,2424,38.974090909090904
201211,2424,38.401363636363634
201212,2424,42.960476190476186
201207,2425,33.27227272727273
201208,2425,33.51772727272727
201209,2425,31.527058823529416
201210,2425,31.208823529411763
201211,2425,32.68863636363636
201212,2425,30.95619047619048
201201,2429,33.13
201202,2429,35.67666666666667
201203,2429,32.615
201205,2429,35.49
201209,2429,44.677
201210,2429,57.24666666666667
201211,2429,31.079090909090908
201212,2429,46.414375
201201,2430,45.14
201202,2430,45.8335
201203,2430,48.38434782608695
201204,2430,47.0095
201205,2430,47.03181818181818
201206,2430,45.73571428571428
201207,2430,45.27727272727273
201208,2430,45.092727272727274
201209,2430,45.010000000000005
201210,2430,44.480909090909094
201211,2430,42.09227272727273
201212,2430,42.00666666666667
201201,2434,62.370666666666665
201202,2434,85.372
201203,2434,77.03347826086956
201204,2434,62.829499999999996
201205,2434,58.996818181818185
201206,2434,54.41238095238096
201207,2434,54.20045454545455
201208,2434,48.27
201209,2434,48.95
201210,2434,45.6
201211,2434,41.927727272727275
201212,2434,49.21190476190476
201201,2448,59.37466666666667
201202,2448,68.29400000000001
201203,2448,70.84695652173913
201204,2448,65.94149999999999
201205,2448,62.33636363636364
201206,2448,56.23952380952381
201207,2448,55.40863636363636
201208,2448,56.21136363636364
201209,2448,58.2495
201210,2448,51.30409090909091
201211,2448,41.57
201212,2448,46.06666666666666
201201,2450,49.04533333333333
201202,2450,59.760000000000005
201203,2450,62.72086956521739
201204,2450,56.896
201205,2450,53.79590909090909
201206,2450,50.7747619047619
201207,2450,52.1390909090909
201208,2450,56.50954545454545
201209,2450,53.455
201210,2450,51.78090909090909
201211,2450,47.45409090909091
201212,2450,47.93761904761905
201201,2451,32.566
201202,2451,35.714999999999996
201203,2451,34.96565217391304
201204,2451,33.763999999999996
201205,2451,34.60090909090909
201206,2451,34.049523809523805
201207,2451,35.53409090909091
201208,2451,36.61818181818182
201209,2451,35.547000000000004
201210,2451,35.40863636363636
201211,2451,33.73045454545454
201212,2451,36.43952380952381
201201,2454,147.17933333333335
201202,2454,161.3405
201203,2454,163.31130434782608
201204,2454,145.2575
201205,2454,142.39909090909092
201206,2454,142.8947619047619
201207,2454,140.27863636363637
201208,2454,165.99636363636364
201209,2454,182.706
201210,2454,179.98545454545453
201211,2454,178.51181818181817
201212,2454,183.0047619047619
201202,2455,35.049
201203,2455,38.81608695652174
201204,2455,37.588
201205,2455,36.15909090909091
201206,2455,32.97714285714286
201207,2455,35.94136363636364
201208,2455,35.75272727272728
201209,2455,34.817
201202,2457,30.8435
201203,2457,31.24913043478261
201207,2458,32.692727272727275
201208,2458,33.77909090909091
201209,2458,36.6665
201210,2458,36.09227272727273
201211,2458,31.39363636363636
201212,2458,33.401428571428575
201201,2473,32.48466666666666
201202,2473,37.2645
201203,2473,42.61826086956522
201204,2473,41.427499999999995
201205,2473,40.051818181818184
201206,2473,37.77761904761905
201207,2473,40.895
201208,2473,54.45227272727273
201209,2473,56.279999999999994
201210,2473,56.4
201211,2473,56.75333333333333
201201,2474,88.10799999999999
201202,2474,109.973
201203,2474,120.59652173913045
201204,2474,110.7365
201205,2474,103.71
201206,2474,106.61238095238096
201207,2474,98.18545454545455
201208,2474,82.49727272727273
201209,2474,83.735
201210,2474,76.39590909090909
201211,2474,78.30272727272728
201212,2474,82.3852380952381
201206,2496,30.5385
201207,2496,36.45545454545454
201208,2496,36.702
201209,2496,36.082631578947364
201210,2496,33.900999999999996
201211,2496,30.45307692307692
201212,2496,32.0075
201204,2497,30.683999999999997
201208,2497,31.48818181818182
201201,2498,418.5226666666667
201202,2498,503.9635
201203,2498,543.7730434782609
201204,2498,440.2865
201205,2498,377.8822727272727
201206,2498,328.54
201207,2498,295.87863636363636
201208,2498,244.81272727272727
201209,2498,278.347
201210,2498,250.6159090909091
201211,2498,225.5090909090909
201212,2498,271.33238095238096
201203,2499,32.03782608695652
201202,2601,32.4855
201203,2601,34.19086956521739
201204,2601,32.1375
201205,2601,32.52136363636364
201202,2612,33.492000000000004
201203,2612,33.20913043478261
201204,2612,30.414499999999997
201208,2640,33.876
201209,2640,34.7235294117647
201210,2640,35.48909090909091
201202,2704,30.979000000000003
201203,2704,32.04826086956522
201201,2705,30.868666666666666
201202,2705,35.320499999999996
201203,2705,35.04086956521739
201204,2705,31.508
201201,2707,140.308
201202,2707,162.22
201203,2707,160.6991304347826
201204,2707,145.949
201205,2707,133.09181818181818
201206,2707,116.51
201207,2707,111.46772727272727
201208,2707,123.82681818181818
201209,2707,136.49949999999998
201210,2707,138.36272727272728
201211,2707,135.1859090909091
201212,2707,150.6447619047619
201204,2718,32.904999999999994
201205,2718,31.382
201206,2718,31.072307692307692
201207,2718,31.804285714285715
201208,2718,33.41
201209,2718,34.56727272727273
201210,2718,34.126
201211,2718,33.58375
201212,2718,32.83181818181818
201201,2719,111.46333333333334
201202,2719,156.35
201203,2719,196.72434782608696
201204,2719,150.66
201205,2719,132.17954545454543
201206,2719,118.67142857142856
201207,2719,113.48590909090909
201208,2719,112.98681818181818
201209,2719,104.923
201210,2719,106.36090909090909
201211,2719,94.01818181818182
201212,2719,96.32285714285715
201203,2722,30.216363636363635
201201,2723,107.60266666666666
201202,2723,122.43800000000002
201203,2723,132.96347826086955
201204,2723,126.792
201205,2723,119.45500000000001
201206,2723,115.53904761904762
201207,2723,130.77954545454546
201208,2723,130.83227272727274
201209,2723,128.9545
201210,2723,124.8309090909091
201211,2723,111.82
201212,2723,109.6895238095238
201201,2724,161.45
201202,2724,155.427
201203,2724,167.40714285714284
201204,2724,164.35583333333332
201205,2724,165.637
201206,2724,145.90285714285716
201207,2724,143.07714285714286
201208,2724,134.70590909090907
201209,2724,150.16400000000002
201210,2724,127.1809090909091
201211,2724,109.70454545454545
201212,2724,96.81238095238095
201201,2727,196.51066666666665
201202,2727,237.94736842105263
201203,2727,258.30727272727273
201204,2727,241.256
201205,2727,238.0368181818182
201206,2727,237.2415
201207,2727,242.93772727272727
201208,2727,245.6409090909091
201209,2727,238.19050000000001
201210,2727,225.78272727272727
201211,2727,225.0909090909091
201212,2727,225.72476190476192
201201,2729,71.62363636363636
201202,2729,89.78684210526316
201203,2729,99.51
201204,2729,102.1542105263158
201205,2729,101.043
201206,2729,101.17941176470588
201207,2729,107.21227272727273
201208,2729,110.83227272727272
201209,2729,102.333
201210,2729,78.93727272727273
201211,2729,70.70318181818182
201212,2729,72.45380952380953
201210,2731,44.535
201211,2731,41.27357142857142
201212,2731,38.803636363636365
201212,2732,92.59375
201201,2833A,31.75090909090909
201202,2833A,31.903333333333332
201203,2833A,32.23842105263158
201204,2833A,32.5
201205,2833A,32.7125
201206,2833A,32.63583333333333
201207,2833A,32.735625
201208,2833A,32.82157894736842
201209,2833A,32.81666666666667
201210,2833A,33.32238095238095
201211,2833A,34.03388888888889
201212,2833A,34.24111111111111
201201,2887C,31.54
201202,2887C,31.689999999999998
201203,2887C,31.932
201204,2887C,32.00222222222222
201205,2887C,32.17066666666667
201206,2887C,32.184285714285714
201207,2887C,32.24
201208,2887C,32.405
201209,2887C,32.6
201210,2901,37.441818181818185
201211,2901,36.343636363636364
201212,2901,35.259523809523806
201201,2911,56.45466666666667
201202,2911,61.653
201203,2911,60.51869565217392
201204,2911,54.24400000000001
201205,2911,50.11363636363637
201206,2911,44.64666666666667
201207,2911,44.82818181818182
201208,2911,45.61045454545455
201209,2911,41.8705
201210,2911,40.47545454545455
201211,2911,35.79181818181818
201212,2911,38.38333333333333
201201,2912,110.48
201202,2912,103.87100000000001
201203,2912,105.92782608695653
201204,2912,106.15350000000001
201205,2912,105.06772727272727
201206,2912,103.34904761904761
201207,2912,104.69045454545454
201208,2912,112.01181818181819
201209,2912,108.1645
201210,2912,103.36818181818181
201211,2912,102.23136363636364
201212,2912,107.32714285714285
201201,2915,34.68066666666667
201202,2915,38.7195
201203,2915,38.31304347826087
201204,2915,36.605000000000004
201205,2915,33.10181818181818
201206,2915,31.980476190476192
201207,2915,35.19681818181818
201208,2915,39.63772727272727
201209,2915,44.176
201210,2915,48.120000000000005
201211,2915,46.43590909090909
201212,2915,47.80047619047619
201201,2924,49.26866666666667
201202,2924,51.584
201203,2924,50.26
201204,2924,47.2465
201205,2924,46.43714285714285
201206,2924,51.34142857142857
201207,2924,51.947272727272725
201208,2924,51.16136363636363
201209,2924,50.453500000000005
201210,2924,49.71363636363637
201211,2924,50.32636363636364
201212,2924,53.49047619047619
201203,2926,143.80666666666667
201204,2926,121.7145
201205,2926,113.76842105263158
201206,2926,105.97916666666667
201207,2926,106.08699999999999
201208,2926,114.3815
201209,2926,118.84222222222222
201210,2926,123.5809090909091
201211,2926,124.29142857142857
201212,2926,121.97449999999999
201203,3004,34.62869565217392
201204,3004,36.013
201205,3004,30.583636363636366
201207,3004,30.84090909090909
201208,3004,32.75272727272727
201209,3004,32.010000000000005
201201,3008,431.0613333333333
201202,3008,471.0505
201203,3008,447.0934782608696
201204,3008,391.8725
201205,3008,375.7959090909091
201206,3008,419.95285714285717
201207,3008,426.19545454545454
201208,3008,452.42136363636365
201209,3008,475.85249999999996
201210,3008,451.4468181818182
201211,3008,518.0940909090909
201212,3008,594.104761904762
201201,3022,31.506666666666668
201202,3022,35.2
201203,3022,35.68869565217391
201204,3022,32.518
201205,3022,33.35227272727273
201206,3022,36.09761904761905
201207,3022,39.23
201208,3022,40.70818181818182
201209,3022,42.872
201210,3022,40.75772727272727
201211,3022,36.094545454545454
201212,3022,38.89190476190476
201201,3034,34.87466666666667
201202,3034,38.0955
201203,3034,38.85217391304348
201204,3034,37.9015
201205,3034,37.92227272727273
201206,3034,37.98952380952381
201207,3034,38.484545454545454
201208,3034,41.65863636363636
201209,3034,46.1665
201210,3034,47.88863636363636
201211,3034,50.90590909090909
201212,3034,53.5247619047619
201201,3035,33.33133333333333
201202,3035,44.69
201203,3035,44.775217391304345
201204,3035,42.57
201205,3035,37.31636363636364
201206,3035,36.703809523809525
201207,3035,37.88090909090909
201208,3035,40.358636363636364
201209,3035,45.205
201210,3035,39.83772727272727
201211,3035,35.533181818181816
201212,3035,37.54238095238095
201201,3041,78.57133333333333
201202,3041,110.085
201203,3041,119.16521739130435
201204,3041,111.93499999999999
201205,3041,85.48227272727273
201206,3041,78.22857142857143
201207,3041,81.11954545454546
201208,3041,74.92954545454546
201209,3041,88.777
201210,3041,88.21863636363636
201211,3041,79.705
201212,3041,82.03476190476191
201201,3043,73.21666666666667
201202,3043,115.5
201203,3043,113.1195652173913
201204,3043,85.55
201205,3043,77.29545454545455
201206,3043,71.79761904761905
201207,3043,62.32954545454545
201208,3043,55.96590909090909
201209,3043,57.2875
201210,3043,42.57954545454545
201211,3043,42.986363636363635
201212,3043,66.66666666666667
201201,3044,39.492
201202,3044,45.9445
201203,3044,48.83391304347826
201204,3044,48.390499999999996
201205,3044,45.2359090909091
201206,3044,42.67333333333333
201207,3044,39.446363636363635
201208,3044,37.365
201209,3044,38.894
201210,3044,35.39545454545455
201211,3044,30.21409090909091
201212,3044,33.72380952380953
201201,3045,50.24933333333333
201202,3045,47.7085
201203,3045,47.8295652173913
201204,3045,48.721500000000006
201205,3045,51.36681818181818
201206,3045,50.74857142857143
201207,3045,54.38999999999999
201208,3045,60.561818181818175
201209,3045,60.4885
201210,3045,60.766818181818174
201211,3045,58.691818181818185
201212,3045,59.743333333333325
201202,3046,30.573500000000003
201203,3046,31.52173913043478
201202,3057,35.244
201203,3057,34.32739130434783
201201,3060,44.592
201202,3060,54.556
201203,3060,57.58826086956522
201204,3060,57.5245
201205,3060,57.37409090909091
201206,3060,58.59428571428572
201207,3060,59.834090909090904
201208,3060,64.99636363636364
201209,3060,74.25550000000001
201210,3060,70.635
201211,3060,71.45
201212,3060,73.67142857142856
201201,3064,401.978
201202,3064,534.4705
201203,3064,562.4878260869565
201204,3064,531.8995
201205,3064,473.5822727272727
201206,3064,386.7685714285714
201207,3064,428.6209090909091
201208,3064,399.4109090909091
201209,3064,400.679
201210,3064,361.18136363636364
201211,3064,326.7609090909091
201212,3064,347.04095238095243
201201,3073,53.01533333333334
201202,3073,60.532000000000004
201203,3073,78.51826086956522
201204,3073,112.02950000000001
201205,3073,101.85545454545455
201206,3073,116.30333333333333
201207,3073,117.70363636363636
201208,3073,84.43863636363636
201209,3073,76.88050000000001
201210,3073,68.14136363636364
201201,3083,69.26533333333333
201202,3083,98.917
201203,3083,100.10695652173914
201204,3083,91.878
201205,3083,83.18772727272727
201206,3083,76.70809523809524
201207,3083,71.06318181818182
201208,3083,65.85136363636364
201209,3083,65.518
201210,3083,58.74727272727273
201211,3083,49.125454545454545
201212,3083,62.656666666666666
201201,3085,85.01133333333334
201202,3085,99.2025
201203,3085,97.22608695652173
201204,3085,80.12899999999999
201205,3085,77.88409090909092
201206,3085,72.54857142857142
201207,3085,71.32318181818182
201208,3085,65.84
201209,3085,57.574
201210,3085,52.4609090909091
201211,3085,50.89318181818182
201212,3085,51.36857142857143
201201,3086,162.97400000000002
201202,3086,193.6125
201203,3086,187.15130434782606
201204,3086,172.69549999999998
201205,3086,170.8277272727273
201206,3086,163.4738095238095
201207,3086,155.2022727272727
201208,3086,139.8518181818182
201209,3086,127.6715
201210,3086,114.79272727272728
201211,3086,99.25090909090909
201212,3086,114.69285714285715
201203,3089,34.58
201204,3089,35.2405
201205,3089,31.270000000000003
201201,3095,228.87800000000001
201202,3095,291.5585
201203,3095,282.70913043478265
201204,3095,242.1415
201205,3095,207.1518181818182
201206,3095,180.39666666666668
201207,3095,170.1168181818182
201208,3095,181.48409090909092
201209,3095,179.5425
201210,3095,140.05363636363634
201211,3095,118.64818181818183
201212,3095,131.6547619047619
201201,3105,42.36266666666666
201202,3105,51.0055
201203,3105,56.520434782608696
201204,3105,52.56699999999999
201205,3105,52.05318181818182
201206,3105,45.55285714285714
201207,3105,43.056363636363635
201208,3105,45.31272727272727
201209,3105,45.119
201210,3105,37.80681818181818
201211,3105,37.69772727272727
201212,3105,40.33238095238095
201201,3130,36.74666666666667
201202,3130,38.310500000000005
201203,3130,38.60173913043479
201204,3130,36.99526315789473
201205,3130,33.684999999999995
201206,3130,32.943684210526314
201207,3130,33.27909090909091
201208,3130,32.65772727272727
201209,3130,33.739
201210,3130,33.37952380952381
201211,3130,34.89727272727273
201212,3130,36.439499999999995
201201,3131,33.27133333333333
201202,3131,39.536
201203,3131,43.132173913043474
201204,3131,41.435500000000005
201205,3131,39.41590909090909
201206,3131,39.284285714285716
201207,3131,41.79454545454546
201208,3131,43.55045454545455
201209,3131,43.532
201210,3131,45.461363636363636
201211,3131,59.716818181818184
201212,3131,93.1647619047619
201201,3149,157.27666666666667
201202,3149,198.82350000000002
201203,3149,209.12695652173915
201204,3149,207.54250000000002
201205,3149,190.74636363636364
201206,3149,187.75666666666666
201207,3149,186.54363636363635
201208,3149,184.56454545454545
201209,3149,195.4325
201210,3149,188.70136363636365
201211,3149,166.48772727272728
201212,3149,166.2752380952381
201201,3152,40.792
201202,3152,54.6725
201203,3152,60.95782608695652
201204,3152,50.015
201205,3152,51.39363636363637
201206,3152,52.01714285714285
201207,3152,50.598636363636366
201208,3152,55.67590909090909
201209,3152,57.1075
201210,3152,52.73136363636363
201211,3152,51.49636363636364
201212,3152,51.84
201202,3164,34.8955
201203,3164,35.21478260869565
201204,3164,30.773000000000003
201209,3164,30.140499999999996
201210,3164,35.444545454545455
201211,3164,31.88590909090909
201212,3164,35.6447619047619
201201,3176,38.82266666666667
201202,3176,56.373000000000005
201203,3176,59.38782608695652
201204,3176,62.17999999999999
201205,3176,59.309090909090905
201206,3176,62.590476190476195
201207,3176,62.945454545454545
201208,3176,64.7
201209,3176,79.375
201210,3176,119.38636363636364
201211,3176,143.04545454545453
201212,3176,171.8095238095238
201201,3189,53.60466666666667
201202,3189,61.3865
201203,3189,64.5391304347826
201204,3189,58.7385
201205,3189,58.70772727272727
201206,3189,53.96619047619048
201207,3189,53.35272727272727
201208,3189,57.39545454545455
201209,3189,58.178999999999995
201210,3189,54.745909090909095
201211,3189,58.805454545454545
201212,3189,61.25285714285714
201201,3211,44.42933333333333
201202,3211,59.211
201203,3211,61.487826086956524
201204,3211,56.0755
201205,3211,57.278636363636366
201206,3211,56.74809523809524
201207,3211,56.57545454545455
201208,3211,55.88636363636363
201209,3211,53.971000000000004
201210,3211,46.17909090909091
201211,3211,40.99181818181818
201212,3211,42.430952380952384
201201,3227,40.620666666666665
201202,3227,51.1105
201203,3227,47.61739130434783
201204,3227,42.784
201205,3227,44.97727272727273
201206,3227,48.74904761904762
201207,3227,49.847727272727276
201208,3227,55.20545454545454
201209,3227,53.713499999999996
201210,3227,44.025
201211,3227,38.245
201212,3227,41.68714285714285
201201,3252,34.136923076923075
201202,3252,33.5265
201203,3252,31.854000000000003
201201,3288,53.867333333333335
201202,3288,60.8335
201203,3288,81.02652173913043
201204,3288,79.1005
201205,3288,83.35136363636364
201206,3288,85.65761904761905
201207,3288,69.01380952380953
201208,3288,64.14272727272727
201209,3288,66.1015
201210,3288,63.63727272727272
201211,3288,61.23409090909092
201212,3288,56.96476190476191
201201,3293,51.220666666666666
201202,3293,56.134
201203,3293,51.47913043478261
201204,3293,43.4125
201205,3293,35.80863636363636
201206,3293,35.887142857142855
201207,3293,37.31272727272727
201208,3293,34.36318181818182
201209,3293,32.017
201210,3293,30.99318181818182
201212,3293,31.20380952380952
201201,3311,87.282
201202,3311,93.336
201203,3311,87.40478260869565
201204,3311,77.673
201205,3311,79.68545454545455
201206,3311,74.6047619047619
201207,3311,73.32636363636362
201208,3311,65.30363636363637
201209,3311,69.7055
201210,3311,63.56545454545455
201211,3311,55.86181818181819
201212,3311,61.01571428571428
201203,3324,30.573043478260868
201201,3339,82.16066666666666
201202,3339,125.756
201203,3339,116.70652173913044
201204,3339,102.73899999999999
201205,3339,102.30318181818183
201206,3339,97.68523809523809
201207,3339,90.24136363636363
201208,3339,82.99727272727273
201209,3339,83.2545
201210,3339,77.68136363636364
201211,3339,71.9890909090909
201212,3339,74.51857142857143
201201,3356,52.272666666666666
201202,3356,57.673
201203,3356,65.45826086956522
201204,3356,58.436
201205,3356,53.60863636363637
201206,3356,51.92047619047619
201207,3356,55.14818181818182
201208,3356,57.305
201209,3356,58.2555
201210,3356,57.24727272727273
201211,3356,57.57
201212,3356,60.03619047619048
201210,3362,32.29409090909091
201211,3362,31.528636363636362
201212,3362,31.236666666666668
201210,3373,33.21318181818182
201211,3373,33.142272727272726
201212,3373,32.11238095238095
201201,3376,33.66866666666667
201202,3376,42.461
201203,3376,47.2304347826087
201204,3376,43.282
201205,3376,45.74
201206,3376,46.962857142857146
201207,3376,48.39681818181818
201208,3376,60.33363636363636
201209,3376,63.204499999999996
201210,3376,59.309999999999995
201211,3376,55.60045454545455
201212,3376,53.73
201201,3379,34.35333333333333
201202,3379,44.3865
201203,3379,44.69347826086957
201204,3379,38.4825
201205,3379,37.46818181818182
201206,3379,33.45857142857143
201207,3379,34.877272727272725
201208,3379,36.015454545454546
201209,3379,35.018
201210,3379,30.23318181818182
201211,3379,33.531363636363636
201212,3379,34.364285714285714
201201,3383,156.51600000000002
201202,3383,194.139
201203,3383,194.0821739130435
201204,3383,171.7385
201205,3383,141.6259090909091
201206,3383,122.02380952380952
201207,3383,113.59454545454545
201208,3383,104.99636363636364
201209,3383,111.31199999999998
201210,3383,101.82772727272727
201211,3383,85.73545454545454
201212,3383,87.73761904761905
201201,3406,171.612
201202,3406,241.4335
201203,3406,269.0482608695652
201204,3406,205.55599999999998
201205,3406,173.98227272727274
201206,3406,195.92904761904762
201207,3406,182.8740909090909
201208,3406,191.3381818181818
201209,3406,193.107
201210,3406,192.22681818181817
201211,3406,180.80727272727273
201212,3406,185.7538095238095
201201,3438,33.184
201202,3438,45.519999999999996
201203,3438,47.46869565217391
201204,3438,39.0065
201205,3438,37.04454545454546
201206,3438,35.10190476190476
201207,3438,34.79954545454546
201208,3438,34.94681818181818
201209,3438,36.426
201210,3438,32.40227272727273
201212,3438,31.329047619047618
201203,3441,32.16913043478261
201204,3441,31.0995
201205,3441,31.219545454545457
201206,3441,31.458571428571428
201207,3441,31.041363636363634
201208,3441,31.338636363636365
201209,3441,31.288
201201,3443,72.51066666666667
201202,3443,85.1695
201203,3443,84.69652173913043
201204,3443,69.7535
201205,3443,75.67636363636363
201206,3443,77.18047619047618
201207,3443,72.03681818181818
201208,3443,78.31090909090909
201209,3443,86.4745
201210,3443,77.56318181818182
201211,3443,69.01318181818182
201212,3443,73.18285714285715
201201,3454,37.52333333333333
201202,3454,43.934
201203,3454,50.89
201204,3454,48.5925
201205,3454,44.12727272727273
201206,3454,37.12428571428571
201207,3454,39.843636363636364
201208,3454,47.00636363636364
201209,3454,49.1925
201210,3454,47.22772727272727
201211,3454,48.11636363636364
201212,3454,46.10619047619048
201212,3491,31.506190476190476
201201,3494,78.04266666666668
201202,3494,99.7625
201203,3494,104.19217391304348
201204,3494,83.2175
201205,3494,77.46954545454545
201206,3494,75.21857142857142
201207,3494,68.555
201208,3494,69.56318181818182
201209,3494,72.0975
201210,3494,62.99272727272727
201211,3494,50.97318181818182
201212,3494,56.80619047619048
201201,3504,58.251333333333335
201202,3504,78.23949999999999
201203,3504,108.94391304347826
201204,3504,92.6685
201205,3504,88.21636363636364
201206,3504,89.27142857142857
201207,3504,89.75045454545455
201208,3504,89.51363636363637
201209,3504,79.79650000000001
201210,3504,68.34590909090909
201211,3504,63.057272727272725
201212,3504,71.27809523809523
201201,3508,77.20533333333333
201202,3508,100.69149999999999
201203,3508,94.51217391304348
201204,3508,83.86
201205,3508,74.08227272727272
201206,3508,63.510000000000005
201207,3508,59.15954545454545
201208,3508,57.82090909090909
201209,3508,65.64450000000001
201210,3508,61.13454545454545
201211,3508,61.96727272727273
201212,3508,71.05238095238094
201201,3514,34.97666666666667
201202,3514,40.69
201203,3514,36.18391304347826
201205,3514,31.475454545454546
201206,3514,34.37952380952381
201207,3514,30.296818181818182
201201,3515,41.686
201202,3515,46.259
201203,3515,51.86565217391305
201204,3515,48.57
201205,3515,49.59681818181818
201206,3515,48.62761904761904
201207,3515,50.710909090909084
201208,3515,50.654545454545456
201209,3515,50.044
201210,3515,49.060909090909085
201211,3515,46.584999999999994
201212,3515,46.63333333333333
201210,3518,31.040454545454544
201201,3519,33.77066666666666
201202,3519,40.8795
201203,3519,38.09304347826087
201204,3519,32.0575
201201,3523,80.37666666666668
201202,3523,101.1135
201203,3523,107.34739130434782
201204,3523,87.7175
201205,3523,79.19090909090909
201206,3523,79.91380952380953
201207,3523,85.06090909090909
201208,3523,99.52545454545454
201209,3523,98.3075
201210,3523,92.02954545454546
201211,3523,83.90136363636364
201212,3523,78.79571428571428
201203,3526,30.969130434782606
201201,3527,44.97666666666667
201202,3527,57.297000000000004
201203,3527,60.28521739130434
201204,3527,59.277
201205,3527,60.14136363636364
201206,3527,57.22666666666667
201207,3527,61.09045454545455
201208,3527,64.075
201209,3527,64.5245
201210,3527,60.31045454545454
201211,3527,51.53727272727272
201212,3527,52.584761904761905
201201,3529,53.550666666666665
201202,3529,69.112
201203,3529,65.57826086956521
201204,3529,58.174
201205,3529,53.681363636363635
201206,3529,48.444761904761904
201207,3529,51.67136363636364
201208,3529,57.52772727272727
201209,3529,54.4855
201210,3529,49.70863636363636
201211,3529,45.85136363636364
201212,3529,50.9704761904762
201201,3532,44.12133333333334
201202,3532,61.2235
201203,3532,59.210434782608694
201204,3532,49.423
201205,3532,45.80909090909091
201206,3532,43.58761904761905
201207,3532,41.30227272727273
201208,3532,42.537727272727274
201209,3532,51.35850000000001
201210,3532,48.53681818181818
201211,3532,44.05681818181818
201212,3532,46.25714285714285
201201,3533,47.330666666666666
201202,3533,55.091499999999996
201203,3533,57.12739130434783
201204,3533,49.391
201205,3533,47.53272727272727
201206,3533,45.184285714285714
201207,3533,45.68363636363636
201208,3533,51.283181818181816
201209,3533,60.947
201210,3533,59.01772727272728
201211,3533,57.77090909090909
201212,3533,58.474761904761905
201201,3545,34.434
201202,3545,42.429
201203,3545,44.694782608695654
201204,3545,39.187
201205,3545,37.33045454545454
201206,3545,35.257619047619045
201207,3545,33.61954545454545
201208,3545,39.11772727272727
201209,3545,45.35
201210,3545,41.68909090909091
201211,3545,41.358636363636364
201212,3545,45.638571428571424
201202,3546,34.5175
201203,3546,35.32304347826087
201204,3546,31.594
201205,3546,32.282272727272726
201201,3552,33.35666666666667
201202,3552,46.187
201203,3552,47.34869565217391
201204,3552,46.0935
201205,3552,46.42454545454546
201206,3552,39.925714285714285
201207,3552,41.44681818181818
201208,3552,44.349545454545456
201209,3552,49.287
201210,3552,47.652272727272724
201211,3552,45.64590909090909
201212,3552,44.19333333333333
201201,3555,841.9733333333334
201202,3555,1053.0135
201203,3555,1038.865652173913
201204,3555,767.426
201205,3555,588.7368181818182
201206,3555,495.3014285714286
201207,3555,437.3931818181818
201208,3555,337.0945454545454
201209,3555,336.7875
201210,3555,394.4431818181818
201211,3555,282.88545454545454
201212,3555,302.99142857142857
201208,3558,30.761363636363637
201209,3558,34.794
201210,3558,30.950000000000003
201202,3561,37.7095
201203,3561,35.953478260869566
201204,3561,34.493
201205,3561,31.348636363636363
201206,3561,30.695238095238096
201201,3573,37.70066666666666
201202,3573,47.2955
201203,3573,50.31391304347826
201204,3573,42.673500000000004
201205,3573,47.0
201206,3573,49.50238095238095
201207,3573,52.01727272727273
201208,3573,48.527272727272724
201209,3573,48.095
201210,3573,47.87954545454545
201211,3573,40.663636363636364
201212,3573,42.173809523809524
201201,3576,33.446666666666665
201202,3576,50.5015
201203,3576,44.14739130434783
201204,3576,38.049
201205,3576,36.28727272727273
201206,3576,35.699523809523804
201207,3576,34.58136363636363
201209,3576,31.225
201201,3579,31.62
201202,3579,41.925
201203,3579,42.42391304347826
201204,3579,33.7975
201205,3579,33.163636363636364
201206,3579,33.33571428571428
201201,3584,36.06666666666667
201202,3584,46.245
201203,3584,47.160869565217396
201204,3584,37.39
201205,3584,30.32045454545454
201206,3584,31.200000000000003
201208,3584,30.64090909090909
201212,3587,32.52571428571429
201201,3591,39.09
201202,3591,49.167
201203,3591,47.24434782608695
201204,3591,43.653
201205,3591,41.42545454545455
201206,3591,35.62095238095238
201207,3591,34.85136363636364
201208,3591,34.50409090909091
201209,3591,35.0965
201210,3591,30.434545454545454
201201,3592,46.00866666666666
201202,3592,56.71736842105264
201203,3592,61.41863636363637
201204,3592,60.605
201205,3592,57.69772727272727
201206,3592,49.574285714285715
201207,3592,46.81545454545455
201208,3592,46.82454545454545
201209,3592,54.657500000000006
201210,3592,50.940000000000005
201211,3592,50.61818181818182
201212,3592,51.793499999999995
201201,3598,51.464666666666666
201202,3598,64.955
201203,3598,68.61478260869566
201204,3598,67.748
201205,3598,60.068636363636365
201206,3598,60.58761904761904
201207,3598,61.92454545454546
201208,3598,71.47045454545454
201209,3598,85.93050000000001
201210,3598,77.5840909090909
201211,3598,73.32136363636363
201212,3598,73.43523809523809
201201,3605,34.57066666666666
201202,3605,39.883500000000005
201203,3605,40.73913043478261
201204,3605,34.978
201205,3605,30.481818181818184
201209,3605,32.3815
201210,3607,31.17772727272727
201212,3607,32.22190476190476
201201,3611,35.236666666666665
201202,3611,39.6
201203,3611,41.770434782608696
201204,3611,38.7255
201205,3611,36.54772727272728
201206,3611,36.446666666666665
201207,3611,39.22272727272727
201208,3611,40.45636363636363
201209,3611,40.006
201210,3611,38.712272727272726
201211,3611,36.426818181818184
201212,3611,36.305238095238096
201201,3615,52.56933333333333
201202,3615,62.302499999999995
201203,3615,57.27565217391304
201204,3615,44.927
201205,3615,36.33272727272727
201206,3615,41.28333333333334
201207,3615,38.392272727272726
201208,3615,39.86863636363636
201209,3615,45.1005
201210,3615,45.925909090909094
201211,3615,41.44863636363636
201212,3615,51.14142857142857
201201,3622,49.830666666666666
201202,3622,64.9935
201203,3622,63.506956521739134
201204,3622,54.15650000000001
201205,3622,47.313181818181825
201206,3622,47.9052380952381
201207,3622,51.49272727272727
201208,3622,56.86818181818182
201209,3622,57.169000000000004
201210,3622,46.680454545454545
201211,3622,46.279545454545456
201212,3622,47.875238095238096
201202,3628,37.6235
201203,3628,36.541739130434784
201204,3628,32.0195
201205,3628,31.646818181818183
201201,3629,68.73133333333334
201202,3629,98.30550000000001
201203,3629,125.14173913043479
201204,3629,116.016
201205,3629,83.98181818181818
201206,3629,80.54571428571428
201207,3629,74.42227272727273
201208,3629,68.75
201209,3629,66.6775
201210,3629,62.529545454545456
201211,3629,54.32681818181818
201212,3629,51.98714285714286
201201,3630,41.284666666666666
201202,3630,55.125
201203,3630,54.337391304347825
201204,3630,44.5925
201205,3630,40.29772727272727
201206,3630,39.710476190476186
201207,3630,41.28545454545454
201208,3630,39.42272727272727
201209,3630,39.6355
201210,3630,40.18363636363636
201211,3630,39.855
201212,3630,49.906666666666666
201201,3631,30.86733333333333
201202,3631,39.060500000000005
201203,3631,44.14913043478261
201204,3631,41.8745
201205,3631,40.63272727272727
201206,3631,36.23380952380952
201207,3631,35.19571428571429
201208,3631,33.408181818181816
201209,3631,32.583
201201,3632,64.748
201202,3632,71.684
201203,3632,62.37521739130434
201204,3632,51.0375
201205,3632,43.84863636363636
201206,3632,42.324285714285715
201207,3632,44.49727272727272
201208,3632,42.88409090909091
201209,3632,38.4785
201210,3632,34.38818181818181
201201,3638,80.53333333333333
201202,3638,95.58500000000001
201203,3638,95.28565217391305
201204,3638,99.66799999999999
201205,3638,98.56318181818182
201206,3638,100.98190476190476
201207,3638,97.67545454545456
201208,3638,99.38818181818182
201209,3638,98.5805
201210,3638,92.97409090909092
201211,3638,89.57636363636364
201212,3638,86.88857142857144
201202,3642,30.229000000000003
201203,3642,31.851739130434783
201204,3642,31.3025
201203,3645,31.925652173913043
201208,3645,30.444090909090907
201201,3653,41.04333333333333
201202,3653,60.029999999999994
201203,3653,63.95869565217391
201204,3653,48.7935
201205,3653,48.97863636363636
201206,3653,46.957142857142856
201207,3653,50.77090909090909
201208,3653,57.17363636363636
201209,3653,54.723
201210,3653,45.00318181818182
201211,3653,38.122727272727275
201212,3653,41.73047619047619
201204,3661,31.414444444444445
201205,3661,36.167
201206,3661,34.47533333333333
201207,3661,32.43875
201208,3661,32.5175
201209,3661,32.6
201210,3661,30.713636363636365
201203,3664,31.265652173913043
201201,3673,231.76000000000002
201202,3673,284.9875
201203,3673,294.6486956521739
201204,3673,253.473
201205,3673,236.45727272727274
201206,3673,274.2695238095238
201207,3673,278.1831818181818
201208,3673,308.37954545454545
201209,3673,332.873
201210,3673,309.4759090909091
201211,3673,341.9059090909091
201212,3673,409.42857142857144
201202,3679,34.191500000000005
201203,3679,38.11913043478261
201204,3679,33.082499999999996
201209,3679,32.3235
201203,3680,35.86391304347826
201204,3680,38.243
201205,3680,34.665454545454544
201206,3680,31.785714285714285
201207,3680,35.59409090909091
201208,3680,43.699999999999996
201209,3680,41.594
201210,3680,45.655
201211,3680,43.86318181818182
201212,3680,47.53333333333334
201201,3687,136.23266666666666
201202,3687,150.78699999999998
201203,3687,163.8595652173913
201204,3687,168.6615
201205,3687,170.1240909090909
201206,3687,166.12761904761905
201207,3687,172.67909090909092
201208,3687,166.205
201209,3687,136.83599999999998
201210,3687,92.77272727272727
201211,3687,101.58681818181817
201212,3687,119.42714285714285
201202,3689,32.23
201203,3689,33.56809523809524
201204,3689,34.08733333333333
201205,3689,33.488
201206,3689,31.339333333333332
201207,3689,30.26047619047619
201208,3689,31.519545454545458
201209,3689,35.1605
201210,3689,36.716818181818184
201211,3689,31.85818181818182
201212,3689,33.67666666666667
201201,3691,144.61933333333334
201202,3691,184.01100000000002
201203,3691,171.80739130434785
201204,3691,152.122
201205,3691,167.81181818181818
201206,3691,178.53523809523807
201207,3691,154.28863636363636
201208,3691,135.70863636363637
201209,3691,143.9655
201210,3691,127.47590909090908
201211,3691,123.54727272727273
201212,3691,132.4052380952381
201203,3694,32.93043478260869
201201,3697,155.93666666666667
201202,3697,179.3105
201203,3697,177.82434782608695
201204,3697,163.4415
201205,3697,167.90227272727273
201206,3697,169.61666666666665
201207,3697,184.1040909090909
201208,3697,217.16045454545454
201209,3697,239.706
201210,3697,239.3227272727273
201211,3697,237.7259090909091
201212,3697,221.51142857142855
201203,3698,31.128695652173914
201201,4102,34.17266666666667
201202,4102,42.2875
201203,4102,39.81130434782609
201204,4102,33.833
201205,4102,31.44363636363636
201206,4102,31.064761904761905
201207,4102,31.58681818181818
201208,4102,31.189999999999998
201209,4102,31.535000000000004
201210,4102,30.86590909090909
201201,4105,36.058
201202,4105,46.2995
201203,4105,52.85739130434783
201204,4105,45.659000000000006
201205,4105,43.125454545454545
201206,4105,44.18238095238095
201207,4105,47.76499999999999
201208,4105,53.51363636363636
201209,4105,56.588499999999996
201210,4105,53.17409090909091
201211,4105,48.57818181818182
201212,4105,53.294761904761906
201202,4108,35.7405
201203,4108,36.97130434782609
201204,4108,37.9075
201205,4108,38.584545454545456
201206,4108,37.126666666666665
201207,4108,39.00181818181818
201208,4108,41.234545454545454
201209,4108,48.0215
201210,4108,49.48954545454546
201211,4108,43.66954545454546
201212,4108,47.373333333333335
201212,4119,31.137619047619047
201202,4120,32.281
201207,4120,30.220000000000002
201208,4120,31.584545454545456
201210,4120,32.03909090909091
201211,4120,31.449545454545454
201212,4120,33.960476190476186
201201,4126,34.434
201202,4126,40.278
201203,4126,41.34434782608695
201204,4126,40.0035
201205,4126,40.12
201206,4126,39.075714285714284
201207,4126,41.337272727272726
201208,4126,41.31818181818182
201209,4126,43.499
201210,4126,44.406363636363636
201211,4126,44.18909090909091
201212,4126,43.19047619047619
201212,4130,31.089523809523808
201201,4131,39.82333333333334
201202,4131,52.486000000000004
201203,4131,51.052608695652175
201204,4131,40.159499999999994
201205,4131,37.731818181818184
201206,4131,36.544285714285714
201207,4131,42.02045454545455
201208,4131,40.11818181818182
201209,4131,40.7745
201210,4131,51.28818181818181
201211,4131,51.54272727272728
201212,4131,71.10047619047619
201201,4133,32.97866666666667
201202,4133,38.8905
201203,4133,38.396521739130435
201204,4133,33.5535
201205,4133,32.083636363636366
201206,4133,31.373333333333335
201207,4133,33.88454545454545
201208,4133,35.99227272727273
201209,4133,37.454
201210,4133,36.375
201211,4133,31.909545454545455
201212,4133,36.32047619047619
201201,4138,33.663333333333334
201202,4138,45.3905
201203,4138,43.53304347826087
201204,4138,39.185
201205,4138,42.01454545454545
201206,4138,39.52809523809524
201207,4138,41.00409090909091
201208,4138,41.6
201209,4138,42.474000000000004
201210,4138,38.890454545454546
201211,4138,32.566818181818185
201212,4138,33.833333333333336
201201,4139,32.91076923076923
201202,4139,35.3815
201203,4139,33.54347826086956
201204,4139,32.27777777777778
201205,4139,32.45238095238095
201206,4139,33.270526315789475
201207,4139,35.99818181818182
201208,4139,35.4195
201209,4139,38.82947368421053
201210,4139,42.474761904761905
201211,4139,53.83500000000001
201212,4139,52.9252380952381
201204,4141,71.97
201205,4141,66.64318181818182
201206,4141,59.82523809523809
201207,4141,65.58454545454546
201208,4141,70.05409090909092
201209,4141,66.61449999999999
201210,4141,65.36454545454545
201211,4141,61.73681818181819
201212,4141,64.87285714285714
201201,4142,33.855333333333334
201202,4142,42.852631578947374
201203,4142,46.19954545454545
201204,4142,42.016
201205,4142,35.67363636363637
201206,4142,30.049999999999997
201207,4142,30.685000000000002
201208,4142,32.66227272727273
201209,4142,35.882
201210,4142,33.38727272727272
201211,4142,30.920454545454547
201212,4142,33.173809523809524
201201,4144,63.01866666666667
201202,4144,70.899
201203,4144,67.68521739130435
201204,4144,56.632000000000005
201205,4144,49.14727272727273
201206,4144,46.486666666666665
201207,4144,49.20681818181818
201208,4144,53.98681818181819
201209,4144,53.810500000000005
201210,4144,59.72954545454545
201211,4144,58.283181818181816
201212,4144,57.34904761904762
201201,4147,38.16
201202,4147,48.36578947368421
201203,4147,62.10045454545455
201204,4147,57.914
201205,4147,51.558181818181815
201206,4147,44.09809523809523
201207,4147,44.40909090909091
201208,4147,41.93
201209,4147,44.853
201210,4147,47.436818181818175
201211,4147,41.34409090909091
201212,4147,44.964999999999996
201201,4152,66.92916666666666
201202,4152,83.25894736842106
201203,4152,106.31045454545455
201204,4152,106.8385
201205,4152,98.259
201206,4152,102.75904761904762
201207,4152,101.405
201208,4152,101.30227272727274
201209,4152,113.6285
201210,4152,153.35227272727272
201211,4152,198.22636363636363
201212,4152,262.9480952380952
201201,4154,56.778000000000006
201202,4154,73.89450000000001
201203,4154,67.61086956521739
201204,4154,53.32000000000001
201205,4154,48.75772727272727
201206,4154,48.09428571428572
201207,4154,50.43272727272727
201208,4154,57.11818181818182
201209,4154,54.2555
201210,4154,50.04272727272728
201211,4154,41.58409090909091
201212,4154,43.8
201204,4155,33.49368421052632
201205,4155,30.653181818181817
201207,4160,32.30736842105264
201208,4160,34.23681818181819
201209,4160,38.58
201210,4160,44.658181818181816
201211,4160,36.81181818181818
201212,4160,36.56095238095238
201201,4162,42.858
201202,4162,49.561052631578946
201203,4162,69.82227272727272
201204,4162,71.7795
201205,4162,68.5840909090909
201206,4162,61.519047619047626
201207,4162,55.26909090909091
201208,4162,64.77363636363636
201209,4162,78.586
201210,4162,103.72000000000001
201211,4162,97.14636363636363
201212,4162,104.1347619047619
201202,4163,33.25666666666667
201203,4163,34.901538461538465
201204,4163,32.21
201205,4163,31.826
201206,4163,31.95105263157895
201207,4163,31.014375
201208,4163,32.723333333333336
201209,4163,36.6075
201210,4163,49.195454545454545
201211,4163,65.57636363636364
201212,4163,59.9052380952381
201201,4164,50.458
201202,4164,55.415
201203,4164,58.04136363636363
201204,4164,57.80649999999999
201205,4164,55.77866666666667
201206,4164,53.053
201207,4164,52.89227272727273
201208,4164,55.065000000000005
201209,4164,56.061
201210,4164,73.39590909090909
201211,4164,81.11227272727272
201212,4164,80.18857142857144
201201,4168,52.626
201202,4168,69.49315789473684
201203,4168,76.6590909090909
201204,4168,80.78473684210526
201205,4168,79.20681818181818
201206,4168,74.71857142857142
201207,4168,67.65227272727272
201208,4168,72.0990909090909
201209,4168,75.9395
201210,4168,105.16999999999999
201211,4168,127.22454545454546
201212,4168,127.51380952380953
201212,4174,94.5775
201212,4175,30.665999999999997
201205,4413,33.77
201201,4414,30.68933333333333
201202,4414,34.5775
201203,4414,33.788695652173914
201209,4414,30.253500000000003
201210,4414,31.613636363636363
201211,4414,33.05863636363636
201212,4414,32.79142857142857
201201,4416,38.714999999999996
201202,4416,41.19777777777778
201203,4416,40.61875
201204,4416,40.050000000000004
201205,4416,39.55
201206,4416,38.63333333333333
201207,4416,39.519375
201208,4416,43.33238095238095
201209,4416,74.791
201210,4416,69.4809090909091
201211,4416,65.40045454545454
201212,4416,66.5047619047619
201201,4429,32.834666666666664
201202,4429,35.506
201203,4429,38.42521739130434
201204,4429,35.792
201205,4429,33.27272727272727
201206,4429,32.08809523809524
201207,4429,30.688181818181818
201208,4429,30.53227272727273
201209,4429,30.446499999999997
201201,4523,39.897333333333336
201202,4523,47.3665
201203,4523,43.2204347826087
201204,4523,35.8315
201205,4523,34.93454545454545
201206,4523,33.40857142857143
201207,4523,32.89681818181818
201208,4523,32.31090909090909
201209,4523,31.607
201210,4523,30.918636363636367
201201,4536,63.7
201202,4536,63.343
201203,4536,66.13461538461539
201204,4536,66.73294117647059
201205,4536,66.43692307692308
201206,4536,63.33909090909091
201207,4536,61.221818181818186
201208,4536,59.474999999999994
201209,4536,59.644999999999996
201210,4536,57.582857142857144
201211,4536,57.77583333333333
201212,4536,59.66294117647059
201212,4542,32.873333333333335
201201,4702,62.356
201202,4702,62.5625
201203,4702,55.81130434782609
201204,4702,50.5195
201205,4702,50.251363636363635
201206,4702,49.593809523809526
201207,4702,49.285
201208,4702,57.44954545454545
201209,4702,61.6315
201210,4702,103.62772727272727
201211,4702,114.69272727272728
201212,4702,108.64285714285714
201201,4712,54.98533333333333
201202,4712,66.80499999999999
201203,4712,74.10173913043478
201204,4712,67.84450000000001
201205,4712,63.62590909090909
201206,4712,58.612380952380946
201207,4712,60.78636363636363
201208,4712,62.02272727272727
201209,4712,60.339999999999996
201210,4712,58.33909090909091
201211,4712,58.44954545454546
201212,4712,58.76285714285714
201201,4725,148.63733333333332
201202,4725,169.2685
201203,4725,175.99565217391304
201204,4725,153.5185
201205,4725,146.14227272727274
201206,4725,150.03571428571428
201207,4725,133.35772727272726
201208,4725,120.29318181818181
201209,4725,106.8255
201210,4725,96.23545454545454
201211,4725,77.24409090909091
201212,4725,86.06095238095239
201202,4726,30.013157894736842
201203,4726,35.79772727272727
201204,4726,36.345
201205,4726,31.82857142857143
201202,4728,33.7405
201203,4728,32.39608695652174
201204,4728,30.908499999999997
201202,4729,30.819
201203,4733,33.96086956521739
201204,4733,36.856
201205,4733,36.64954545454545
201206,4733,34.48238095238095
201207,4733,34.94772727272727
201208,4733,37.913636363636364
201209,4733,36.742000000000004
201210,4733,34.52227272727273
201211,4733,35.88318181818182
201212,4733,37.65380952380953
201201,4737,53.580000000000005
201202,4737,59.935500000000005
201203,4737,60.09869565217391
201204,4737,52.9495
201205,4737,48.60272727272727
201206,4737,50.28523809523809
201207,4737,48.84227272727273
201208,4737,46.37045454545454
201209,4737,45.622
201210,4737,38.911818181818184
201211,4737,33.62318181818182
201212,4737,40.46857142857143
201209,4741,31.569
201210,4741,30.85736842105263
201211,4741,33.49444444444444
201212,4741,37.565714285714286
201211,4745,33.93681818181818
201212,4745,36.084500000000006
201201,4746,49.705333333333336
201202,4746,61.53150000000001
201203,4746,58.87086956521739
201204,4746,53.3045
201205,4746,49.52909090909091
201206,4746,45.831428571428575
201207,4746,46.61954545454546
201208,4746,45.045
201209,4746,43.853500000000004
201210,4746,43.18772727272727
201211,4746,36.393181818181816
201212,4746,38.637142857142855
201201,4904,30.363333333333333
201202,4904,31.332
201203,4904,32.08086956521739
201204,4904,33.8895
201205,4904,36.18727272727273
201206,4904,35.565714285714286
201207,4904,37.91409090909091
201208,4904,41.565909090909095
201209,4904,40.956
201210,4904,40.15909090909091
201211,4904,39.13090909090909
201212,4904,41.20142857142857
201201,4911,46.56333333333334
201202,4911,54.475
201203,4911,56.05869565217391
201204,4911,54.696000000000005
201205,4911,54.38681818181818
201206,4911,52.71142857142858
201207,4911,49.17136363636364
201208,4911,49.465
201209,4911,48.816
201210,4911,59.46136363636364
201211,4911,56.13181818181818
201212,4911,55.764761904761905
201205,4912,30.37590909090909
201201,4916,49.20357142857143
201202,4916,56.135555555555555
201203,4916,62.94428571428571
201204,4916,72.2055
201205,4916,70.49227272727272
201206,4916,65.47642857142857
201207,4916,63.15428571428571
201208,4916,54.1475
201209,4916,53.81999999999999
201210,4916,49.772000000000006
201211,4916,44.0095
201212,4916,43.0564705882353
201201,4924,42.117333333333335
201202,4924,40.9265
201203,4924,40.15565217391305
201205,4924,30.037272727272725
201208,4924,31.946363636363632
201209,4924,33.325
201210,4924,30.870454545454546
201203,4933,48.65826086956522
201204,4933,41.82
201205,4933,38.615
201206,4933,41.217619047619046
201207,4933,43.23909090909091
201208,4933,47.733181818181826
201209,4933,49.4125
201210,4933,52.303636363636365
201211,4933,48.96636363636364
201212,4933,49.34619047619047
201201,4943,60.599999999999994
201202,4943,58.775
201203,4943,55.513999999999996
201204,4943,49.94
201207,4943,45.65
201208,4943,42.74777777777778
201209,4943,38.26
201210,4943,36.21
201211,4943,36.5875
201212,4943,35.596666666666664
201201,4944,135.052
201202,4944,198.236
201203,4944,201.41086956521738
201204,4944,185.2765
201205,4944,187.68454545454549
201206,4944,169.4090476190476
201207,4944,151.02045454545456
201208,4944,136.78318181818182
201209,4944,165.6655
201210,4944,149.66681818181817
201211,4944,131.02363636363637
201212,4944,138.9261904761905
201201,4946,346.0793333333333
201202,4946,465.0015
201203,4946,436.0291304347826
201204,4946,404.94899999999996
201205,4946,455.28136363636366
201206,4946,457.17047619047617
201207,4946,409.5204545454546
201208,4946,370.45863636363634
201209,4946,321.0675
201210,4946,335.93863636363636
201211,4946,362.4031818181818
201212,4946,373.0080952380952
201201,4949,50.99727272727273
201202,4949,64.63444444444445
201203,4949,67.0125
201204,4949,65.16058823529411
201205,4949,56.53857142857142
201206,4949,53.35625
201207,4949,51.04066666666667
201208,4949,38.53473684210526
201209,4949,30.4095
201203,4950,31.02227272727273
201202,4956,31.576999999999998
201203,4956,33.58608695652174
201204,4956,30.496
201201,4958,32.82533333333333
201202,4958,46.917
201203,4958,47.86913043478261
201204,4958,53.370000000000005
201205,4958,49.22318181818182
201206,4958,48.078500000000005
201207,4958,46.234545454545454
201208,4958,51.82
201209,4958,53.432500000000005
201210,4958,47.93272727272727
201211,4958,43.53
201212,4958,42.34428571428572
201202,4961,32.02315789473685
201203,4961,32.04954545454546
201204,4961,32.1595
201205,4961,30.03818181818182
201212,4961,32.2405
201201,4966,207.732
201202,4966,235.50900000000001
201203,4966,233.90173913043478
201204,4966,196.095
201205,4966,212.77272727272728
201206,4966,218.58714285714285
201207,4966,203.99272727272728
201208,4966,183.35363636363638
201209,4966,197.0515
201210,4966,173.12636363636364
201211,4966,129.76636363636365
201212,4966,126.30761904761906
201201,4976,37.07
201202,4976,42.72
201203,4976,45.13954545454545
201204,4976,45.117000000000004
201205,4976,45.27190476190476
201206,4976,43.567142857142855
201207,4976,41.16
201208,4976,40.91954545454546
201209,4976,41.2595
201210,4976,41.948181818181816
201211,4976,38.050909090909094
201212,4976,30.488095238095237
201204,4979,30.323
201208,4979,30.030454545454543
201209,4979,32.702
201210,4979,32.90681818181818
201211,4979,30.55
201212,4979,31.228571428571428
201201,4984,42.63
201202,4984,58.9785
201203,4984,55.82565217391304
201204,4984,51.758
201205,4984,39.53909090909091
201206,4984,35.86619047619048
201207,4984,36.24681818181818
201208,4984,37.150909090909096
201209,4984,35.266000000000005
201210,4984,30.401818181818182
201201,4994,79.006
201202,4994,114.7465
201203,4994,140.7204347826087
201204,4994,148.709
201205,4994,187.41954545454544
201206,4994,173.3952380952381
201207,4994,183.7959090909091
201208,4994,188.22136363636363
201209,4994,149.442
201210,4994,139.49272727272728
201211,4994,133.56954545454548
201212,4994,149.41142857142856
201208,4999,30.814285714285717
201201,5203,34.827999999999996
201202,5203,43.036
201203,5203,48.630434782608695
201204,5203,45.189499999999995
201205,5203,45.09090909090909
201206,5203,43.95428571428571
201207,5203,44.82090909090909
201208,5203,53.891818181818174
201209,5203,56.9455
201210,5203,57.969545454545454
201211,5203,55.51590909090908
201212,5203,51.62190476190476
201201,5205,40.68733333333333
201202,5205,60.25750000000001
201203,5205,49.888695652173915
201204,5205,37.5245
201206,5205,30.52952380952381
201202,5211,32.1545
201203,5211,33.64086956521739
201211,5225,33.81947368421052
201212,5225,33.978095238095236
201203,5230,36.83818181818182
201204,5230,37.222
201205,5230,35.95909090909091
201208,5230,32.48045454545454
201209,5230,35.0325
201210,5230,34.07954545454545
201211,5230,32.319545454545455
201212,5230,33.14
201201,5259,82.46857142857142
201202,5259,116.21909090909092
201203,5259,122.79533333333333
201204,5259,116.66666666666667
201205,5259,114.87181818181817
201206,5259,100.75125
201208,5259,98.365
201209,5259,93.942
201210,5259,93.60428571428572
201211,5259,90.83235294117648
201212,5259,93.37266666666666
201203,5263,32.37409090909091
201204,5263,31.53842105263158
201205,5263,31.135625
201206,5263,31.003333333333337
201207,5263,30.66909090909091
201209,5263,31.021875
201210,5263,38.37181818181818
201211,5263,43.58238095238095
201212,5263,43.92
201201,5269,60.76
201202,5269,61.62933333333333
201203,5269,82.03999999999999
201204,5269,90.60900000000001
201205,5269,90.21681818181818
201206,5269,87.49571428571429
201207,5269,77.23349999999999
201208,5269,71.15818181818182
201209,5269,65.176
201210,5269,66.10272727272728
201211,5269,63.997727272727275
201212,5269,58.43857142857143
201205,5274,43.20461538461538
201206,5274,43.257222222222225
201207,5274,43.49
201208,5274,47.71380952380952
201209,5274,53.65650000000001
201210,5274,62.95142857142857
201211,5274,60.54363636363637
201212,5274,56.275
201205,5278,61.625
201206,5278,50.29388888888889
201207,5278,46.4125
201208,5278,44.42
201209,5278,45.98083333333333
201210,5278,48.0125
201211,5278,48.57714285714285
201212,5278,49.57714285714286
201209,5287,76.096875
201210,5287,74.02
201211,5287,73.60142857142857
201212,5287,74.82000000000001
201205,5306,30.17863636363636
201206,5306,32.609047619047615
201208,5306,32.658181818181816
201209,5306,31.349
201211,5306,31.529999999999998
201212,5306,31.67238095238095
201201,5310,36.175333333333334
201202,5310,49.323
201203,5310,64.5091304347826
201204,5310,78.82894736842105
201205,5310,79.0040909090909
201206,5310,66.04761904761905
201207,5310,61.484736842105264
201208,5310,63.086190476190474
201209,5310,61.44176470588235
201210,5310,69.67045454545455
201211,5310,58.85545454545454
201212,5310,60.06952380952381
201201,5312,35.897333333333336
201202,5312,40.7695
201203,5312,42.73217391304348
201204,5312,41.386
201205,5312,36.29090909090909
201206,5312,33.78809523809524
201207,5312,33.73681818181819
201208,5312,39.152727272727276
201209,5312,39.68
201210,5312,39.308181818181815
201211,5312,38.37681818181818
201212,5312,38.506190476190476
201201,5314,47.98866666666667
201202,5314,57.7625
201203,5314,68.06714285714285
201204,5314,64.72642857142857
201205,5314,54.10727272727272
201206,5314,51.19428571428571
201207,5314,50.46363636363637
201208,5314,51.96227272727273
201209,5314,54.1195
201210,5314,51.27409090909091
201211,5314,42.291363636363634
201212,5314,44.476190476190474
201202,5348,32.063
201203,5348,36.07
201204,5348,32.495
201205,5348,32.81363636363636
201206,5348,31.463809523809523
201207,5348,36.02045454545455
201208,5348,38.210454545454546
201209,5348,38.108
201210,5348,35.769090909090906
201202,5364,55.1495
201203,5364,89.24521739130434
201204,5364,65.61263157894736
201205,5364,51.60954545454546
201206,5364,45.665238095238095
201207,5364,37.94045454545455
201208,5364,36.91142857142857
201209,5364,35.714
201210,5364,36.46318181818182
201211,5364,37.56409090909091
201212,5364,34.93952380952381
201201,5392,31.07266666666667
201202,5392,40.820499999999996
201203,5392,41.132173913043474
201204,5392,35.358
201205,5392,30.66090909090909
201208,5392,31.25772727272727
201209,5392,32.0125
201210,5392,33.769090909090906
201202,5468,30.77
201203,5468,35.78782608695652
201204,5468,37.505
201205,5468,35.43681818181818
201206,5468,34.284285714285716
201207,5468,31.74818181818182
201202,5478,38.7815
201203,5478,39.48391304347826
201204,5478,37.501
201205,5478,38.288636363636364
201206,5478,43.026666666666664
201207,5478,38.481818181818184
201208,5478,35.39772727272727
201209,5478,32.8505
201210,5478,30.7
201212,5478,31.361428571428572
201201,5483,32.236000000000004
201202,5483,40.140499999999996
201203,5483,36.02130434782609
201204,5483,33.0905
201205,5483,32.778636363636366
201206,5483,30.47
201209,5529,32.2935
201210,5529,37.79181818181818
201211,5529,45.014545454545456
201212,5529,45.6
201201,5530,59.242666666666665
201202,5530,66.277
201203,5530,65.13
201204,5530,62.677499999999995
201205,5530,58.18772727272728
201206,5530,57.112380952380946
201207,5530,60.62318181818182
201208,5530,67.69045454545454
201209,5530,68.2025
201210,5530,68.70227272727273
201211,5530,63.59318181818182
201212,5530,63.160000000000004
201212,5534,31.07190476190476
201201,5536,34.62266666666667
201202,5536,39.5755
201203,5536,45.86434782608696
201204,5536,41.5055
201205,5536,41.316818181818185
201206,5536,40.995714285714286
201207,5536,41.01772727272727
201208,5536,41.44
201209,5536,42.164
201210,5536,40.861363636363635
201211,5536,39.04363636363637
201212,5536,45.576190476190476
201202,5701,32.162
201203,5701,30.82695652173913
201201,5903,88.98266666666667
201202,5903,97.4005
201203,5903,108.22826086956522
201204,5903,104.6165
201205,5903,102.48272727272727
201206,5903,101.18809523809523
201207,5903,101.74954545454544
201208,5903,109.82954545454545
201209,5903,106.032
201210,5903,106.65818181818182
201211,5903,103.45227272727271
201212,5903,101.17476190476191
201207,5904,31.80818181818182
201208,5904,35.357727272727274
201209,5904,36.7505
201210,5904,39.38318181818182
201211,5904,39.40863636363636
201212,5904,42.35
201201,5906,112.64133333333332
201202,5906,121.47
201203,5906,117.81739130434784
201204,5906,93.1445
201205,5906,81.97454545454546
201206,5906,66.82095238095238
201207,5906,68.47772727272728
201208,5906,69.57909090909091
201209,5906,70.8095
201210,5906,68.5240909090909
201211,5906,61.86590909090909
201212,5906,60.301428571428566
201206,5907,70.56722222222223
201207,5907,61.59
201208,5907,59.98363636363637
201209,5907,57.51899999999999
201210,5907,53.33863636363637
201211,5907,47.376363636363635
201212,5907,50.09
201201,6103,54.030833333333334
201202,6103,52.654666666666664
201203,6103,44.410714285714285
201204,6103,39.21052631578947
201205,6103,31.829
201209,6103,30.086666666666662
201201,6121,141.572
201202,6121,163.695
201203,6121,165.86217391304348
201204,6121,168.87449999999998
201205,6121,162.66136363636363
201206,6121,159.17666666666668
201207,6121,151.5209090909091
201208,6121,152.0768181818182
201209,6121,149.1505
201210,6121,143.07409090909093
201211,6121,113.67227272727273
201212,6121,118.83
201201,6130,82.28333333333333
201202,6130,74.9011111111111
201203,6130,65.33181818181818
201204,6130,62.6476923076923
201205,6130,65.915
201206,6130,64.91
201207,6130,65.36625000000001
201208,6130,59.03823529411765
201209,6130,57.6845
201210,6130,91.02181818181818
201211,6130,102.15454545454546
201212,6130,90.1504761904762
201201,6131,40.79266666666667
201202,6131,45.721500000000006
201203,6131,45.6295652173913
201204,6131,41.7335
201205,6131,40.967727272727274
201206,6131,43.494285714285716
201207,6131,40.26363636363636
201208,6131,38.57272727272727
201209,6131,38.4495
201210,6131,36.55863636363636
201211,6131,34.416363636363634
201212,6131,35.88047619047619
201202,6146,30.6195
201203,6146,31.44608695652174
201204,6146,31.9455
201205,6146,32.526818181818186
201206,6146,33.13619047619048
201207,6146,32.692727272727275
201208,6146,33.96727272727273
201209,6146,34.227
201210,6146,34.025
201211,6146,33.36136363636364
201212,6146,33.74619047619048
201202,6150,34.519999999999996
201203,6150,35.52217391304348
201202,6153,38.0935
201203,6153,37.52608695652174
201204,6153,32.0285
201205,6153,30.351363636363637
201206,6153,32.33904761904762
201207,6153,31.718181818181815
201208,6153,32.23681818181819
201209,6153,31.158499999999997
201201,6169,50.693333333333335
201202,6169,58.9125
201203,6169,54.90086956521739
201204,6169,47.575
201205,6169,44.86636363636364
201206,6169,43.539523809523814
201207,6169,42.176818181818184
201208,6169,33.529545454545456
201209,6169,32.150999999999996
201210,6169,33.73954545454546
201212,6169,39.965714285714284
201201,6176,33.772666666666666
201202,6176,43.5255
201203,6176,46.82478260869566
201204,6176,44.896499999999996
201205,6176,47.25636363636364
201206,6176,50.69047619047619
201207,6176,48.01818181818182
201208,6176,47.92727272727273
201209,6176,51.69449999999999
201210,6176,49.28954545454545
201211,6176,49.21909090909091
201212,6176,49.23190476190476
201201,6192,39.327999999999996
201202,6192,41.4965
201203,6192,43.94826086956522
201204,6192,43.6435
201205,6192,44.27545454545455
201206,6192,43.19285714285714
201207,6192,45.20727272727272
201208,6192,45.43818181818182
201209,6192,45.683499999999995
201210,6192,43.691818181818185
201211,6192,43.315909090909095
201212,6192,43.57380952380952
201202,6209,35.0915
201203,6209,37.83652173913043
201204,6209,35.6815
201205,6209,37.27272727272727
201206,6209,35.14047619047619
201207,6209,35.13090909090909
201208,6209,38.211363636363636
201209,6209,36.649
201210,6209,35.44045454545455
201201,6223,40.330000000000005
201202,6223,48.072500000000005
201203,6223,48.0304347826087
201204,6223,42.388999999999996
201205,6223,38.03454545454545
201206,6223,34.584761904761905
201207,6223,35.80863636363636
201208,6223,38.01863636363636
201209,6223,41.1125
201210,6223,35.14363636363636
201212,6223,35.04190476190476
201208,6224,30.32318181818182
201209,6224,30.194
201201,6225,206.69866666666667
201202,6225,207.50050000000002
201203,6225,205.98478260869564
201204,6225,180.954
201205,6225,139.02454545454546
201206,6225,175.00857142857143
201207,6225,163.640625
201208,6225,113.7355
201209,6225,113.41300000000001
201210,6225,126.92272727272729
201211,6225,118.54954545454547
201212,6225,113.8952380952381
201212,6230,30.26142857142857
201201,6231,80.03999999999999
201202,6231,83.857
201203,6231,85.27956521739131
201204,6231,78.13000000000001
201205,6231,74.29772727272727
201206,6231,73.54476190476191
201207,6231,66.87136363636364
201208,6231,65.47636363636364
201209,6231,68.90650000000001
201210,6231,65.19909090909091
201211,6231,46.75545454545454
201212,6231,46.31333333333333
201201,6239,34.00933333333333
201202,6239,38.54
201207,6239,31.89272727272727
201209,6239,30.9795
201203,6241,30.80130434782609
201204,6241,33.230000000000004
201205,6241,35.56857142857143
201206,6241,33.73285714285714
201207,6241,33.142222222222216
201208,6241,33.11380952380952
201209,6241,33.006875
201210,6241,31.567999999999998
201202,6243,38.152499999999996
201203,6243,40.0595652173913
201204,6243,36.777
201205,6243,31.292727272727276
201209,6243,31.363
201201,6244,82.122
201202,6244,90.119
201203,6244,81.67173913043479
201204,6244,65.887
201205,6244,64.68772727272727
201206,6244,58.527142857142856
201207,6244,51.18
201208,6244,40.804545454545455
201209,6244,44.1175
201210,6244,39.44
201211,6244,33.783181818181816
201212,6244,36.75333333333334
201201,6246,75.45866666666667
201202,6246,95.02000000000001
201203,6246,91.79130434782608
201204,6246,72.366
201205,6246,74.18136363636364
201206,6246,70.49142857142857
201207,6246,65.89590909090909
201208,6246,61.91363636363636
201209,6246,64.749
201210,6246,68.42863636363637
201211,6246,60.42318181818182
201212,6246,62.413809523809526
201201,6259,38.51266666666667
201202,6259,43.1695
201203,6259,43.115
201204,6259,40.3665
201205,6259,38.5995
201206,6259,37.101111111111116
201207,6259,35.61333333333333
201208,6259,33.13318181818182
201209,6259,36.83111111111111
201210,6259,38.01142857142857
201211,6259,43.66409090909091
201212,6259,54.78619047619048
201202,6261,30.358999999999998
201203,6261,33.27913043478261
201204,6261,32.091
201205,6261,31.95
201206,6261,31.60380952380952
201207,6261,30.376363636363635
201208,6261,30.223636363636363
201209,6261,30.663
201201,6269,37.977333333333334
201202,6269,49.902499999999996
201203,6269,56.42652173913043
201204,6269,48.384
201205,6269,45.37409090909091
201206,6269,51.28476190476191
201207,6269,50.71272727272728
201208,6269,57.559999999999995
201209,6269,57.89149999999999
201210,6269,54.77136363636364
201211,6269,55.63863636363636
201212,6269,50.84285714285714
201201,6271,54.254
201202,6271,69.02250000000001
201203,6271,76.8517391304348
201204,6271,74.789
201205,6271,72.87318181818182
201206,6271,65.93809523809524
201207,6271,65.03318181818182
201208,6271,69.01272727272728
201209,6271,73.4595
201210,6271,72.51454545454546
201211,6271,74.28999999999999
201212,6271,73.9395238095238
201207,6276,32.86230769230769
201208,6276,55.18454545454545
201209,6276,59.9655
201210,6276,50.50818181818182
201211,6276,43.995
201212,6276,46.58428571428571
201202,6278,34.339999999999996
201203,6278,34.0104347826087
201204,6278,30.869999999999997
201208,6281,30.69636363636364
201209,6281,31.693
201210,6281,30.83
201211,6281,30.147727272727273
201212,6281,30.418095238095237
201202,6285,30.554000000000002
201203,6285,31.375217391304346
201201,6286,115.59733333333334
201202,6286,145.425
201203,6286,155.93130434782609
201204,6286,148.6895
201205,6286,157.06136363636364
201206,6286,148.0104761904762
201207,6286,145.56545454545454
201208,6286,150.5681818181818
201209,6286,153.15550000000002
201210,6286,148.5868181818182
201211,6286,139.52954545454546
201212,6286,148.16809523809522
201202,6287,36.16294117647059
201203,6287,46.37444444444444
201204,6287,43.501999999999995
201205,6287,38.21818181818182
201206,6287,32.611428571428576
201207,6287,37.345454545454544
201208,6287,34.41045454545454
201209,6287,32.7845
201210,6287,31.659545454545455
201211,6287,30.36636363636364
201212,6287,31.797619047619047
201201,6289,30.598000000000003
201202,6289,47.304500000000004
201203,6289,49.07739130434783
201204,6289,42.353500000000004
201205,6289,40.04909090909091
201206,6289,36.76285714285714
201207,6289,31.83772727272727
201201,6291,62.564
201202,6291,76.7915
201203,6291,75.93695652173913
201204,6291,65.8105
201205,6291,43.846
201206,6291,33.0695
201207,6291,34.972500000000004
201212,6405,69.57000000000001
201212,6414,32.0625
201211,6504,31.334
201212,6504,35.45210526315789
201201,6505,60.653999999999996
201202,6505,60.8505
201203,6505,62.07304347826087
201204,6505,58.701499999999996
201205,6505,57.13818181818181
201206,6505,53.5852380952381
201207,6505,56.252272727272725
201208,6505,60.4859090909091
201209,6505,59.311
201210,6505,58.20454545454545
201211,6505,56.59090909090909
201212,6505,58.99238095238095
201201,6605,38.868
201202,6605,43.6395
201203,6605,43.11
201204,6605,39.67
201205,6605,42.19136363636364
201206,6605,41.41190476190476
201207,6605,42.195
201208,6605,43.983636363636364
201209,6605,43.1505
201210,6605,41.27227272727273
201211,6605,41.775909090909096
201212,6605,43.18095238095238
201201,6803,68.62599999999999
201202,6803,73.4645
201203,6803,74.85347826086957
201204,6803,74.2205
201205,6803,73.16363636363637
201206,6803,71.61190476190475
201207,6803,72.80454545454546
201208,6803,73.535
201209,6803,74.501
201210,6803,74.91
201211,6803,75.445
201212,6803,76.32190476190476
201201,8011,30.34333333333333
201202,8011,35.4075
201203,8011,34.59695652173913
201209,8011,30.131
201201,8038,77.46733333333333
201202,8038,85.29315789473684
201203,8038,88.39999999999999
201204,8038,89.30199999999999
201205,8038,81.6740909090909
201206,8038,86.50380952380952
201207,8038,85.42619047619048
201208,8038,84.09909090909092
201209,8038,82.5525
201210,8038,75.41772727272728
201211,8038,58.16090909090909
201212,8038,63.451
201201,8044,99.36533333333334
201202,8044,101.098
201203,8044,103.06652173913044
201204,8044,96.91749999999999
201205,8044,98.375
201206,8044,93.92809523809524
201207,8044,101.61045454545454
201208,8044,118.02727272727272
201209,8044,114.5065
201210,8044,109.52181818181818
201211,8044,90.02590909090908
201212,8044,91.1652380952381
201201,8046,46.23733333333333
201202,8046,52.3395
201203,8046,49.80695652173913
201204,8046,42.9145
201205,8046,36.92136363636364
201206,8046,33.77095238095238
201207,8046,35.18636363636364
201208,8046,37.77727272727273
201209,8046,36.269
201210,8046,31.42
201203,8054,30.893913043478257
201204,8054,31.9415
201205,8054,30.541363636363634
201203,8068,39.91105263157895
201202,8070,36.209
201203,8070,41.434347826086956
201204,8070,37.586
201205,8070,35.723181818181814
201206,8070,32.514761904761905
201207,8070,32.05318181818182
201208,8070,35.02090909090909
201209,8070,41.378499999999995
201210,8070,45.10727272727273
201211,8070,42.805454545454545
201212,8070,45.523809523809526
201201,8072,58.426
201202,8072,62.278999999999996
201203,8072,65.40782608695653
201204,8072,63.0065
201205,8072,62.85227272727273
201206,8072,59.22190476190477
201207,8072,60.666818181818186
201208,8072,61.567727272727275
201209,8072,62.55650000000001
201210,8072,62.02863636363636
201211,8072,61.028181818181814
201212,8072,61.28952380952381
201201,8077,40.14333333333333
201202,8077,43.943
201203,8077,66.95071428571428
201204,8077,65.29833333333333
201205,8077,53.40333333333333
201206,8077,46.475
201207,8077,37.9
201208,8077,39.57833333333333
201209,8077,44.5125
201210,8077,34.75222222222222
201211,8077,31.324166666666667
201201,8078,48.400666666666666
201202,8078,62.425
201203,8078,57.684347826086956
201204,8078,44.462
201205,8078,38.21590909090909
201206,8078,33.92619047619048
201209,8078,32.677499999999995
201212,8078,30.54285714285714
201201,8080,38.09466666666666
201202,8080,43.1315
201203,8080,42.339999999999996
201204,8080,35.4075
201205,8080,32.675909090909094
201206,8080,32.90428571428571
201207,8080,33.715714285714284
201208,8080,37.13590909090909
201209,8080,44.109500000000004
201210,8080,56.943636363636365
201211,8080,60.88454545454545
201212,8080,69.74428571428572
201202,8081,43.7005
201203,8081,47.97521739130435
201204,8081,42.902499999999996
201205,8081,39.81045454545455
201206,8081,36.35952380952381
201207,8081,37.17909090909091
201208,8081,39.87227272727273
201209,8081,42.906
201210,8081,42.02409090909091
201211,8081,41.289545454545454
201212,8081,45.55238095238095
201208,8083,32.27363636363636
201209,8083,30.4005
201201,8091,32.73133333333333
201202,8091,41.4755
201203,8091,45.50608695652174
201204,8091,41.454
201205,8091,39.94681818181818
201206,8091,37.29047619047619
201207,8091,40.805454545454545
201208,8091,43.58181818181818
201209,8091,44.7495
201210,8091,41.655454545454546
201211,8091,41.565
201212,8091,41.82857142857143
201203,8096,31.565217391304348
201201,8101,118.378
201202,8101,153.9725
201203,8101,144.35
201204,8101,119.6365
201205,8101,100.01136363636364
201206,8101,94.90666666666667
201207,8101,83.41454545454545
201208,8101,76.19136363636363
201209,8101,81.0385
201210,8101,76.6059090909091
201211,8101,73.99681818181818
201212,8101,90.01809523809524
201201,8121,35.51266666666667
201202,8121,50.881
201203,8121,54.369565217391305
201204,8121,46.977
201205,8121,43.33954545454546
201206,8121,41.3447619047619
201207,8121,36.76318181818181
201208,8121,33.74545454545454
201209,8121,39.9865
201210,8121,36.566818181818185
201211,8121,31.032727272727275
201212,8121,33.360476190476184
201203,8240,31.592173913043478
201201,8255,47.192
201202,8255,60.3535
201203,8255,59.33695652173913
201204,8255,49.745
201205,8255,45.13409090909091
201206,8255,43.99619047619048
201207,8255,45.33681818181818
201208,8255,45.99909090909091
201209,8255,43.9975
201210,8255,41.52409090909091
201211,8255,40.27818181818182
201212,8255,41.055238095238096
201211,8284,41.26625
201212,8284,42.0475
201201,8299,106.31733333333334
201202,8299,136.2225
201203,8299,142.72652173913045
201204,8299,126.918
201205,8299,121.08727272727273
201206,8299,128.18047619047618
201207,8299,133.5959090909091
201208,8299,136.5459090909091
201209,8299,133.124
201210,8299,132.33318181818183
201211,8299,116.39863636363636
201212,8299,113.54571428571428
201201,8374,33.40133333333333
201202,8374,39.929500000000004
201203,8374,40.88260869565217
201204,8374,38.093
201205,8374,33.839090909090906
201206,8374,31.735714285714284
201207,8374,32.07545454545454
201208,8374,34.032272727272726
201209,8374,31.553500000000003
201202,8390,32.3815
201203,8390,36.26347826086956
201204,8390,34.445499999999996
201208,8390,30.225454545454546
201204,8406,186.36
201205,8406,215.37272727272727
201206,8406,234.0947619047619
201207,8406,239.67363636363635
201208,8406,270.8822727272727
201209,8406,277.027
201210,8406,284.49954545454545
201211,8406,283.845
201212,8406,264.4833333333333
201203,8410,30.858260869565218
201201,8416,30.37
201202,8416,31.506470588235295
201203,8416,33.275
201204,8416,32.53142857142857
201205,8416,31.709333333333333
201209,8416,30.672000000000004
201201,8418,33.32066666666667
201202,8418,37.004000000000005
201203,8418,41.20173913043478
201204,8418,39.5135
201205,8418,38.336363636363636
201206,8418,36.41047619047619
201207,8418,37.335454545454546
201208,8418,34.56363636363636
201209,8418,31.616500000000002
201210,8418,30.81681818181818
201201,8422,79.13866666666667
201202,8422,89.826
201203,8422,97.61565217391303
201204,8422,100.3295
201205,8422,99.97000000000001
201206,8422,99.39857142857143
201207,8422,97.54727272727273
201208,8422,101.04272727272728
201209,8422,100.926
201210,8422,99.67045454545455
201211,8422,99.16272727272727
201212,8422,96.17666666666666
201201,8427,43.983333333333334
201202,8427,47.7765
201203,8427,46.69695652173913
201204,8427,51.2
201205,8427,50.71318181818182
201206,8427,46.82809523809524
201207,8427,48.02590909090909
201208,8427,51.73363636363637
201209,8427,52.9265
201210,8427,50.60227272727273
201211,8427,47.48363636363637
201212,8427,48.33571428571428
201211,8429,47.09916666666666
201212,8429,46.336190476190474
201204,8431,30.37
201201,8432,38.407333333333334
201202,8432,49.42263157894737
201203,8432,67.55000000000001
201204,8432,60.425
201205,8432,55.495000000000005
201206,8432,51.833333333333336
201207,8432,53.52409090909091
201208,8432,58.51818181818182
201209,8432,59.757000000000005
201210,8432,60.695
201211,8432,57.153636363636366
201212,8432,59.25428571428571
201202,8438,39.513999999999996
201203,8438,36.22375
201204,8438,33.98642857142857
201205,8438,33.29764705882353
201206,8438,33.124
201207,8438,31.92142857142857
201208,8438,31.488333333333333
201210,8438,30.12181818181818
201209,8443,70.08473684210526
201210,8443,61.32545454545455
201211,8443,61.72136363636364
201212,8443,57.017999999999994
201205,8934,44.12222222222223
201206,8934,36.54777777777778
201207,8934,35.61833333333333
201208,8934,33.462857142857146
201209,8934,40.1
201210,8934,53.44230769230769
201211,8934,55.05
201201,8941,39.172000000000004
201202,8941,53.939
201203,8941,50.418695652173916
201201,9914,40.158
201202,9914,44.348
201203,9914,54.41652173913043
201204,9914,58.984500000000004
201205,9914,63.84636363636364
201206,9914,63.13619047619047
201207,9914,71.62318181818182
201208,9914,75.03590909090909
201209,9914,73.7475
201210,9914,79.0690909090909
201211,9914,79.28818181818181
201212,9914,89.77285714285715
201202,9917,30.562
201203,9917,31.453478260869563
201204,9917,31.652499999999996
201205,9917,32.832727272727276
201206,9917,33.53380952380952
201207,9917,33.803636363636365
201208,9917,33.55590909090909
201209,9917,34.828500000000005
201210,9917,35.281363636363636
201211,9917,34.21545454545455
201212,9917,35.69
201201,9921,82.02733333333335
201202,9921,82.9455
201203,9921,90.17260869565216
201204,9921,96.2645
201205,9921,98.35454545454546
201206,9921,92.66428571428571
201207,9921,103.29727272727273
201208,9921,113.89
201209,9921,109.3355
201210,9921,110.89
201211,9921,103.14636363636363
201212,9921,116.03523809523809
201201,9928,90.43466666666667
201202,9928,85.4765
201203,9928,82.80217391304348
201204,9928,70.9245
201205,9928,65.45136363636364
201206,9928,59.63047619047619
201207,9928,60.28954545454545
201208,9928,62.516818181818174
201209,9928,76.179
201210,9928,73.56772727272727
201211,9928,67.59363636363636
201212,9928,68.13142857142857
201207,9933,30.573636363636364
201208,9933,31.139090909090907
201209,9933,32.6245
201210,9933,34.997727272727275
201211,9933,30.653636363636362
201212,9933,31.205714285714286
201201,9939,32.112
201202,9939,37.033
201203,9939,37.04347826086956
201204,9939,34.917500000000004
201205,9939,35.514545454545456
201206,9939,35.150952380952376
201207,9939,36.73727272727273
201208,9939,38.192727272727275
201209,9939,36.101
201210,9939,37.09590909090909
201211,9939,34.97
201212,9939,35.15761904761905
201202,9955,31.415499999999998
201203,9955,31.250434782608696
